analysis_start,analysis_end,participant_key,week_index,qualifying_messages,text_pasza
2026-06-25T18:00:00,2026-07-23T18:00:00,00f1d8952e3f414fc24851655c36be3a,0,3,3
2026-06-25T18:00:00,2026-07-23T18:00:00,017c09d1318079e4633e5bc3872163b2,0,1,1
2026-06-25T18:00:00,2026-07-23T18:00:00,017f0ee85794e2be8b22e6b116f28073,0,11,5
2026-06-25T18:00:00,2026-07-23T18:00:00,02c4a8420678704c8097a08f05c5a33e,0,170,17
2026-06-25T18:00:00,2026-07-23T18:00:00,036fcf93fe962f8da0fff4233bca23f6,0,15,2
2026-06-25T18:00:00,2026-07-23T18:00:00,042c03b05caaa540bd3c99c3048fe401,0,365,49
2026-06-25T18:00:00,2026-07-23T18:00:00,0430646fee46348bd1a69ec6aba1c39c,0,7,3
2026-06-25T18:00:00,2026-07-23T18:00:00,053ed82676fb95f173767c30724cd20d,0,1,1
2026-06-25T18:00:00,2026-07-23T18:00:00,05895609e6d563b52c5444efcb41a8fa,0,11,5
2026-06-25T18:00:00,2026-07-23T18:00:00,068cb3f0e9c247dffb9bf03bd2763613,0,62,53
2026-06-25T18:00:00,2026-07-23T18:00:00,0715995e7b1f57156703427ab80ecd66,0,32,18
2026-06-25T18:00:00,2026-07-23T18:00:00,078c7f61a73340dd7ff9557e769b9e0d,0,1,1
2026-06-25T18:00:00,2026-07-23T18:00:00,07cc399519be4c7383ba2a0fbeb5aff0,0,723,105
2026-06-25T18:00:00,2026-07-23T18:00:00,0888814985e4f5b471eaddfd2fee8adf,0,1884,168
2026-06-25T18:00:00,2026-07-23T18:00:00,08dda72f2a5f13eaad5b085b1d71e930,0,2,2
2026-06-25T18:00:00,2026-07-23T18:00:00,092eb82db289b804a48c7ef9c3f9f563,0,43,7
2026-06-25T18:00:00,2026-07-23T18:00:00,098d079763bed903759064d56ce3aa12,0,55,14
2026-06-25T18:00:00,2026-07-23T18:00:00,0a0b0b04b9e338df9ab8b6f44fd234b7,0,10,7
2026-06-25T18:00:00,2026-07-23T18:00:00,0aca4c0ee60e3346d609fed7d5d18727,0,40,40
2026-06-25T18:00:00,2026-07-23T18:00:00,0ad1a7652c7e4bad6d01375ef07893ca,0,494,81
2026-06-25T18:00:00,2026-07-23T18:00:00,0b2db8e1bc0ad7af84750850f71faa06,0,591,106
2026-06-25T18:00:00,2026-07-23T18:00:00,0b38a5977e0301a3440f32eda0bb1e3b,0,38,13
2026-06-25T18:00:00,2026-07-23T18:00:00,0b5426296e88a8e45c6123de708ebb16,0,72,22
2026-06-25T18:00:00,2026-07-23T18:00:00,0bd89b873b8f42f6ce3bebac45011322,0,3,2
2026-06-25T18:00:00,2026-07-23T18:00:00,0bddd415f5f22587099a347bd7f7bf19,0,131,46
2026-06-25T18:00:00,2026-07-23T18:00:00,0c716a596f29be4f11a65821c3faf100,0,2,1
2026-06-25T18:00:00,2026-07-23T18:00:00,0c9f4eaf4e84d722b3b800200623305c,0,1,1
2026-06-25T18:00:00,2026-07-23T18:00:00,0cac5cc650ceab9f048a613b54d4b3b9,0,594,118
2026-06-25T18:00:00,2026-07-23T18:00:00,0cd56f60a860990a7569035a6e7d4fb7,0,3106,151
2026-06-25T18:00:00,2026-07-23T18:00:00,0cdddf73800de81584048cb36d06d251,0,1,1
2026-06-25T18:00:00,2026-07-23T18:00:00,0ce93fa7c894bb5d0df1c64d015562b1,0,5,2
2026-06-25T18:00:00,2026-07-23T18:00:00,0d0e44bd6f35da0dfddcef6e17ef3e9e,0,6,2
2026-06-25T18:00:00,2026-07-23T18:00:00,0d286bd6bffcce255ff9ede98326d14f,0,1,1
2026-06-25T18:00:00,2026-07-23T18:00:00,0f01aca5b7f2ba2e960477d071221c48,0,8,3
2026-06-25T18:00:00,2026-07-23T18:00:00,1087833ea69a74856c5530bc04c81d0d,0,896,129
2026-06-25T18:00:00,2026-07-23T18:00:00,10e68e899c6881c6cf910b21ff555b1a,0,1,1
2026-06-25T18:00:00,2026-07-23T18:00:00,10eb5f15feabbf43d8cbcfdc0eb5fd11,0,99,37
2026-06-25T18:00:00,2026-07-23T18:00:00,1115ec127460f68657dff63eaf00417f,0,1,1
2026-06-25T18:00:00,2026-07-23T18:00:00,11e16fa25d8fd93e88ebe9ca321c0d2a,0,245,33
2026-06-25T18:00:00,2026-07-23T18:00:00,13127350274ef3bfde5890febd0fc0c6,0,1,1
2026-06-25T18:00:00,2026-07-23T18:00:00,1318f3065160c2daf6d3bcbee169c3f6,0,322,64
2026-06-25T18:00:00,2026-07-23T18:00:00,13eda2b33e1eb244689227ea8de6e0c1,0,1,1
2026-06-25T18:00:00,2026-07-23T18:00:00,13f6483e0ed00c190deb1aec7bc3c1f2,0,1,1
2026-06-25T18:00:00,2026-07-23T18:00:00,141335b7a8a78b337ab7fc179f80a7ed,0,192,24
2026-06-25T18:00:00,2026-07-23T18:00:00,1502f0009c20aaeba93eae877d034a20,0,7,3
2026-06-25T18:00:00,2026-07-23T18:00:00,152b52c12479f6d8fe9f7e5d44370f42,0,28,23
2026-06-25T18:00:00,2026-07-23T18:00:00,1a6f517eb4f82dcb03df1ac18ede7b8f,0,82,34
2026-06-25T18:00:00,2026-07-23T18:00:00,1ad404ef3599da1b4e9f9d53c8cbdf32,0,3,2
2026-06-25T18:00:00,2026-07-23T18:00:00,1b62495bad9f4ad2f5e5de7f42217ef8,0,1,1
2026-06-25T18:00:00,2026-07-23T18:00:00,1b766f3387db4a340163e484309a87ef,0,368,105
2026-06-25T18:00:00,2026-07-23T18:00:00,1bf40b1a8647d9ebc2723acd54d38771,0,1,1
2026-06-25T18:00:00,2026-07-23T18:00:00,1d0d380dbf77f336824f9062a28c12d2,0,1,1
2026-06-25T18:00:00,2026-07-23T18:00:00,1d5854538afa6ddcecf1b5b8a63d3260,0,4,2
2026-06-25T18:00:00,2026-07-23T18:00:00,1de89881845f9e94b00d17e74c5fa070,0,200,134
2026-06-25T18:00:00,2026-07-23T18:00:00,1e0c83769061f0eae93ec4dc7c19f860,0,125,62
2026-06-25T18:00:00,2026-07-23T18:00:00,1e2cae7f4bcab35c8ac7e898714ec750,0,6,4
2026-06-25T18:00:00,2026-07-23T18:00:00,1e8ac582c115696e613f947445975579,0,392,77
2026-06-25T18:00:00,2026-07-23T18:00:00,1edb79aabab46d6dc67da7cc0ea753ac,0,402,124
2026-06-25T18:00:00,2026-07-23T18:00:00,1fcf8126243a86d22187ba0cb1592cfa,0,72,66
2026-06-25T18:00:00,2026-07-23T18:00:00,217a843b36859107f1fdf358709959b4,0,1,1
2026-06-25T18:00:00,2026-07-23T18:00:00,219dc8a0e6224f0e529b81bffaaa5659,0,92,31
2026-06-25T18:00:00,2026-07-23T18:00:00,21ca2aaf7ab1a72a70030f9e52abe9c7,0,1,1
2026-06-25T18:00:00,2026-07-23T18:00:00,222e78a97d7836857c0c0a646b3af988,0,25,21
2026-06-25T18:00:00,2026-07-23T18:00:00,224b9f5ef9a538db24da1d8051a55e3c,0,55,13
2026-06-25T18:00:00,2026-07-23T18:00:00,2366384770bf216162710edd1a3412ee,0,2,1
2026-06-25T18:00:00,2026-07-23T18:00:00,23d527defa6d8dc04d93535868148dd9,0,458,115
2026-06-25T18:00:00,2026-07-23T18:00:00,24051284f5b821a99ede0caa344ca4c3,0,1,1
2026-06-25T18:00:00,2026-07-23T18:00:00,24ace3385ad1d601cf91bcf016396eba,0,133,22
2026-06-25T18:00:00,2026-07-23T18:00:00,24c91e977f22092e6c54bea0e6020259,0,3,3
2026-06-25T18:00:00,2026-07-23T18:00:00,24e96aeb75c2a0ee13ca7a5b3e895fcf,0,29,8
2026-06-25T18:00:00,2026-07-23T18:00:00,255d7c8ce50394cdf376266d475b4b09,0,6,2
2026-06-25T18:00:00,2026-07-23T18:00:00,25aeec9260283b7945572e0ec01799a3,0,172,49
2026-06-25T18:00:00,2026-07-23T18:00:00,25f194804492eeac36b04362f11f5c37,0,52,8
2026-06-25T18:00:00,2026-07-23T18:00:00,26056456102685ee69648ba059bf9403,0,66,7
2026-06-25T18:00:00,2026-07-23T18:00:00,26f3725420cfdf2c9f27116d85cfb367,0,2,1
2026-06-25T18:00:00,2026-07-23T18:00:00,27bd70f7be14cd8e422bfd08f375d81d,0,3,1
2026-06-25T18:00:00,2026-07-23T18:00:00,28c347d542e1868cd82731d1d1690b09,0,5,2
2026-06-25T18:00:00,2026-07-23T18:00:00,28db46031e46cbc492b96d5341bdcdfa,0,1132,165
2026-06-25T18:00:00,2026-07-23T18:00:00,297ab238e28e827a5393691b3500e3b2,0,2,1
2026-06-25T18:00:00,2026-07-23T18:00:00,29dc38c6029158c44cbe0b7eeecb11f7,0,1,1
2026-06-25T18:00:00,2026-07-23T18:00:00,29e2b1a645a48e2612ea9d7a39e40c2f,0,33,16
2026-06-25T18:00:00,2026-07-23T18:00:00,2ac5515b287bae0fd6db926bc6e2fcd2,0,103,9
2026-06-25T18:00:00,2026-07-23T18:00:00,2baefcec2c3c30e2f4941c6c43ea4ff0,0,5,3
2026-06-25T18:00:00,2026-07-23T18:00:00,2c4ae81fa946ea44d5536d05efa14d84,0,32,6
2026-06-25T18:00:00,2026-07-23T18:00:00,2c9fdbeb4a46789a29950dd0eded3457,0,4,2
2026-06-25T18:00:00,2026-07-23T18:00:00,2ca18c59edd5419a2f55380e7056113e,0,1,1
2026-06-25T18:00:00,2026-07-23T18:00:00,2d5aeb856230300a3b6cf6246857c611,0,7,7
2026-06-25T18:00:00,2026-07-23T18:00:00,2df38b9cb60ba36544dea0089d80b0ca,0,2001,168
2026-06-25T18:00:00,2026-07-23T18:00:00,2e2235738ac5f7c04ed53f05bdba5e98,0,531,111
2026-06-25T18:00:00,2026-07-23T18:00:00,2e6a34a4a888fe0f14dd2a647dc9f2bd,0,1,1
2026-06-25T18:00:00,2026-07-23T18:00:00,2fb0eeffba8447e2f614b215419a0d23,0,2,2
2026-06-25T18:00:00,2026-07-23T18:00:00,2fca2f407afa2e3eb7e9e4b45fd99eb4,0,5,2
2026-06-25T18:00:00,2026-07-23T18:00:00,2fe0d557e3e835b6b76eda8c9716f42a,0,101,28
2026-06-25T18:00:00,2026-07-23T18:00:00,305fe8850100343ae40d4d2c7e53eb7e,0,5500,168
2026-06-25T18:00:00,2026-07-23T18:00:00,318a1fa0531eff6a26fa4f71f2064ff3,0,1,1
2026-06-25T18:00:00,2026-07-23T18:00:00,318f2e979b1a594faec98668d3ab88ee,0,3,1
2026-06-25T18:00:00,2026-07-23T18:00:00,318fdb7c70442de3429724e85e9c80ab,0,15,6
2026-06-25T18:00:00,2026-07-23T18:00:00,333940a298ec71eb130f83d58aa8a78c,0,1,1
2026-06-25T18:00:00,2026-07-23T18:00:00,33fb50209e121f98d7ae5939aaf33c17,0,5,3
2026-06-25T18:00:00,2026-07-23T18:00:00,347ddcce2f93c71ac31f3d7dbfa8c26c,0,23,9
2026-06-25T18:00:00,2026-07-23T18:00:00,34fd48a779fb19d7dc72a396c52cf456,0,8,5
2026-06-25T18:00:00,2026-07-23T18:00:00,36088d4d3c4277630580660050b83d99,0,140,36
2026-06-25T18:00:00,2026-07-23T18:00:00,36bcacc1bb558f143a2ab5b75a51096d,0,25,4
2026-06-25T18:00:00,2026-07-23T18:00:00,36e9bc931a953b27a07cec9cefc4e3c1,0,3,2
2026-06-25T18:00:00,2026-07-23T18:00:00,3714bd7d36bc143fafc0f87024aa71d6,0,1,1
2026-06-25T18:00:00,2026-07-23T18:00:00,3738b8efb2b8353db96850eeea9f1448,0,1,1
2026-06-25T18:00:00,2026-07-23T18:00:00,37ec7b61dd5ac9fc3937d5ad773d1adf,0,1,1
2026-06-25T18:00:00,2026-07-23T18:00:00,381a9a92cb5149e1f54a16ed39a22aec,0,4,3
2026-06-25T18:00:00,2026-07-23T18:00:00,388799840d5694a9f3d080106b6acf06,0,13,7
2026-06-25T18:00:00,2026-07-23T18:00:00,392dd897b4808b7efbef0c05293afe88,0,1,1
2026-06-25T18:00:00,2026-07-23T18:00:00,3965a17251852f6aeb30a09fbd559cdc,0,2,2
2026-06-25T18:00:00,2026-07-23T18:00:00,3ac5f4300a6c3e9f11a3cad354f1e819,0,128,32
2026-06-25T18:00:00,2026-07-23T18:00:00,3b7186acbc02a1f5618530031a63b210,0,4,4
2026-06-25T18:00:00,2026-07-23T18:00:00,3c60395f79942f9a060f05074aba20fd,0,44,12
2026-06-25T18:00:00,2026-07-23T18:00:00,3c7f5aca9eaac7550198f04bf5408798,0,3,1
2026-06-25T18:00:00,2026-07-23T18:00:00,3d01092e583f14ce82e423b534846fa3,0,2,2
2026-06-25T18:00:00,2026-07-23T18:00:00,3d5ff8236788a8affc4991e44580e59d,0,2,2
2026-06-25T18:00:00,2026-07-23T18:00:00,3d620130164e3e1d9a301eac96f25e19,0,7,2
2026-06-25T18:00:00,2026-07-23T18:00:00,3e3321c67c7a19cafa857bb46173c1f2,0,507,65
2026-06-25T18:00:00,2026-07-23T18:00:00,3e4e21b465ab43752fd1952475c24a7d,0,1,1
2026-06-25T18:00:00,2026-07-23T18:00:00,3e55c8d4b33c6ece6c6e92e123db2d40,0,13,7
2026-06-25T18:00:00,2026-07-23T18:00:00,3e8a28b4491560d004cc11a4bb1e16e0,0,686,87
2026-06-25T18:00:00,2026-07-23T18:00:00,3f062a4c1418f88b06b56588671a0763,0,13,4
2026-06-25T18:00:00,2026-07-23T18:00:00,3f3a7d0cf1dd13056789ce07be4e91af,0,4,3
2026-06-25T18:00:00,2026-07-23T18:00:00,40b01581dea94c2dfd80b97524bef218,0,2,1
2026-06-25T18:00:00,2026-07-23T18:00:00,40d39503a5d567812816cdd1df1ff966,0,39,23
2026-06-25T18:00:00,2026-07-23T18:00:00,41e0108e2b28245351b1b520add168f3,0,5,4
2026-06-25T18:00:00,2026-07-23T18:00:00,41ef92be6e10181673c326bbb63d6b3d,0,1,1
2026-06-25T18:00:00,2026-07-23T18:00:00,42c39de631a67e10e6fdf9276d91ef8c,0,25,15
2026-06-25T18:00:00,2026-07-23T18:00:00,42d4ba4932f45dd5b9df1d8afb3747db,0,279,37
2026-06-25T18:00:00,2026-07-23T18:00:00,432879613d1e026d172040a914c74137,0,17,10
2026-06-25T18:00:00,2026-07-23T18:00:00,437f206178d5704eabb7ca648238f187,0,14,14
2026-06-25T18:00:00,2026-07-23T18:00:00,43b1f6a1092b73e2f1ed1a6157a27c97,0,324,103
2026-06-25T18:00:00,2026-07-23T18:00:00,447edc925465d47e3028c3bd94879271,0,22,7
2026-06-25T18:00:00,2026-07-23T18:00:00,465519ca40f19b73f6c67c6351f45c80,0,481,100
2026-06-25T18:00:00,2026-07-23T18:00:00,46ae4183085e2dbe76e56146a3702da9,0,279,41
2026-06-25T18:00:00,2026-07-23T18:00:00,47801e5537d6e569e2152032e240e3f7,0,1,1
2026-06-25T18:00:00,2026-07-23T18:00:00,48ee5ea6d9e621275d0a702db0deac20,0,35,12
2026-06-25T18:00:00,2026-07-23T18:00:00,493c428739d1f074a42f02a7f57cbfe7,0,33,16
2026-06-25T18:00:00,2026-07-23T18:00:00,498956c778550aa09d1f62bf25a09b9c,0,8,7
2026-06-25T18:00:00,2026-07-23T18:00:00,49d9e84218630bbb30f98bf8192fb663,0,116,30
2026-06-25T18:00:00,2026-07-23T18:00:00,49dbf07b6e290df9e21627c9d1289827,0,316,75
2026-06-25T18:00:00,2026-07-23T18:00:00,49e1a1500a9bb8f9e3485a73ac9037dd,0,10,2
2026-06-25T18:00:00,2026-07-23T18:00:00,4a2b0764eb0a72c71cfc419471d25170,0,1,1
2026-06-25T18:00:00,2026-07-23T18:00:00,4a4c43e34f5c8cb1183fb3f637c975aa,0,1,1
2026-06-25T18:00:00,2026-07-23T18:00:00,4a9972a1cc717e9569cbdcf1bdc61a9d,0,264,69
2026-06-25T18:00:00,2026-07-23T18:00:00,4aa6a86da2fc7d20b2f120ea0ea34c22,0,1,1
2026-06-25T18:00:00,2026-07-23T18:00:00,4b436a30c655c7d7304180a63c404b5c,0,188,43
2026-06-25T18:00:00,2026-07-23T18:00:00,4b60b799c849a948826a27db0063e13f,0,1,1
2026-06-25T18:00:00,2026-07-23T18:00:00,4cbca2da7136c03c172133891cc5f700,0,227,163
2026-06-25T18:00:00,2026-07-23T18:00:00,4ce98d840e3eafde8a73e59f42ff9fd3,0,7,6
2026-06-25T18:00:00,2026-07-23T18:00:00,4d48f42a2d451781676a0b9e69259c93,0,2,2
2026-06-25T18:00:00,2026-07-23T18:00:00,4ed3221fa003d97448c4e021a658ce37,0,88,30
2026-06-25T18:00:00,2026-07-23T18:00:00,4f1d369854f9191f20451025d10b5103,0,1,1
2026-06-25T18:00:00,2026-07-23T18:00:00,4f202fe8eed5ab7e41c5855b0ceaf10f,0,1,1
2026-06-25T18:00:00,2026-07-23T18:00:00,4f732d54e1a653fe5f425960b5410883,0,411,133
2026-06-25T18:00:00,2026-07-23T18:00:00,51e4843d89733b91015011222e50241b,0,86,26
2026-06-25T18:00:00,2026-07-23T18:00:00,51eecf5edf4d3841a015417add7979ff,0,1,1
2026-06-25T18:00:00,2026-07-23T18:00:00,525c0769f09940671513f56f2e3775ff,0,18,6
2026-06-25T18:00:00,2026-07-23T18:00:00,526cfba0d1305aed2ff7ac2efd2dcede,0,13,2
2026-06-25T18:00:00,2026-07-23T18:00:00,55328aa9b2d3daef2c93ba12718acba7,0,1,1
2026-06-25T18:00:00,2026-07-23T18:00:00,55576c10666e1aeb8b851287ad157c72,0,1830,168
2026-06-25T18:00:00,2026-07-23T18:00:00,55c7e2d26038eda6eaa0424c9fb64c38,0,10,8
2026-06-25T18:00:00,2026-07-23T18:00:00,55dc8e8c025ef9478e3d00cfccd18f83,0,21,6
2026-06-25T18:00:00,2026-07-23T18:00:00,55de3ffed70e2836825bf1912489d969,0,6,3
2026-06-25T18:00:00,2026-07-23T18:00:00,55eda0060e28a08fc8ebfd25d1e6f7ca,0,5,3
2026-06-25T18:00:00,2026-07-23T18:00:00,5686bd4c2943d2b18dacb31746e2dd23,0,1,1
2026-06-25T18:00:00,2026-07-23T18:00:00,5696d00702e33b47443ed45a3b864cca,0,1,1
2026-06-25T18:00:00,2026-07-23T18:00:00,56cb5a7828cc6b51c3fe977cf4c96195,0,2,2
2026-06-25T18:00:00,2026-07-23T18:00:00,57d1e8e27caa1d2e3a2c2e5d39c2bfcd,0,794,108
2026-06-25T18:00:00,2026-07-23T18:00:00,57e4fe78fa8c517f00c7c8e5318f2b54,0,1,1
2026-06-25T18:00:00,2026-07-23T18:00:00,58582b0f7b79b297cca466f7d4c8c8ad,0,1,1
2026-06-25T18:00:00,2026-07-23T18:00:00,59c1d239ecf855d855253a199c8c47e8,0,1,1
2026-06-25T18:00:00,2026-07-23T18:00:00,5a2d5cf39e780626f99ffce30abd01a0,0,9,6
2026-06-25T18:00:00,2026-07-23T18:00:00,5af4686b8784a8aecc040909a36f47da,0,23,2
2026-06-25T18:00:00,2026-07-23T18:00:00,5afa8cc5ae2b9fac84c9ec6d790044bd,0,1,1
2026-06-25T18:00:00,2026-07-23T18:00:00,5b5a7539a99261d1bee8a28679b6075b,0,18,3
2026-06-25T18:00:00,2026-07-23T18:00:00,5c2798c8938451e3efb5d24511278c85,0,1,1
2026-06-25T18:00:00,2026-07-23T18:00:00,5c47be865b35eafa199a4c4ca8078952,0,202,72
2026-06-25T18:00:00,2026-07-23T18:00:00,5d4cac283990380b04efb394b6235b96,0,12,3
2026-06-25T18:00:00,2026-07-23T18:00:00,5e4f9b61c7a794beb62c967101c3fbf4,0,4,3
2026-06-25T18:00:00,2026-07-23T18:00:00,5e8436d032a6bbd8b9b996955feb9d0f,0,2,1
2026-06-25T18:00:00,2026-07-23T18:00:00,5e95b5367427c1bd04a0780d551fa638,0,53,19
2026-06-25T18:00:00,2026-07-23T18:00:00,5ea33e0a3815bae36dbfd973751e0fad,0,7,5
2026-06-25T18:00:00,2026-07-23T18:00:00,5ed09cc533ec3660062a787c30b22333,0,114,40
2026-06-25T18:00:00,2026-07-23T18:00:00,5ed99870f6009799436a8485eaa0a4f0,0,148,12
2026-06-25T18:00:00,2026-07-23T18:00:00,5ef79fe1e4770854269b7eca67621a5d,0,1,1
2026-06-25T18:00:00,2026-07-23T18:00:00,603087f8f63b1674bc713ad0d8e9fa58,0,61,33
2026-06-25T18:00:00,2026-07-23T18:00:00,60e1a0e052a4a8d45f91aefaafdf39a1,0,1,1
2026-06-25T18:00:00,2026-07-23T18:00:00,60e73f2d8ce44f2ff4fb86da7ddd8756,0,365,113
2026-06-25T18:00:00,2026-07-23T18:00:00,618aa64b1a6deaf2781f5bffc3498cba,0,99,82
2026-06-25T18:00:00,2026-07-23T18:00:00,61fd77c37fdf3c0426ff9b2e6ccba126,0,2,2
2026-06-25T18:00:00,2026-07-23T18:00:00,6386efd072147ed057c05b898161d6d8,0,2,1
2026-06-25T18:00:00,2026-07-23T18:00:00,6505a7dfc19cae82f1f9f383d675023f,0,13,10
2026-06-25T18:00:00,2026-07-23T18:00:00,656c7ec350202bee7fb07662031ab6f7,0,22,13
2026-06-25T18:00:00,2026-07-23T18:00:00,65990b581fe979aedf1cd56de5a36dd8,0,172,28
2026-06-25T18:00:00,2026-07-23T18:00:00,65d2d9423af9560bb10b01a63b7c3544,0,48,17
2026-06-25T18:00:00,2026-07-23T18:00:00,65f85feb63e83b09f5fc2662a24bce01,0,1,1
2026-06-25T18:00:00,2026-07-23T18:00:00,668c6e37899817b662a6371666242909,0,115,26
2026-06-25T18:00:00,2026-07-23T18:00:00,66aa995c3cdabfe65f2f07ed5b4ea7d5,0,3,3
2026-06-25T18:00:00,2026-07-23T18:00:00,66d5a82367a3fdf0071f15f9cd3e7055,0,63,35
2026-06-25T18:00:00,2026-07-23T18:00:00,66fc9cdda853afa4b0761ec29926ef3a,0,3,3
2026-06-25T18:00:00,2026-07-23T18:00:00,67873bf0337020dbc9df0a63c694a980,0,10,7
2026-06-25T18:00:00,2026-07-23T18:00:00,67bdda446377deb778936d8eb37ae225,0,93,19
2026-06-25T18:00:00,2026-07-23T18:00:00,6880207be8f94a0483393d064c4a4e75,0,2,2
2026-06-25T18:00:00,2026-07-23T18:00:00,698112f0809ef8c8b73eb75dcf3b1733,0,1,1
2026-06-25T18:00:00,2026-07-23T18:00:00,69c5341153a2ea3222b0b25d4a08f1e3,0,4,1
2026-06-25T18:00:00,2026-07-23T18:00:00,6a06e913546c25c0e64c67aeabbc403f,0,30,10
2026-06-25T18:00:00,2026-07-23T18:00:00,6b3c0a5b41f7ddc3c2f2adc64a431551,0,2,2
2026-06-25T18:00:00,2026-07-23T18:00:00,6ba34a57ac168764effa197387468ef7,0,1,1
2026-06-25T18:00:00,2026-07-23T18:00:00,6bf32ba65b6a89121bf50f48060241f3,0,45,22
2026-06-25T18:00:00,2026-07-23T18:00:00,6e8073d006c1fb5c7793535d49d7b28f,0,32,9
2026-06-25T18:00:00,2026-07-23T18:00:00,6f04eb174e620d03e70132af779fa9b2,0,3,2
2026-06-25T18:00:00,2026-07-23T18:00:00,6f5514e7c27868a6bb3c3eb1ff6edbb5,0,126,17
2026-06-25T18:00:00,2026-07-23T18:00:00,701cac8f1f91a30cc9799439d9feff39,0,7,4
2026-06-25T18:00:00,2026-07-23T18:00:00,709d02d6be75c5cd061827d70853b7fd,0,525,126
2026-06-25T18:00:00,2026-07-23T18:00:00,72c7433c52cb6eda1c7d00cef1b602a9,0,27,4
2026-06-25T18:00:00,2026-07-23T18:00:00,72e5571d7e5089980fe0e8f56a6c5094,0,53,25
2026-06-25T18:00:00,2026-07-23T18:00:00,73b34f3d25abe23d33c0d97e8850cc6c,0,4,1
2026-06-25T18:00:00,2026-07-23T18:00:00,73e85c9e41f0ce4561c7d4dde748e0f2,0,11,11
2026-06-25T18:00:00,2026-07-23T18:00:00,740925ad7d02572a4e1b8f71f11ab261,0,3,2
2026-06-25T18:00:00,2026-07-23T18:00:00,74a6308dc6da9d40d01ef9512583b03c,0,1,1
2026-06-25T18:00:00,2026-07-23T18:00:00,7552be7e2f5db557b9307f69bfc3538b,0,4,3
2026-06-25T18:00:00,2026-07-23T18:00:00,7553458fc2ad71d91ac7ddfe4931b269,0,2,1
2026-06-25T18:00:00,2026-07-23T18:00:00,76a6e6054038f4c08e5b26f3ba49cfe2,0,5,3
2026-06-25T18:00:00,2026-07-23T18:00:00,770478f6a892a2b1a0dd5806d6fd99d0,0,1,1
2026-06-25T18:00:00,2026-07-23T18:00:00,77219de07a831be61f7369b589ccc5a4,0,1,1
2026-06-25T18:00:00,2026-07-23T18:00:00,77870984841482e14c9ea4670c902b92,0,2,2
2026-06-25T18:00:00,2026-07-23T18:00:00,77a542f7af26e159a59727d4f58b5045,0,7,3
2026-06-25T18:00:00,2026-07-23T18:00:00,77c3e59c8d1a3c431e96d65f21ae6516,0,5,2
2026-06-25T18:00:00,2026-07-23T18:00:00,7822c98271b3de3601f2e307dbaf0ffc,0,1848,168
2026-06-25T18:00:00,2026-07-23T18:00:00,798a01e35a89071c796a00a79cb8385f,0,1,1
2026-06-25T18:00:00,2026-07-23T18:00:00,7a0d8e7ddae75f6cba4092350f931976,0,2,1
2026-06-25T18:00:00,2026-07-23T18:00:00,7a8360d1b285fb7c8fb4d5ed93b1e996,0,2,2
2026-06-25T18:00:00,2026-07-23T18:00:00,7b88e3445705c883ee9b9c3395bd319c,0,1112,152
2026-06-25T18:00:00,2026-07-23T18:00:00,7b9eb455b1098dce2d7718a4080b72e1,0,10,4
2026-06-25T18:00:00,2026-07-23T18:00:00,7c17ce1bb6468aeefc2c3d2950c6a0ee,0,2,1
2026-06-25T18:00:00,2026-07-23T18:00:00,7c7bc06f895c8638705ba3ccdb8841b4,0,12,4
2026-06-25T18:00:00,2026-07-23T18:00:00,7ca046be309fee780f33894da17ede45,0,876,149
2026-06-25T18:00:00,2026-07-23T18:00:00,7cb5c3700efc3300396b2eeeaa5be228,0,71,28
2026-06-25T18:00:00,2026-07-23T18:00:00,7cf0b8c48d83ef610d5ad24927026a45,0,3,1
2026-06-25T18:00:00,2026-07-23T18:00:00,7d8d55ae06e3b3c4c6e460ac92a78063,0,3,2
2026-06-25T18:00:00,2026-07-23T18:00:00,7e21cd0c09fd50085e6f6fb5f033c028,0,6,3
2026-06-25T18:00:00,2026-07-23T18:00:00,7e8746c2cabab529635225844b284aad,0,2,1
2026-06-25T18:00:00,2026-07-23T18:00:00,7e902ea5a372534ad6c301228461c0b5,0,15,4
2026-06-25T18:00:00,2026-07-23T18:00:00,7ef4bca9636f51744922e40d6bc15a49,0,3,1
2026-06-25T18:00:00,2026-07-23T18:00:00,7f3b63ff6aeb80a13c3a34ae75a7e489,0,1,1
2026-06-25T18:00:00,2026-07-23T18:00:00,7fd0895ae1b343d8a85ac5b0d835a1aa,0,2,1
2026-06-25T18:00:00,2026-07-23T18:00:00,8009d74c06502f72dae3a4b2b30d347d,0,3,3
2026-06-25T18:00:00,2026-07-23T18:00:00,8046fe40c78da7e756f2e140528ebfe2,0,19,11
2026-06-25T18:00:00,2026-07-23T18:00:00,80b73881ade0e2aee5df135bebd50387,0,897,133
2026-06-25T18:00:00,2026-07-23T18:00:00,80e81d1739fe51d5cf714be8300119c5,0,30,25
2026-06-25T18:00:00,2026-07-23T18:00:00,81ea219d72e5281520a523c5e6236c7c,0,3,2
2026-06-25T18:00:00,2026-07-23T18:00:00,821348545342ca6417537051e3b8bd8b,0,1,1
2026-06-25T18:00:00,2026-07-23T18:00:00,82da9d2d9ecb8a3a873534356b1f7a70,0,42,42
2026-06-25T18:00:00,2026-07-23T18:00:00,82f7131827d9e248f2c57651d4482ea4,0,158,35
2026-06-25T18:00:00,2026-07-23T18:00:00,83ab6b04cec3e84e4951afd08a212b56,0,6,4
2026-06-25T18:00:00,2026-07-23T18:00:00,840e2a666ef2d4c546085bfd6b36e05e,0,6,4
2026-06-25T18:00:00,2026-07-23T18:00:00,8437084b31b8ea638c058e4c2a32fc2a,0,68,25
2026-06-25T18:00:00,2026-07-23T18:00:00,8491ebcff4f70de618e2683e64ac1f18,0,1,1
2026-06-25T18:00:00,2026-07-23T18:00:00,8535a92caf48287705b36377e2d35e6f,0,3,3
2026-06-25T18:00:00,2026-07-23T18:00:00,855cf69d9da3f3e47ba8c601c0faa0e5,0,152,61
2026-06-25T18:00:00,2026-07-23T18:00:00,86121948e45edee3fa73930c16af5326,0,788,58
2026-06-25T18:00:00,2026-07-23T18:00:00,86174aa0e22b3088832ce536b6b906a1,0,10,7
2026-06-25T18:00:00,2026-07-23T18:00:00,8755358cf86fe508027c709418e07430,0,3,3
2026-06-25T18:00:00,2026-07-23T18:00:00,8831f5eee78f6095613dc383de20b015,0,10,7
2026-06-25T18:00:00,2026-07-23T18:00:00,88dee69f8aed158437d73cdd6a78658b,0,7,6
2026-06-25T18:00:00,2026-07-23T18:00:00,88e3ccca7711f62122e04662dc7750bc,0,1,1
2026-06-25T18:00:00,2026-07-23T18:00:00,891703803264e7c799473727d6b5511e,0,73,37
2026-06-25T18:00:00,2026-07-23T18:00:00,8957461fe4f3b9f4aa8643171c270a0f,0,1,1
2026-06-25T18:00:00,2026-07-23T18:00:00,897f56fcde6eb3cae6ddf819c38d5795,0,858,105
2026-06-25T18:00:00,2026-07-23T18:00:00,8996d63f7299e5577a7e0868bc3a6f64,0,2,1
2026-06-25T18:00:00,2026-07-23T18:00:00,8a6aed51cbfa7e634b4a8b241694d425,0,2,2
2026-06-25T18:00:00,2026-07-23T18:00:00,8a6c6c31b7f6cf9c4f6b8f1948a21435,0,22,12
2026-06-25T18:00:00,2026-07-23T18:00:00,8b627a77f224042cfa92c7c29c2dd5d8,0,2,1
2026-06-25T18:00:00,2026-07-23T18:00:00,8ba793c46db6a1e22c8f435fb730ac26,0,1,1
2026-06-25T18:00:00,2026-07-23T18:00:00,8babb7b21ee025c80a08bf9bbf3c69bc,0,3,1
2026-06-25T18:00:00,2026-07-23T18:00:00,8be5d162127e38f7d3c07e8ed4a891ad,0,7,4
2026-06-25T18:00:00,2026-07-23T18:00:00,8c1e23a9833419dac5b6b6c1213c0513,0,132,33
2026-06-25T18:00:00,2026-07-23T18:00:00,8c38355de4283e68dc723f1572f79a6e,0,91,31
2026-06-25T18:00:00,2026-07-23T18:00:00,8c92ad5c038b67f8d0c8006249e4e3da,0,2,1
2026-06-25T18:00:00,2026-07-23T18:00:00,8cc35ae2eeb3fe81bff5e63a10397b4c,0,1,1
2026-06-25T18:00:00,2026-07-23T18:00:00,8cc3c094c55eff4d614fb8703ee5dd63,0,1,1
2026-06-25T18:00:00,2026-07-23T18:00:00,8d96d95fe1759cf187a8ab6601950f11,0,616,135
2026-06-25T18:00:00,2026-07-23T18:00:00,8e18c305cab9b70969de4a618cf13d09,0,1,1
2026-06-25T18:00:00,2026-07-23T18:00:00,8e1e1480b5b7d30fde86880483709c27,0,3228,168
2026-06-25T18:00:00,2026-07-23T18:00:00,8e3979839b55fb74fc3caddedfcdc53e,0,2816,168
2026-06-25T18:00:00,2026-07-23T18:00:00,8eebf7103fe3600c85bbb94eb7db6f97,0,195,91
2026-06-25T18:00:00,2026-07-23T18:00:00,90e3e1e29ea7436ec75e88b54c6bdcb3,0,1,1
2026-06-25T18:00:00,2026-07-23T18:00:00,915c90e617bb8ef6e1636f0a5329df3d,0,3,3
2026-06-25T18:00:00,2026-07-23T18:00:00,91e16722b2962a26bfcc784b8f28dffd,0,10,3
2026-06-25T18:00:00,2026-07-23T18:00:00,92568613b63eb7f879abf47c8460dc5e,0,12,3
2026-06-25T18:00:00,2026-07-23T18:00:00,932b7797f6848afb4ee4102d9082acf0,0,12,6
2026-06-25T18:00:00,2026-07-23T18:00:00,932f955d21906700c32ada37766bfacf,0,15,5
2026-06-25T18:00:00,2026-07-23T18:00:00,93a8a45ffaaf778db793164c7ca96b73,0,2,2
2026-06-25T18:00:00,2026-07-23T18:00:00,944378252fa50d0659c4623bebff5822,0,2,2
2026-06-25T18:00:00,2026-07-23T18:00:00,959bd9ad164901a9e7423b644ffb81c5,0,12,7
2026-06-25T18:00:00,2026-07-23T18:00:00,962cebaf9d8ceca99307253d1a83d28e,0,31,13
2026-06-25T18:00:00,2026-07-23T18:00:00,96b683ca942fa1827c237db4be6c6df0,0,658,91
2026-06-25T18:00:00,2026-07-23T18:00:00,97e045ea6b711249ad2fe019178e4e3f,0,22,8
2026-06-25T18:00:00,2026-07-23T18:00:00,97e07881652b1f0957df5095c223a0fc,0,1,1
2026-06-25T18:00:00,2026-07-23T18:00:00,9a973947252ae49552fbe88d9558f86b,0,1,1
2026-06-25T18:00:00,2026-07-23T18:00:00,9bc10a948a4d5d9090008bd15304d5cd,0,9,8
2026-06-25T18:00:00,2026-07-23T18:00:00,9bed5cbf1f7150f413123738302842cd,0,2,2
2026-06-25T18:00:00,2026-07-23T18:00:00,9c26d93da4825a1c11da6d92cc060cac,0,1,1
2026-06-25T18:00:00,2026-07-23T18:00:00,9c3a950e644398e844895263deaf1a94,0,49,33
2026-06-25T18:00:00,2026-07-23T18:00:00,9e186f534b1e0a275e2e1028e039d530,0,1,1
2026-06-25T18:00:00,2026-07-23T18:00:00,9f00b2fd7e78795d4c023a8c72964d8b,0,3,2
2026-06-25T18:00:00,2026-07-23T18:00:00,9f6196cf9b261631f5405da7dc4d80ac,0,2,2
2026-06-25T18:00:00,2026-07-23T18:00:00,9f7a49d1ff76008d47c7c9bf0ac52ec5,0,164,26
2026-06-25T18:00:00,2026-07-23T18:00:00,a049a35865e0d9fe9158428f8dddaff0,0,1,1
2026-06-25T18:00:00,2026-07-23T18:00:00,a0b1721fa49c098d7acf998ac906ed81,0,132,28
2026-06-25T18:00:00,2026-07-23T18:00:00,a0d3ee1862ea8fdfa3ee35e44c9e446f,0,2,1
2026-06-25T18:00:00,2026-07-23T18:00:00,a0fab0d89df51bd95c83943ab07018cc,0,3,3
2026-06-25T18:00:00,2026-07-23T18:00:00,a11008568e03df8a69ca7bf65a8eb016,0,1,1
2026-06-25T18:00:00,2026-07-23T18:00:00,a12672e915470215cabffd10da38e08a,0,2,1
2026-06-25T18:00:00,2026-07-23T18:00:00,a153dc0e097bbac7c1fb1c61fdb38ed5,0,3,2
2026-06-25T18:00:00,2026-07-23T18:00:00,a19ad359c3ca2c72b795db73f48f882a,0,1,1
2026-06-25T18:00:00,2026-07-23T18:00:00,a3159405502a0a19793c327c755ca61b,0,6,4
2026-06-25T18:00:00,2026-07-23T18:00:00,a3e33ffa6efca55dac543bd8b0659d14,0,1,1
2026-06-25T18:00:00,2026-07-23T18:00:00,a451f3f237f5db71a95498ff0e37093a,0,1,1
2026-06-25T18:00:00,2026-07-23T18:00:00,a56bc1a3aa85c5bbf6aeb627e1782514,0,55,20
2026-06-25T18:00:00,2026-07-23T18:00:00,a5a06e37187adad020e53b75d8c266f1,0,1,1
2026-06-25T18:00:00,2026-07-23T18:00:00,a5a3a5325f66105f09e1b2c387ad6cae,0,3,3
2026-06-25T18:00:00,2026-07-23T18:00:00,a60a3722b75421a544e001bfd919bc06,0,20,16
2026-06-25T18:00:00,2026-07-23T18:00:00,a624c7215d143e420315ca5b2dae875f,0,5,3
2026-06-25T18:00:00,2026-07-23T18:00:00,a6ea702f815062f6c790fee9af9cae89,0,81,19
2026-06-25T18:00:00,2026-07-23T18:00:00,a6f673590468209542c6c9f55c62852a,0,1,1
2026-06-25T18:00:00,2026-07-23T18:00:00,a7ad9f8cda3fc279584c05ba15262b1d,0,43,9
2026-06-25T18:00:00,2026-07-23T18:00:00,a7b04f5706abe4e0872c70d483b7393e,0,76,26
2026-06-25T18:00:00,2026-07-23T18:00:00,a85e801fa2912de44a9de25730c6f1aa,0,3752,168
2026-06-25T18:00:00,2026-07-23T18:00:00,a87bcea2b3bbe7c7e6885c4b0e2b614a,0,5,4
2026-06-25T18:00:00,2026-07-23T18:00:00,a8ad1838ef2744dd415822659305e90c,0,13,11
2026-06-25T18:00:00,2026-07-23T18:00:00,a8e35e8132082662a2dc8a89a7fb3a2c,0,19,7
2026-06-25T18:00:00,2026-07-23T18:00:00,a92bb3e34b5f6211c5354991a4bf1166,0,100,75
2026-06-25T18:00:00,2026-07-23T18:00:00,a93eeec23623fe4ec9be320eb7036352,0,5,5
2026-06-25T18:00:00,2026-07-23T18:00:00,a954d3762ff0ffa040277ba271efe95a,0,2,2
2026-06-25T18:00:00,2026-07-23T18:00:00,ab1318e2724ed0d3897a7409ae35c4a8,0,799,155
2026-06-25T18:00:00,2026-07-23T18:00:00,abf2893ce52be7eb3781f4585101511d,0,1,1
2026-06-25T18:00:00,2026-07-23T18:00:00,ac75b69f44e1459989f80bea92762622,0,3,1
2026-06-25T18:00:00,2026-07-23T18:00:00,ad06b87fc4ad73622d8cf8d31b99aadb,0,1,1
2026-06-25T18:00:00,2026-07-23T18:00:00,ad383a430dd9b92a89f4b898855fc882,0,1115,132
2026-06-25T18:00:00,2026-07-23T18:00:00,adc1b5d173158216aef160c2dd4b625e,0,16,6
2026-06-25T18:00:00,2026-07-23T18:00:00,ae005231de6fa33edfb7f9c2c7c3c34a,0,183,37
2026-06-25T18:00:00,2026-07-23T18:00:00,ae1b6cf4f3c65c1df0a09e00d730157a,0,21,9
2026-06-25T18:00:00,2026-07-23T18:00:00,b08c5fbd2cf1162fba98efe628b6b084,0,236,67
2026-06-25T18:00:00,2026-07-23T18:00:00,b124bdaddb606ea47c2cd71a5bc230ef,0,1,1
2026-06-25T18:00:00,2026-07-23T18:00:00,b1f7fcab8557d03ce9218805b2dd9305,0,9,4
2026-06-25T18:00:00,2026-07-23T18:00:00,b2b18ef8744c214b603de10d2958f2a1,0,208,70
2026-06-25T18:00:00,2026-07-23T18:00:00,b3290fc9d805feb110b8dbe2c62dae74,0,2,1
2026-06-25T18:00:00,2026-07-23T18:00:00,b401482e8522b6b67f22aefc6d187e4c,0,3,3
2026-06-25T18:00:00,2026-07-23T18:00:00,b418d9fef91577cf263bde1f57516bbf,0,2,2
2026-06-25T18:00:00,2026-07-23T18:00:00,b4193b58fe4c3e5e4f3216d2272e51c6,0,4,2
2026-06-25T18:00:00,2026-07-23T18:00:00,b436b06fe718bd9c6fce4dc5e5ab40e5,0,4,3
2026-06-25T18:00:00,2026-07-23T18:00:00,b558b11488ae5e6ca231db1ff81d490a,0,1,1
2026-06-25T18:00:00,2026-07-23T18:00:00,b5a21eeb322a50b5c7aadfa764f840c2,0,59,22
2026-06-25T18:00:00,2026-07-23T18:00:00,b5f8e8460f813197d5624a6a6f904f99,0,48,8
2026-06-25T18:00:00,2026-07-23T18:00:00,b63292d779128c5f9aa2f9acbf9c6c98,0,2,2
2026-06-25T18:00:00,2026-07-23T18:00:00,b6ecf2da61bff5b4da84d4a119df6e3a,0,1,1
2026-06-25T18:00:00,2026-07-23T18:00:00,b7a09f82568ba1b603f4545a77565852,0,166,118
2026-06-25T18:00:00,2026-07-23T18:00:00,b8058c52e7c6d1ee26bf88e2e79d557d,0,2,1
2026-06-25T18:00:00,2026-07-23T18:00:00,b8298297ee986af1851fa9ab917c7823,0,24,7
2026-06-25T18:00:00,2026-07-23T18:00:00,b93760fb078b9b5fb2ce4733e2671698,0,2,2
2026-06-25T18:00:00,2026-07-23T18:00:00,b99af379f5f327982ccd8114ba763f81,0,5,1
2026-06-25T18:00:00,2026-07-23T18:00:00,b9a9d2d2e011131fc25b7c27c3447c6b,0,1,1
2026-06-25T18:00:00,2026-07-23T18:00:00,bacd092718717b4eb1784c718205bb4f,0,7,3
2026-06-25T18:00:00,2026-07-23T18:00:00,bc04443c15af14d449e833fc796fe647,0,1,1
2026-06-25T18:00:00,2026-07-23T18:00:00,bca9366f926d08b04c11cddffafee6a0,0,6,3
2026-06-25T18:00:00,2026-07-23T18:00:00,bca959333aa36131f0cfb1c5fdb09c22,0,122,33
2026-06-25T18:00:00,2026-07-23T18:00:00,bd1d9108bc551d2129326c9caa53cbf5,0,49,15
2026-06-25T18:00:00,2026-07-23T18:00:00,bd6b6cb7bad65d3bfedcedcea7584940,0,52,31
2026-06-25T18:00:00,2026-07-23T18:00:00,bd76e6d12956dfbe528ee3b797c61416,0,673,79
2026-06-25T18:00:00,2026-07-23T18:00:00,be3c1528b7bc01e23eb3c686187c0cbc,0,704,60
2026-06-25T18:00:00,2026-07-23T18:00:00,bfde1f1c169e13a28354d1093ec10614,0,4,3
2026-06-25T18:00:00,2026-07-23T18:00:00,c0511ed8e067ba4e9ea4e09ba50ea392,0,1,1
2026-06-25T18:00:00,2026-07-23T18:00:00,c053ba53a7bff4ffb10910f3fdb149b2,0,70,18
2026-06-25T18:00:00,2026-07-23T18:00:00,c0561705683b30fa1180203118fb644b,0,4,4
2026-06-25T18:00:00,2026-07-23T18:00:00,c08ec140e2c3cf1dbaa9cf82d55f1c42,0,1,1
2026-06-25T18:00:00,2026-07-23T18:00:00,c095676f1ebccb4caa89a04569217844,0,366,130
2026-06-25T18:00:00,2026-07-23T18:00:00,c098c8d3b3e81ff5dffbd81e2172da7f,0,17,5
2026-06-25T18:00:00,2026-07-23T18:00:00,c09db49a0d3ac6550bb149b836e56a7d,0,123,25
2026-06-25T18:00:00,2026-07-23T18:00:00,c0edabd2fa050ccd8d6af04205fcca20,0,16,8
2026-06-25T18:00:00,2026-07-23T18:00:00,c16fd62e9fcd2b975a427818f7b38391,0,30,23
2026-06-25T18:00:00,2026-07-23T18:00:00,c1a08e53ac92bcbbd4d2553357225f8b,0,7,5
2026-06-25T18:00:00,2026-07-23T18:00:00,c271f4912ca2e9f4f91f5a15d4c00dab,0,6,5
2026-06-25T18:00:00,2026-07-23T18:00:00,c3119891f455e3a7688c214042e7458f,0,186,33
2026-06-25T18:00:00,2026-07-23T18:00:00,c325ca722793ae687d67fbc015614b1e,0,34,10
2026-06-25T18:00:00,2026-07-23T18:00:00,c348f5741f070ba76d679cd859d96f81,0,2,2
2026-06-25T18:00:00,2026-07-23T18:00:00,c3b978cbcd528ca051ff7491290b7989,0,177,56
2026-06-25T18:00:00,2026-07-23T18:00:00,c41e6be0793d56b9efab23a76bf2de55,0,5951,168
2026-06-25T18:00:00,2026-07-23T18:00:00,c42355902a14c48a2b4fb096705c2cc4,0,1,1
2026-06-25T18:00:00,2026-07-23T18:00:00,c45fea404bb513c42bff17c37079226e,0,3,1
2026-06-25T18:00:00,2026-07-23T18:00:00,c65dbbb12595291c3415eb34fdc6c7f2,0,1,1
2026-06-25T18:00:00,2026-07-23T18:00:00,c6a3af5949764df59be4b035926d3693,0,10,2
2026-06-25T18:00:00,2026-07-23T18:00:00,c7658f1c6054802011c08f3206b0bc5d,0,7,4
2026-06-25T18:00:00,2026-07-23T18:00:00,c7836a46d6ddf5a9ee9bc7da5e692d3f,0,1,1
2026-06-25T18:00:00,2026-07-23T18:00:00,c7b4163d53efaa5717dbf0c410ebc106,0,117,16
2026-06-25T18:00:00,2026-07-23T18:00:00,c8a92ca4eaea6f58eec66ef241339852,0,96,46
2026-06-25T18:00:00,2026-07-23T18:00:00,c8e5e6565dc05a1bf6704b9db7b62f2c,0,12,3
2026-06-25T18:00:00,2026-07-23T18:00:00,c958b9e60f04f32da00f2dfba7765fe7,0,2,2
2026-06-25T18:00:00,2026-07-23T18:00:00,c9feeb04cd73c922108a1241523164ad,0,2,2
2026-06-25T18:00:00,2026-07-23T18:00:00,ca1170107dccae2487088fda2cf51c3d,0,7,3
2026-06-25T18:00:00,2026-07-23T18:00:00,caaacd65512b86257a81b78ae6d290e1,0,2,2
2026-06-25T18:00:00,2026-07-23T18:00:00,cb2e7105d4125fadfa8d17ee59c10c42,0,1110,146
2026-06-25T18:00:00,2026-07-23T18:00:00,cb5faebce4b673e95c262ba3ac1d7245,0,109,37
2026-06-25T18:00:00,2026-07-23T18:00:00,cba476d5e539fd8256f7b07f7acc822e,0,1,1
2026-06-25T18:00:00,2026-07-23T18:00:00,cbb189ecc9a0af3a0d2cf3ac697d688a,0,4,1
2026-06-25T18:00:00,2026-07-23T18:00:00,cbe601abda10befbb1c60877249ec017,0,6,1
2026-06-25T18:00:00,2026-07-23T18:00:00,cbf9dc18a9be2c5601ebea13ddfa0447,0,1,1
2026-06-25T18:00:00,2026-07-23T18:00:00,cc2806c6ccd0d4c75da237dc14b89cee,0,22,10
2026-06-25T18:00:00,2026-07-23T18:00:00,cc9b8273f76bc52d6ec4a38b6773b6c1,0,1,1
2026-06-25T18:00:00,2026-07-23T18:00:00,ccbe63cff2f6949da664d8c1e63d485c,0,2,2
2026-06-25T18:00:00,2026-07-23T18:00:00,cd76791a335a86df691d57abcbd57283,0,2,2
2026-06-25T18:00:00,2026-07-23T18:00:00,cdb2e500605d9a887dfde6bc376e72f5,0,186,60
2026-06-25T18:00:00,2026-07-23T18:00:00,ce3c66f6ba6d44b0fe22074eaa3fad6f,0,1,1
2026-06-25T18:00:00,2026-07-23T18:00:00,ce51666f0da9ecfdfc88c34eb0cfef5f,0,675,156
2026-06-25T18:00:00,2026-07-23T18:00:00,cf3cdee238ddef566cc9a22a9e451dea,0,4,1
2026-06-25T18:00:00,2026-07-23T18:00:00,cf5f8ad39d34b44896055b90eb13478e,0,237,108
2026-06-25T18:00:00,2026-07-23T18:00:00,cfc32873df643c0272b305d4e10cb537,0,5,3
2026-06-25T18:00:00,2026-07-23T18:00:00,cfe787d7889058c9ae4ddec6e3656987,0,187,24
2026-06-25T18:00:00,2026-07-23T18:00:00,cff2b47795d239f605630e953c72a421,0,140,35
2026-06-25T18:00:00,2026-07-23T18:00:00,d010917c0b6dc682e76b873814e2e7df,0,40,11
2026-06-25T18:00:00,2026-07-23T18:00:00,d019bfc96b43a508b726cd51738c022c,0,11,4
2026-06-25T18:00:00,2026-07-23T18:00:00,d03fb1136fa90095177552fbcb61864b,0,5,5
2026-06-25T18:00:00,2026-07-23T18:00:00,d067084c426dfb917601caa948c2a2e0,0,63,10
2026-06-25T18:00:00,2026-07-23T18:00:00,d0ba2360ae0bd98263d5db1d29e9faea,0,2,2
2026-06-25T18:00:00,2026-07-23T18:00:00,d0ecd2d4f034713fb8891efddd4b2b06,0,1,1
2026-06-25T18:00:00,2026-07-23T18:00:00,d150c6499ed57cff9f53175452f83b1c,0,1,1
2026-06-25T18:00:00,2026-07-23T18:00:00,d1583f4d658054089c4060679ab59c32,0,38,22
2026-06-25T18:00:00,2026-07-23T18:00:00,d1e9187765a9a9313745697eda8571d6,0,290,53
2026-06-25T18:00:00,2026-07-23T18:00:00,d22d15064662f92f12035467f7d3ab67,0,41,10
2026-06-25T18:00:00,2026-07-23T18:00:00,d34206f464f178dbee35c5e6a8daa998,0,2,1
2026-06-25T18:00:00,2026-07-23T18:00:00,d41b1a028868c7da30a7fcb1997e36ef,0,1,1
2026-06-25T18:00:00,2026-07-23T18:00:00,d446f7f3c0e778bedd531f681a792f44,0,21,4
2026-06-25T18:00:00,2026-07-23T18:00:00,d47bfb497a10a7d2da4893aaf8fdb792,0,2,1
2026-06-25T18:00:00,2026-07-23T18:00:00,d56eb62103d649d47afe786941eee8f0,0,12,10
2026-06-25T18:00:00,2026-07-23T18:00:00,d5b83de9f79839aca5f8ed5cfb0ee389,0,1,1
2026-06-25T18:00:00,2026-07-23T18:00:00,d62848cdabdec1c778136b2a5b2c29cb,0,1,1
2026-06-25T18:00:00,2026-07-23T18:00:00,d799cba13813c354e948416fdea2884b,0,1,1
2026-06-25T18:00:00,2026-07-23T18:00:00,d83ee0c4d55034aa328bf074a8615001,0,433,155
2026-06-25T18:00:00,2026-07-23T18:00:00,d84f9e7a8abcddc16e0604e854104e25,0,39,24
2026-06-25T18:00:00,2026-07-23T18:00:00,d86adbb00ba3946611ffd66dc9966498,0,1,1
2026-06-25T18:00:00,2026-07-23T18:00:00,d91cce0c7dc9e681eeb7a2f76eb28560,0,51,9
2026-06-25T18:00:00,2026-07-23T18:00:00,d9572a627a8eea088ad499fd1fe086a2,0,1,1
2026-06-25T18:00:00,2026-07-23T18:00:00,d964d93b94a9185be522e7c7ac8f93a3,0,1,1
2026-06-25T18:00:00,2026-07-23T18:00:00,d9a6110424ef75f248b811e3041babbc,0,1,1
2026-06-25T18:00:00,2026-07-23T18:00:00,d9b296fc3f1bfd69e52080d62efb18f6,0,464,93
2026-06-25T18:00:00,2026-07-23T18:00:00,da86b2b76bf465e9c6919e0ec6bd30f5,0,33,23
2026-06-25T18:00:00,2026-07-23T18:00:00,daaf8212b83e836120bff13f9be76348,0,1569,168
2026-06-25T18:00:00,2026-07-23T18:00:00,daf7191fe0b1549f69162bab81362d59,0,5,1
2026-06-25T18:00:00,2026-07-23T18:00:00,dbad621ab834fa136b6a4bad09436dcc,0,48,11
2026-06-25T18:00:00,2026-07-23T18:00:00,dc1fbcd1ee8d318c2a099700692a0e29,0,63,22
2026-06-25T18:00:00,2026-07-23T18:00:00,dc4a5e0889f929efb058eae075f76325,0,1,1
2026-06-25T18:00:00,2026-07-23T18:00:00,dd1ad492d9c40f4aa7a747226338cc42,0,2,1
2026-06-25T18:00:00,2026-07-23T18:00:00,dd2f9f596fad741d87b912ac9e6f6fdd,0,3,2
2026-06-25T18:00:00,2026-07-23T18:00:00,df5e1f039360368ca1d3b970972bfe44,0,190,98
2026-06-25T18:00:00,2026-07-23T18:00:00,dfa234579d939c80155f87bdfc44502d,0,2,2
2026-06-25T18:00:00,2026-07-23T18:00:00,dfb770ed6b342e9693c10e1ec1353199,0,2,1
2026-06-25T18:00:00,2026-07-23T18:00:00,e0c1e0914a8cf1d9d3f1c9c09d4a3d54,0,1,1
2026-06-25T18:00:00,2026-07-23T18:00:00,e0c4dfd6a75b791bf84efa9d5b878d02,0,656,158
2026-06-25T18:00:00,2026-07-23T18:00:00,e0cda5b8f7dc67e792d1caf9c1fbf00f,0,2,2
2026-06-25T18:00:00,2026-07-23T18:00:00,e0e8e3f47d2fe04019b49955dc06c6ba,0,1,1
2026-06-25T18:00:00,2026-07-23T18:00:00,e102c54dd9a72dbde6b9d0923bacd2c7,0,1,1
2026-06-25T18:00:00,2026-07-23T18:00:00,e174b5c814d7d8e49eb6cebfd84d6575,0,1,1
2026-06-25T18:00:00,2026-07-23T18:00:00,e1a4f82d7033b15732539dd4d792d545,0,13,7
2026-06-25T18:00:00,2026-07-23T18:00:00,e2302e62573c1f82055a80137029694b,0,25,13
2026-06-25T18:00:00,2026-07-23T18:00:00,e24c812c95a8b920ed763a6e87401a3f,0,3,3
2026-06-25T18:00:00,2026-07-23T18:00:00,e32cf93dd717feeddee850fd24dcfad1,0,1,1
2026-06-25T18:00:00,2026-07-23T18:00:00,e4302f81da2c8b1de23f48619a622ef5,0,13,12
2026-06-25T18:00:00,2026-07-23T18:00:00,e4fe345391c1a80052ac53c6b651ea6f,0,7,7
2026-06-25T18:00:00,2026-07-23T18:00:00,e5d8f94ed716ea614f6c57ba65283c6d,0,345,135
2026-06-25T18:00:00,2026-07-23T18:00:00,e5e2b91cee14c996f65cb5e9a1ad9bb8,0,9,8
2026-06-25T18:00:00,2026-07-23T18:00:00,e618d049b21b247654b224e1f4728cff,0,1,1
2026-06-25T18:00:00,2026-07-23T18:00:00,e6cfe827fcd01d0e3105d9fe2d2cd6f2,0,2,2
2026-06-25T18:00:00,2026-07-23T18:00:00,e747b60932282a4ce89482e99283db5f,0,7,6
2026-06-25T18:00:00,2026-07-23T18:00:00,e7cc899c9ac72f7e2a4b4db6a30c9df2,0,449,154
2026-06-25T18:00:00,2026-07-23T18:00:00,e8e06368373ae31a4430597f94529844,0,27,9
2026-06-25T18:00:00,2026-07-23T18:00:00,eaefd7c28aeb425f7a896fcbf5050c36,0,6,2
2026-06-25T18:00:00,2026-07-23T18:00:00,eb5402fc166bc7027a64672eea61b93e,0,17,5
2026-06-25T18:00:00,2026-07-23T18:00:00,eba5cf26c72639be89f7a058b2822326,0,12,9
2026-06-25T18:00:00,2026-07-23T18:00:00,ebad82a5d1808276477b4f7869930b5b,0,1,1
2026-06-25T18:00:00,2026-07-23T18:00:00,ec830322039c513fd72fa8a47086e379,0,84,17
2026-06-25T18:00:00,2026-07-23T18:00:00,ec890d92b2512a72910005b9ca9e13d8,0,466,91
2026-06-25T18:00:00,2026-07-23T18:00:00,edbe463ea236082f4c30bc6e97ef363c,0,1,1
2026-06-25T18:00:00,2026-07-23T18:00:00,edd080072317ba00d96b50457dec4250,0,7,2
2026-06-25T18:00:00,2026-07-23T18:00:00,ef695d13294748c8693c6c1302254b0a,0,128,38
2026-06-25T18:00:00,2026-07-23T18:00:00,f02743036dd15426a3742c43d1973ded,0,239,53
2026-06-25T18:00:00,2026-07-23T18:00:00,f0d627e17a314afb788237f10de88934,0,88,9
2026-06-25T18:00:00,2026-07-23T18:00:00,f297ba060fa730527f0bd0e6758c66a1,0,10,8
2026-06-25T18:00:00,2026-07-23T18:00:00,f3c2ff5344cc5df02abf2cdad236b782,0,3,2
2026-06-25T18:00:00,2026-07-23T18:00:00,f3fd58bc136909722ff26d966a982da3,0,2,1
2026-06-25T18:00:00,2026-07-23T18:00:00,f5246645416874c85a584a276fd27694,0,1,1
2026-06-25T18:00:00,2026-07-23T18:00:00,f53d74aacf050cf36baa29d871e51a1c,0,752,116
2026-06-25T18:00:00,2026-07-23T18:00:00,f6a8c4e9bce0bfaf3ab4300d5413c7e1,0,29,16
2026-06-25T18:00:00,2026-07-23T18:00:00,f7136da2b423dd8ea7e9e0d2dc18ef6c,0,1,1
2026-06-25T18:00:00,2026-07-23T18:00:00,f7c446c265ce03ce20e35a1711267864,0,257,116
2026-06-25T18:00:00,2026-07-23T18:00:00,f8385eb7832cb5cd062007beb0ea6d22,0,4,2
2026-06-25T18:00:00,2026-07-23T18:00:00,f85667734e71259eebf80426925d8efe,0,1,1
2026-06-25T18:00:00,2026-07-23T18:00:00,f9003982fecca2115f682649d41c6cda,0,77,36
2026-06-25T18:00:00,2026-07-23T18:00:00,f9125aabdacaa4f7bcddb81d054328bf,0,37,4
2026-06-25T18:00:00,2026-07-23T18:00:00,f92b72aaabb789f7b57d5b90b2659e20,0,55,22
2026-06-25T18:00:00,2026-07-23T18:00:00,f94cc1c2f2df763cbf6ecde18e9c14fa,0,3,2
2026-06-25T18:00:00,2026-07-23T18:00:00,f95f4814495b7aed0892b7bcd16fc667,0,70,14
2026-06-25T18:00:00,2026-07-23T18:00:00,fa40de67d61e7584252745aebdb517a7,0,2,2
2026-06-25T18:00:00,2026-07-23T18:00:00,fa4a913158f609dff71b6f0522d17ab3,0,3547,168
2026-06-25T18:00:00,2026-07-23T18:00:00,fbd530b7501ba1726278aa96b2f04d85,0,32,9
2026-06-25T18:00:00,2026-07-23T18:00:00,fc13e17cef54d0e60773d0d05cd5b458,0,1,1
2026-06-25T18:00:00,2026-07-23T18:00:00,fcff5dedf1f20aca7a7f41833647614e,0,36,24
2026-06-25T18:00:00,2026-07-23T18:00:00,fd0cde1ccc5d6ea13308b092dffc6b85,0,4,3
2026-06-25T18:00:00,2026-07-23T18:00:00,fe3ddcc103786dd75c594ccf970e5531,0,2,1
2026-06-25T18:00:00,2026-07-23T18:00:00,fe5a1ed8d1918f6b60a6bc700563ffd1,0,2,2
2026-06-25T18:00:00,2026-07-23T18:00:00,ff2f9ff77974a468adc907dfa574dad9,0,1,1
2026-06-25T18:00:00,2026-07-23T18:00:00,ff3cfa8520c8293caab134e881b2e92b,0,4,3
2026-06-25T18:00:00,2026-07-23T18:00:00,ff537061ecb5caceb0875b7e7dff6017,0,6,2
2026-06-25T18:00:00,2026-07-23T18:00:00,ff8358ff94c001dad8328c1f3a6f334e,0,411,96
2026-06-25T18:00:00,2026-07-23T18:00:00,ffbdeec9602c7bd3bf5a6c52b6648fce,0,1,1
2026-06-25T18:00:00,2026-07-23T18:00:00,02158d8cab307535328ca928b85b824f,1,1,1
2026-06-25T18:00:00,2026-07-23T18:00:00,028899bb09520c540e03213e26bfd045,1,1,1
2026-06-25T18:00:00,2026-07-23T18:00:00,02c4a8420678704c8097a08f05c5a33e,1,157,27
2026-06-25T18:00:00,2026-07-23T18:00:00,03afd2d60469fb8154c845aa57240191,1,1,1
2026-06-25T18:00:00,2026-07-23T18:00:00,042c03b05caaa540bd3c99c3048fe401,1,977,110
2026-06-25T18:00:00,2026-07-23T18:00:00,04b36f7ed07902d8234ff0f8afed1a14,1,2,1
2026-06-25T18:00:00,2026-07-23T18:00:00,053ed82676fb95f173767c30724cd20d,1,3,3
2026-06-25T18:00:00,2026-07-23T18:00:00,0658723791b6bb741f0da2b00bd1d3bd,1,1,1
2026-06-25T18:00:00,2026-07-23T18:00:00,068cb3f0e9c247dffb9bf03bd2763613,1,63,57
2026-06-25T18:00:00,2026-07-23T18:00:00,071052359cff68a2c1edb4bd30dd5942,1,88,22
2026-06-25T18:00:00,2026-07-23T18:00:00,0715995e7b1f57156703427ab80ecd66,1,2,2
2026-06-25T18:00:00,2026-07-23T18:00:00,078c7f61a73340dd7ff9557e769b9e0d,1,4,2
2026-06-25T18:00:00,2026-07-23T18:00:00,079740943ebddd31ff0b358ee251d0ea,1,1,1
2026-06-25T18:00:00,2026-07-23T18:00:00,07c4b192e20ac8a9af3fcf91ac5430ea,1,2,1
2026-06-25T18:00:00,2026-07-23T18:00:00,07cc399519be4c7383ba2a0fbeb5aff0,1,779,114
2026-06-25T18:00:00,2026-07-23T18:00:00,07e5f0804f57ce5d8d68facbd7fae7a1,1,4,2
2026-06-25T18:00:00,2026-07-23T18:00:00,0888814985e4f5b471eaddfd2fee8adf,1,1005,158
2026-06-25T18:00:00,2026-07-23T18:00:00,0a351a614553c5aef862ab227bb9d05f,1,9,7
2026-06-25T18:00:00,2026-07-23T18:00:00,0aca4c0ee60e3346d609fed7d5d18727,1,41,41
2026-06-25T18:00:00,2026-07-23T18:00:00,0ad1a7652c7e4bad6d01375ef07893ca,1,162,35
2026-06-25T18:00:00,2026-07-23T18:00:00,0b2db8e1bc0ad7af84750850f71faa06,1,627,85
2026-06-25T18:00:00,2026-07-23T18:00:00,0b38a5977e0301a3440f32eda0bb1e3b,1,25,9
2026-06-25T18:00:00,2026-07-23T18:00:00,0b9759350485ba3fbdb1c587539980b1,1,4,2
2026-06-25T18:00:00,2026-07-23T18:00:00,0bd89b873b8f42f6ce3bebac45011322,1,10,3
2026-06-25T18:00:00,2026-07-23T18:00:00,0bd9e270007b1deceacc22fce3f12b2a,1,7,1
2026-06-25T18:00:00,2026-07-23T18:00:00,0bddd415f5f22587099a347bd7f7bf19,1,272,101
2026-06-25T18:00:00,2026-07-23T18:00:00,0be7e77df2ae082ae7fd838e8c8bb4b8,1,14,4
2026-06-25T18:00:00,2026-07-23T18:00:00,0c3531e82372921fce91ca18055966ff,1,2,1
2026-06-25T18:00:00,2026-07-23T18:00:00,0c9f4eaf4e84d722b3b800200623305c,1,2,2
2026-06-25T18:00:00,2026-07-23T18:00:00,0cac5cc650ceab9f048a613b54d4b3b9,1,1442,168
2026-06-25T18:00:00,2026-07-23T18:00:00,0cd56f60a860990a7569035a6e7d4fb7,1,4776,168
2026-06-25T18:00:00,2026-07-23T18:00:00,0e31c259a97f7808b34acc70a9b8ce1f,1,3,3
2026-06-25T18:00:00,2026-07-23T18:00:00,0f01aca5b7f2ba2e960477d071221c48,1,6,4
2026-06-25T18:00:00,2026-07-23T18:00:00,0f9bfe60272e0589910066eba0c41248,1,12,6
2026-06-25T18:00:00,2026-07-23T18:00:00,1087833ea69a74856c5530bc04c81d0d,1,2227,167
2026-06-25T18:00:00,2026-07-23T18:00:00,10e68e899c6881c6cf910b21ff555b1a,1,14,5
2026-06-25T18:00:00,2026-07-23T18:00:00,10eb5f15feabbf43d8cbcfdc0eb5fd11,1,391,62
2026-06-25T18:00:00,2026-07-23T18:00:00,11e16fa25d8fd93e88ebe9ca321c0d2a,1,271,31
2026-06-25T18:00:00,2026-07-23T18:00:00,1318f3065160c2daf6d3bcbee169c3f6,1,81,14
2026-06-25T18:00:00,2026-07-23T18:00:00,141335b7a8a78b337ab7fc179f80a7ed,1,798,48
2026-06-25T18:00:00,2026-07-23T18:00:00,152ada2c04a075c79d1112d4a5a6befa,1,2,1
2026-06-25T18:00:00,2026-07-23T18:00:00,152b52c12479f6d8fe9f7e5d44370f42,1,41,28
2026-06-25T18:00:00,2026-07-23T18:00:00,154384320a497cda1181389c00ac096a,1,10,3
2026-06-25T18:00:00,2026-07-23T18:00:00,160683e3b66bc30c8a6f9b2f375a92e9,1,2,2
2026-06-25T18:00:00,2026-07-23T18:00:00,163ecb811e0e0eea6332efdde1000c21,1,18,3
2026-06-25T18:00:00,2026-07-23T18:00:00,16e513b84136a8ce120709307c7818de,1,1,1
2026-06-25T18:00:00,2026-07-23T18:00:00,176244465a9b9ef84219e4dfb34379e1,1,2,2
2026-06-25T18:00:00,2026-07-23T18:00:00,1a6f517eb4f82dcb03df1ac18ede7b8f,1,98,37
2026-06-25T18:00:00,2026-07-23T18:00:00,1b766f3387db4a340163e484309a87ef,1,337,129
2026-06-25T18:00:00,2026-07-23T18:00:00,1de89881845f9e94b00d17e74c5fa070,1,405,164
2026-06-25T18:00:00,2026-07-23T18:00:00,1df79cc6cb9383b3e9bdd153c60a4d7a,1,1,1
2026-06-25T18:00:00,2026-07-23T18:00:00,1e0c83769061f0eae93ec4dc7c19f860,1,17,14
2026-06-25T18:00:00,2026-07-23T18:00:00,1e2cae7f4bcab35c8ac7e898714ec750,1,13,10
2026-06-25T18:00:00,2026-07-23T18:00:00,1e8ac582c115696e613f947445975579,1,263,74
2026-06-25T18:00:00,2026-07-23T18:00:00,1edb79aabab46d6dc67da7cc0ea753ac,1,301,108
2026-06-25T18:00:00,2026-07-23T18:00:00,1fcf8126243a86d22187ba0cb1592cfa,1,83,69
2026-06-25T18:00:00,2026-07-23T18:00:00,1fde7ad5341381f27fd47986b434c231,1,2,1
2026-06-25T18:00:00,2026-07-23T18:00:00,21022547686ba7f76fb67ef1fd83bac2,1,19,7
2026-06-25T18:00:00,2026-07-23T18:00:00,217a843b36859107f1fdf358709959b4,1,7,5
2026-06-25T18:00:00,2026-07-23T18:00:00,217bb2085376ad3e5ae0334d411d10fd,1,4,1
2026-06-25T18:00:00,2026-07-23T18:00:00,219dc8a0e6224f0e529b81bffaaa5659,1,73,25
2026-06-25T18:00:00,2026-07-23T18:00:00,21ca2aaf7ab1a72a70030f9e52abe9c7,1,15,10
2026-06-25T18:00:00,2026-07-23T18:00:00,21f60e67c0023f2829e7c7f76070407a,1,42,7
2026-06-25T18:00:00,2026-07-23T18:00:00,2209be5e4468024b431997c5b8568683,1,1,1
2026-06-25T18:00:00,2026-07-23T18:00:00,222e78a97d7836857c0c0a646b3af988,1,10,9
2026-06-25T18:00:00,2026-07-23T18:00:00,224b9f5ef9a538db24da1d8051a55e3c,1,3,2
2026-06-25T18:00:00,2026-07-23T18:00:00,2269eeda6f9057b0d4f168572636fbfa,1,396,34
2026-06-25T18:00:00,2026-07-23T18:00:00,23d527defa6d8dc04d93535868148dd9,1,484,114
2026-06-25T18:00:00,2026-07-23T18:00:00,24051284f5b821a99ede0caa344ca4c3,1,4,3
2026-06-25T18:00:00,2026-07-23T18:00:00,24ace3385ad1d601cf91bcf016396eba,1,144,19
2026-06-25T18:00:00,2026-07-23T18:00:00,24df40c816f8f3ee084a5730ff28b100,1,2,2
2026-06-25T18:00:00,2026-07-23T18:00:00,24e96aeb75c2a0ee13ca7a5b3e895fcf,1,300,36
2026-06-25T18:00:00,2026-07-23T18:00:00,24f3651474c9b141693f8bd51b3f5c08,1,2,1
2026-06-25T18:00:00,2026-07-23T18:00:00,255d7c8ce50394cdf376266d475b4b09,1,18,8
2026-06-25T18:00:00,2026-07-23T18:00:00,25aeec9260283b7945572e0ec01799a3,1,1547,161
2026-06-25T18:00:00,2026-07-23T18:00:00,25b8d8b84bd187103cfe3153ae284d30,1,1,1
2026-06-25T18:00:00,2026-07-23T18:00:00,26056456102685ee69648ba059bf9403,1,80,11
2026-06-25T18:00:00,2026-07-23T18:00:00,26f3725420cfdf2c9f27116d85cfb367,1,2,2
2026-06-25T18:00:00,2026-07-23T18:00:00,28c347d542e1868cd82731d1d1690b09,1,21,5
2026-06-25T18:00:00,2026-07-23T18:00:00,28db46031e46cbc492b96d5341bdcdfa,1,1102,155
2026-06-25T18:00:00,2026-07-23T18:00:00,297ab238e28e827a5393691b3500e3b2,1,9,6
2026-06-25T18:00:00,2026-07-23T18:00:00,29dc38c6029158c44cbe0b7eeecb11f7,1,2,2
2026-06-25T18:00:00,2026-07-23T18:00:00,29e2b1a645a48e2612ea9d7a39e40c2f,1,26,12
2026-06-25T18:00:00,2026-07-23T18:00:00,2ac5515b287bae0fd6db926bc6e2fcd2,1,765,72
2026-06-25T18:00:00,2026-07-23T18:00:00,2ae2e4cfd042299d0dda5cbd63af78d9,1,1,1
2026-06-25T18:00:00,2026-07-23T18:00:00,2baefcec2c3c30e2f4941c6c43ea4ff0,1,46,15
2026-06-25T18:00:00,2026-07-23T18:00:00,2c34ed8e5a672ae7ce396457a2d867bf,1,1,1
2026-06-25T18:00:00,2026-07-23T18:00:00,2c43f73447483b33f0d1920673f0b952,1,20,5
2026-06-25T18:00:00,2026-07-23T18:00:00,2c4ae81fa946ea44d5536d05efa14d84,1,2,2
2026-06-25T18:00:00,2026-07-23T18:00:00,2c81ce9ecb9b892daa44c3c1f282c54e,1,1,1
2026-06-25T18:00:00,2026-07-23T18:00:00,2c9fdbeb4a46789a29950dd0eded3457,1,1,1
2026-06-25T18:00:00,2026-07-23T18:00:00,2ca18c59edd5419a2f55380e7056113e,1,1,1
2026-06-25T18:00:00,2026-07-23T18:00:00,2d390eb6f1ca101f270702ff89de3e08,1,1,1
2026-06-25T18:00:00,2026-07-23T18:00:00,2d5aeb856230300a3b6cf6246857c611,1,7,7
2026-06-25T18:00:00,2026-07-23T18:00:00,2df38b9cb60ba36544dea0089d80b0ca,1,1254,136
2026-06-25T18:00:00,2026-07-23T18:00:00,2e2235738ac5f7c04ed53f05bdba5e98,1,427,105
2026-06-25T18:00:00,2026-07-23T18:00:00,2fe0d557e3e835b6b76eda8c9716f42a,1,117,30
2026-06-25T18:00:00,2026-07-23T18:00:00,305fe8850100343ae40d4d2c7e53eb7e,1,7317,168
2026-06-25T18:00:00,2026-07-23T18:00:00,30c51b56c5f18edc540e61882b8c17ed,1,5,1
2026-06-25T18:00:00,2026-07-23T18:00:00,30e8c2bd2ef6fae4c46f5dcab0d40b1d,1,2,1
2026-06-25T18:00:00,2026-07-23T18:00:00,318fdb7c70442de3429724e85e9c80ab,1,22,9
2026-06-25T18:00:00,2026-07-23T18:00:00,331912ba478fecc567d9a89f9ded6af4,1,4,3
2026-06-25T18:00:00,2026-07-23T18:00:00,346a28721e822abd6f37eff7e8e4d50f,1,2,1
2026-06-25T18:00:00,2026-07-23T18:00:00,34f74658e28af917f93b239e03a558a0,1,20,11
2026-06-25T18:00:00,2026-07-23T18:00:00,34fd48a779fb19d7dc72a396c52cf456,1,61,22
2026-06-25T18:00:00,2026-07-23T18:00:00,35b7a093cfeed8bc5abab7493807f6c5,1,27,2
2026-06-25T18:00:00,2026-07-23T18:00:00,36088d4d3c4277630580660050b83d99,1,507,69
2026-06-25T18:00:00,2026-07-23T18:00:00,365d96cb80ae491cfa4c955120fe5cc7,1,1,1
2026-06-25T18:00:00,2026-07-23T18:00:00,36a2c01c471b08b41675ec0dc3665808,1,4,1
2026-06-25T18:00:00,2026-07-23T18:00:00,36bcacc1bb558f143a2ab5b75a51096d,1,103,17
2026-06-25T18:00:00,2026-07-23T18:00:00,379dd022673680c87da3b59bd2c40485,1,9,5
2026-06-25T18:00:00,2026-07-23T18:00:00,37ec7b61dd5ac9fc3937d5ad773d1adf,1,1,1
2026-06-25T18:00:00,2026-07-23T18:00:00,381a9a92cb5149e1f54a16ed39a22aec,1,2,1
2026-06-25T18:00:00,2026-07-23T18:00:00,384088d56b674e4b9a7801661585a21a,1,8,1
2026-06-25T18:00:00,2026-07-23T18:00:00,388799840d5694a9f3d080106b6acf06,1,61,18
2026-06-25T18:00:00,2026-07-23T18:00:00,388e406a84c52e6cf61fc265ec139c4b,1,1,1
2026-06-25T18:00:00,2026-07-23T18:00:00,3965a17251852f6aeb30a09fbd559cdc,1,6,6
2026-06-25T18:00:00,2026-07-23T18:00:00,3a409eac9ec1329c15a6afcd86ef8306,1,4,3
2026-06-25T18:00:00,2026-07-23T18:00:00,3ac5f4300a6c3e9f11a3cad354f1e819,1,73,22
2026-06-25T18:00:00,2026-07-23T18:00:00,3b2d5254123c3c618643f1a8d839ed35,1,13,9
2026-06-25T18:00:00,2026-07-23T18:00:00,3b7186acbc02a1f5618530031a63b210,1,9,5
2026-06-25T18:00:00,2026-07-23T18:00:00,3c60395f79942f9a060f05074aba20fd,1,132,17
2026-06-25T18:00:00,2026-07-23T18:00:00,3c6a167d58d100b8548bde685b6b4658,1,1,1
2026-06-25T18:00:00,2026-07-23T18:00:00,3c7f5aca9eaac7550198f04bf5408798,1,15,12
2026-06-25T18:00:00,2026-07-23T18:00:00,3d22b583832aa401604bb4056269b68e,1,1,1
2026-06-25T18:00:00,2026-07-23T18:00:00,3d5b99cfc6fadd918b29c3a8c7d3192d,1,7,2
2026-06-25T18:00:00,2026-07-23T18:00:00,3e3321c67c7a19cafa857bb46173c1f2,1,346,25
2026-06-25T18:00:00,2026-07-23T18:00:00,3e8a28b4491560d004cc11a4bb1e16e0,1,931,138
2026-06-25T18:00:00,2026-07-23T18:00:00,3f062a4c1418f88b06b56588671a0763,1,9,6
2026-06-25T18:00:00,2026-07-23T18:00:00,3f3a7d0cf1dd13056789ce07be4e91af,1,2,2
2026-06-25T18:00:00,2026-07-23T18:00:00,4055abd8dd17a78775d84ae50a74facf,1,6,1
2026-06-25T18:00:00,2026-07-23T18:00:00,40d39503a5d567812816cdd1df1ff966,1,46,25
2026-06-25T18:00:00,2026-07-23T18:00:00,41e0108e2b28245351b1b520add168f3,1,1,1
2026-06-25T18:00:00,2026-07-23T18:00:00,41e8890a641380d235baa7b1fe3968a4,1,6,4
2026-06-25T18:00:00,2026-07-23T18:00:00,42176f85778d756f5eb535c8d06bce3b,1,5,3
2026-06-25T18:00:00,2026-07-23T18:00:00,429a728d09af74582bc7745023e6aa8a,1,1,1
2026-06-25T18:00:00,2026-07-23T18:00:00,42c39de631a67e10e6fdf9276d91ef8c,1,27,12
2026-06-25T18:00:00,2026-07-23T18:00:00,42d4ba4932f45dd5b9df1d8afb3747db,1,2208,115
2026-06-25T18:00:00,2026-07-23T18:00:00,432879613d1e026d172040a914c74137,1,5,4
2026-06-25T18:00:00,2026-07-23T18:00:00,434988254700baebbd8fc0b0727cc3ad,1,1,1
2026-06-25T18:00:00,2026-07-23T18:00:00,436f6fedf0091cbf765368814c94978b,1,1,1
2026-06-25T18:00:00,2026-07-23T18:00:00,437e3246dbb38b666dabf4ac74382114,1,2,1
2026-06-25T18:00:00,2026-07-23T18:00:00,437f206178d5704eabb7ca648238f187,1,14,14
2026-06-25T18:00:00,2026-07-23T18:00:00,43b1f6a1092b73e2f1ed1a6157a27c97,1,532,77
2026-06-25T18:00:00,2026-07-23T18:00:00,4414b146488dc96c2ec4f6f5f3e8286b,1,1,1
2026-06-25T18:00:00,2026-07-23T18:00:00,447edc925465d47e3028c3bd94879271,1,205,31
2026-06-25T18:00:00,2026-07-23T18:00:00,45578b534180581f51221cfc264fa285,1,1,1
2026-06-25T18:00:00,2026-07-23T18:00:00,465519ca40f19b73f6c67c6351f45c80,1,18,5
2026-06-25T18:00:00,2026-07-23T18:00:00,46882725a2dc63d338fff6d42f581af7,1,1,1
2026-06-25T18:00:00,2026-07-23T18:00:00,46ae4183085e2dbe76e56146a3702da9,1,457,61
2026-06-25T18:00:00,2026-07-23T18:00:00,474a1cb2eddd3bb3aef3c64a711f1e1e,1,1,1
2026-06-25T18:00:00,2026-07-23T18:00:00,474fbd524cbc72584e42dfc5ede211e4,1,3,1
2026-06-25T18:00:00,2026-07-23T18:00:00,47cb87305a70bcb78e39d776de567ddc,1,865,103
2026-06-25T18:00:00,2026-07-23T18:00:00,47dd400212715531420d39d69220bca6,1,1,1
2026-06-25T18:00:00,2026-07-23T18:00:00,4812387542f6d3ae04dd43d11c3f07e2,1,22,7
2026-06-25T18:00:00,2026-07-23T18:00:00,48d95056c91c1f5db5c8e8ba0b5b4d93,1,3,2
2026-06-25T18:00:00,2026-07-23T18:00:00,48dbe87614d3fcfb349b7f7fdde475f0,1,1,1
2026-06-25T18:00:00,2026-07-23T18:00:00,48ee5ea6d9e621275d0a702db0deac20,1,31,11
2026-06-25T18:00:00,2026-07-23T18:00:00,493c428739d1f074a42f02a7f57cbfe7,1,86,30
2026-06-25T18:00:00,2026-07-23T18:00:00,494384a5522fe1ef5d23ed79ebe0ba93,1,43,4
2026-06-25T18:00:00,2026-07-23T18:00:00,4952dc368e3f36bf24797e92cd41f080,1,8,5
2026-06-25T18:00:00,2026-07-23T18:00:00,498956c778550aa09d1f62bf25a09b9c,1,48,10
2026-06-25T18:00:00,2026-07-23T18:00:00,498d3f5870ec9c64f92a704d0e4eac36,1,1,1
2026-06-25T18:00:00,2026-07-23T18:00:00,499225501d7f6f936451f46aa4c97e4e,1,3,2
2026-06-25T18:00:00,2026-07-23T18:00:00,49d9e84218630bbb30f98bf8192fb663,1,58,24
2026-06-25T18:00:00,2026-07-23T18:00:00,49dbf07b6e290df9e21627c9d1289827,1,160,47
2026-06-25T18:00:00,2026-07-23T18:00:00,4a4a8a8b94f7d4e5e52207c1e5a0c040,1,1,1
2026-06-25T18:00:00,2026-07-23T18:00:00,4a4c43e34f5c8cb1183fb3f637c975aa,1,3,3
2026-06-25T18:00:00,2026-07-23T18:00:00,4a6102616f7ab5283ca99ea8301505d3,1,10,3
2026-06-25T18:00:00,2026-07-23T18:00:00,4a9972a1cc717e9569cbdcf1bdc61a9d,1,758,71
2026-06-25T18:00:00,2026-07-23T18:00:00,4aa88076f4264acb893eb9f8333b42a7,1,12,4
2026-06-25T18:00:00,2026-07-23T18:00:00,4b436a30c655c7d7304180a63c404b5c,1,95,25
2026-06-25T18:00:00,2026-07-23T18:00:00,4b60b799c849a948826a27db0063e13f,1,1,1
2026-06-25T18:00:00,2026-07-23T18:00:00,4cbca2da7136c03c172133891cc5f700,1,345,168
2026-06-25T18:00:00,2026-07-23T18:00:00,4d3feba3702738235c0c37505da908c0,1,51,13
2026-06-25T18:00:00,2026-07-23T18:00:00,4d48f42a2d451781676a0b9e69259c93,1,4,3
2026-06-25T18:00:00,2026-07-23T18:00:00,4ed3221fa003d97448c4e021a658ce37,1,176,50
2026-06-25T18:00:00,2026-07-23T18:00:00,4f732d54e1a653fe5f425960b5410883,1,502,132
2026-06-25T18:00:00,2026-07-23T18:00:00,5093a2fe66f55f2c9815221c2c91f821,1,3,2
2026-06-25T18:00:00,2026-07-23T18:00:00,51dd50712dbc8d8af7eda8e02f9ee952,1,2,2
2026-06-25T18:00:00,2026-07-23T18:00:00,51e4843d89733b91015011222e50241b,1,14,10
2026-06-25T18:00:00,2026-07-23T18:00:00,5225aff78406cf5ce82f566ec3c3177f,1,3,3
2026-06-25T18:00:00,2026-07-23T18:00:00,522d4bf96ca7faeb34d65efadd9a4731,1,1,1
2026-06-25T18:00:00,2026-07-23T18:00:00,52339f0ba6d71714c9bdf60420e30a32,1,5,3
2026-06-25T18:00:00,2026-07-23T18:00:00,525c0769f09940671513f56f2e3775ff,1,327,43
2026-06-25T18:00:00,2026-07-23T18:00:00,526cfba0d1305aed2ff7ac2efd2dcede,1,19,10
2026-06-25T18:00:00,2026-07-23T18:00:00,53c0e3b2e39df076450204a437e35847,1,6,3
2026-06-25T18:00:00,2026-07-23T18:00:00,55576c10666e1aeb8b851287ad157c72,1,2075,168
2026-06-25T18:00:00,2026-07-23T18:00:00,55c7e2d26038eda6eaa0424c9fb64c38,1,7,6
2026-06-25T18:00:00,2026-07-23T18:00:00,55dc8e8c025ef9478e3d00cfccd18f83,1,1,1
2026-06-25T18:00:00,2026-07-23T18:00:00,55de3ffed70e2836825bf1912489d969,1,5,2
2026-06-25T18:00:00,2026-07-23T18:00:00,55e69e9c118e91d40cf328ece09eef54,1,1,1
2026-06-25T18:00:00,2026-07-23T18:00:00,562f8fd764cb7dea0e86a7a69e9cd2b1,1,5,3
2026-06-25T18:00:00,2026-07-23T18:00:00,56cb5a7828cc6b51c3fe977cf4c96195,1,2,2
2026-06-25T18:00:00,2026-07-23T18:00:00,57d1e8e27caa1d2e3a2c2e5d39c2bfcd,1,458,66
2026-06-25T18:00:00,2026-07-23T18:00:00,5a2d5cf39e780626f99ffce30abd01a0,1,25,7
2026-06-25T18:00:00,2026-07-23T18:00:00,5a85cd94d0a7f5e3fbd4bd014e7d169e,1,2,2
2026-06-25T18:00:00,2026-07-23T18:00:00,5bc41b2ac9d97a24e232245fa4c6be2e,1,3,1
2026-06-25T18:00:00,2026-07-23T18:00:00,5c47be865b35eafa199a4c4ca8078952,1,235,89
2026-06-25T18:00:00,2026-07-23T18:00:00,5e4f9b61c7a794beb62c967101c3fbf4,1,5,1
2026-06-25T18:00:00,2026-07-23T18:00:00,5e95b5367427c1bd04a0780d551fa638,1,251,54
2026-06-25T18:00:00,2026-07-23T18:00:00,5ea33e0a3815bae36dbfd973751e0fad,1,23,6
2026-06-25T18:00:00,2026-07-23T18:00:00,5eb6d9ddd4c404ecc652564ecb00be0a,1,2,2
2026-06-25T18:00:00,2026-07-23T18:00:00,5ed09cc533ec3660062a787c30b22333,1,85,28
2026-06-25T18:00:00,2026-07-23T18:00:00,5ed99870f6009799436a8485eaa0a4f0,1,1325,79
2026-06-25T18:00:00,2026-07-23T18:00:00,5f545f040bf9d9bba25fd40b05a44c07,1,2,1
2026-06-25T18:00:00,2026-07-23T18:00:00,5fe6c2a01926531f849c0ba4980a5a47,1,7,6
2026-06-25T18:00:00,2026-07-23T18:00:00,603087f8f63b1674bc713ad0d8e9fa58,1,200,70
2026-06-25T18:00:00,2026-07-23T18:00:00,60e1a0e052a4a8d45f91aefaafdf39a1,1,40,11
2026-06-25T18:00:00,2026-07-23T18:00:00,60e73f2d8ce44f2ff4fb86da7ddd8756,1,331,105
2026-06-25T18:00:00,2026-07-23T18:00:00,618aa64b1a6deaf2781f5bffc3498cba,1,125,107
2026-06-25T18:00:00,2026-07-23T18:00:00,62663892035a11a21db76479a3d9c2c4,1,1,1
2026-06-25T18:00:00,2026-07-23T18:00:00,6505a7dfc19cae82f1f9f383d675023f,1,2,2
2026-06-25T18:00:00,2026-07-23T18:00:00,655f559861e6c614b4b20b3d7c54b55d,1,11,10
2026-06-25T18:00:00,2026-07-23T18:00:00,656c7ec350202bee7fb07662031ab6f7,1,45,18
2026-06-25T18:00:00,2026-07-23T18:00:00,65990b581fe979aedf1cd56de5a36dd8,1,7165,168
2026-06-25T18:00:00,2026-07-23T18:00:00,65d2d9423af9560bb10b01a63b7c3544,1,44,23
2026-06-25T18:00:00,2026-07-23T18:00:00,65e254b6060c5592f81ce07496988014,1,2,2
2026-06-25T18:00:00,2026-07-23T18:00:00,65f85feb63e83b09f5fc2662a24bce01,1,28,4
2026-06-25T18:00:00,2026-07-23T18:00:00,65fae484d001ce2bae914e355072ef85,1,1,1
2026-06-25T18:00:00,2026-07-23T18:00:00,668c6e37899817b662a6371666242909,1,49,6
2026-06-25T18:00:00,2026-07-23T18:00:00,66aa995c3cdabfe65f2f07ed5b4ea7d5,1,10,5
2026-06-25T18:00:00,2026-07-23T18:00:00,66d5a82367a3fdf0071f15f9cd3e7055,1,41,21
2026-06-25T18:00:00,2026-07-23T18:00:00,67bdda446377deb778936d8eb37ae225,1,51,12
2026-06-25T18:00:00,2026-07-23T18:00:00,6880207be8f94a0483393d064c4a4e75,1,3,3
2026-06-25T18:00:00,2026-07-23T18:00:00,69d0dcc2843e1d475fbe0e84f96bb43e,1,1,1
2026-06-25T18:00:00,2026-07-23T18:00:00,6b275bf4473a460f05bc20a081962dee,1,1,1
2026-06-25T18:00:00,2026-07-23T18:00:00,6b3c0a5b41f7ddc3c2f2adc64a431551,1,83,16
2026-06-25T18:00:00,2026-07-23T18:00:00,6bd99f3230c74ffe6db90d5f40ae9b49,1,11,4
2026-06-25T18:00:00,2026-07-23T18:00:00,6bf32ba65b6a89121bf50f48060241f3,1,19,7
2026-06-25T18:00:00,2026-07-23T18:00:00,6c13b36f57d9e1c1da94fb89cd7eab97,1,1,1
2026-06-25T18:00:00,2026-07-23T18:00:00,6c3818d7c65416c8a0d8fec6da0a4c1a,1,1,1
2026-06-25T18:00:00,2026-07-23T18:00:00,6f04eb174e620d03e70132af779fa9b2,1,1,1
2026-06-25T18:00:00,2026-07-23T18:00:00,6f54d5b4a166e152f72bf4fcf248b3dd,1,1,1
2026-06-25T18:00:00,2026-07-23T18:00:00,6f5514e7c27868a6bb3c3eb1ff6edbb5,1,2305,112
2026-06-25T18:00:00,2026-07-23T18:00:00,709d02d6be75c5cd061827d70853b7fd,1,423,130
2026-06-25T18:00:00,2026-07-23T18:00:00,720959432e7e7613bd112b51fdeefccb,1,1,1
2026-06-25T18:00:00,2026-07-23T18:00:00,72e5571d7e5089980fe0e8f56a6c5094,1,26,12
2026-06-25T18:00:00,2026-07-23T18:00:00,73b636059b6b28d7273a3b7618ec9069,1,25,9
2026-06-25T18:00:00,2026-07-23T18:00:00,73e85c9e41f0ce4561c7d4dde748e0f2,1,37,27
2026-06-25T18:00:00,2026-07-23T18:00:00,740925ad7d02572a4e1b8f71f11ab261,1,5,3
2026-06-25T18:00:00,2026-07-23T18:00:00,7552be7e2f5db557b9307f69bfc3538b,1,2,2
2026-06-25T18:00:00,2026-07-23T18:00:00,7594b53e32b85e149d55b5f857cc320c,1,5,3
2026-06-25T18:00:00,2026-07-23T18:00:00,75c9edd56d6522374c2327c75f1a7099,1,3,2
2026-06-25T18:00:00,2026-07-23T18:00:00,76139405f1017da2b391e79ee84478cb,1,7,1
2026-06-25T18:00:00,2026-07-23T18:00:00,76b77f3fca56dbfcfd1d8f69e774555f,1,1,1
2026-06-25T18:00:00,2026-07-23T18:00:00,773645e9e8d5ad4cbd6b48e668df174f,1,2,2
2026-06-25T18:00:00,2026-07-23T18:00:00,77832c2eef5dd1bf0d7b0634917b57dc,1,2,1
2026-06-25T18:00:00,2026-07-23T18:00:00,7822c98271b3de3601f2e307dbaf0ffc,1,958,150
2026-06-25T18:00:00,2026-07-23T18:00:00,789678b25cde0ef3dad6e6f7e4cc3c83,1,115,8
2026-06-25T18:00:00,2026-07-23T18:00:00,7a8360d1b285fb7c8fb4d5ed93b1e996,1,44,21
2026-06-25T18:00:00,2026-07-23T18:00:00,7a85bdac5a73ece849402f1d93ad823c,1,2,2
2026-06-25T18:00:00,2026-07-23T18:00:00,7acbe7fb6e7ae2161d4e9669214911a5,1,2,2
2026-06-25T18:00:00,2026-07-23T18:00:00,7b88e3445705c883ee9b9c3395bd319c,1,1110,156
2026-06-25T18:00:00,2026-07-23T18:00:00,7b9eb455b1098dce2d7718a4080b72e1,1,3,3
2026-06-25T18:00:00,2026-07-23T18:00:00,7c13f6d61164d186cc8c7f28f06ba178,1,6,3
2026-06-25T18:00:00,2026-07-23T18:00:00,7c17ce1bb6468aeefc2c3d2950c6a0ee,1,2,1
2026-06-25T18:00:00,2026-07-23T18:00:00,7c4448ad1b41de1590d7c41ee17a9ea4,1,19,8
2026-06-25T18:00:00,2026-07-23T18:00:00,7c7bc06f895c8638705ba3ccdb8841b4,1,266,13
2026-06-25T18:00:00,2026-07-23T18:00:00,7ca046be309fee780f33894da17ede45,1,614,114
2026-06-25T18:00:00,2026-07-23T18:00:00,7cb5c3700efc3300396b2eeeaa5be228,1,140,40
2026-06-25T18:00:00,2026-07-23T18:00:00,7cf0b8c48d83ef610d5ad24927026a45,1,4,2
2026-06-25T18:00:00,2026-07-23T18:00:00,7dcd312071170ca0a073561e763e521d,1,1,1
2026-06-25T18:00:00,2026-07-23T18:00:00,7dea86aa5a45c4b10c7a817e9d9bdb8d,1,1,1
2026-06-25T18:00:00,2026-07-23T18:00:00,7e21cd0c09fd50085e6f6fb5f033c028,1,10,6
2026-06-25T18:00:00,2026-07-23T18:00:00,7e2dd4b30cfdbc20acbdfe71a9b055f7,1,4,1
2026-06-25T18:00:00,2026-07-23T18:00:00,7e902ea5a372534ad6c301228461c0b5,1,15,6
2026-06-25T18:00:00,2026-07-23T18:00:00,80162c1a6a7eab6e607d96b4de8df68c,1,20,1
2026-06-25T18:00:00,2026-07-23T18:00:00,8018a121f150496ed2b58ed6b5ff6c5f,1,13,11
2026-06-25T18:00:00,2026-07-23T18:00:00,8046fe40c78da7e756f2e140528ebfe2,1,40,10
2026-06-25T18:00:00,2026-07-23T18:00:00,80b73881ade0e2aee5df135bebd50387,1,632,108
2026-06-25T18:00:00,2026-07-23T18:00:00,80c07ea85f9c4826a8c088c5d724a776,1,1,1
2026-06-25T18:00:00,2026-07-23T18:00:00,80dd10e1cdde8c7b1e76f66a06600459,1,1,1
2026-06-25T18:00:00,2026-07-23T18:00:00,80e81d1739fe51d5cf714be8300119c5,1,29,27
2026-06-25T18:00:00,2026-07-23T18:00:00,81ea219d72e5281520a523c5e6236c7c,1,1,1
2026-06-25T18:00:00,2026-07-23T18:00:00,82da9d2d9ecb8a3a873534356b1f7a70,1,40,40
2026-06-25T18:00:00,2026-07-23T18:00:00,82e9019b9a546b5801155f07536c6e7e,1,4,4
2026-06-25T18:00:00,2026-07-23T18:00:00,82f7131827d9e248f2c57651d4482ea4,1,414,82
2026-06-25T18:00:00,2026-07-23T18:00:00,83ab6b04cec3e84e4951afd08a212b56,1,88,17
2026-06-25T18:00:00,2026-07-23T18:00:00,840e2a666ef2d4c546085bfd6b36e05e,1,4,4
2026-06-25T18:00:00,2026-07-23T18:00:00,8437084b31b8ea638c058e4c2a32fc2a,1,38,21
2026-06-25T18:00:00,2026-07-23T18:00:00,8482c68a851aadd657e6d8f1fcd25a69,1,19,2
2026-06-25T18:00:00,2026-07-23T18:00:00,855cf69d9da3f3e47ba8c601c0faa0e5,1,227,89
2026-06-25T18:00:00,2026-07-23T18:00:00,86121948e45edee3fa73930c16af5326,1,2415,142
2026-06-25T18:00:00,2026-07-23T18:00:00,861fef8a2347e2ef1065a1185ee466cb,1,2,2
2026-06-25T18:00:00,2026-07-23T18:00:00,8641b04fdeace11d85478a47ef25a109,1,79,28
2026-06-25T18:00:00,2026-07-23T18:00:00,8755358cf86fe508027c709418e07430,1,2,2
2026-06-25T18:00:00,2026-07-23T18:00:00,88dee69f8aed158437d73cdd6a78658b,1,1,1
2026-06-25T18:00:00,2026-07-23T18:00:00,891703803264e7c799473727d6b5511e,1,127,58
2026-06-25T18:00:00,2026-07-23T18:00:00,8957461fe4f3b9f4aa8643171c270a0f,1,6,1
2026-06-25T18:00:00,2026-07-23T18:00:00,897f56fcde6eb3cae6ddf819c38d5795,1,526,60
2026-06-25T18:00:00,2026-07-23T18:00:00,8a53b72d2c710974413fa84ffd803b5f,1,2,2
2026-06-25T18:00:00,2026-07-23T18:00:00,8a6aed51cbfa7e634b4a8b241694d425,1,2,2
2026-06-25T18:00:00,2026-07-23T18:00:00,8b0e9d05b12f3ad2f7c84f01fc9e689d,1,54,14
2026-06-25T18:00:00,2026-07-23T18:00:00,8ba793c46db6a1e22c8f435fb730ac26,1,2,2
2026-06-25T18:00:00,2026-07-23T18:00:00,8bd0744751924f59239c4ecc09f35ea1,1,2,2
2026-06-25T18:00:00,2026-07-23T18:00:00,8c1e23a9833419dac5b6b6c1213c0513,1,30,10
2026-06-25T18:00:00,2026-07-23T18:00:00,8c38355de4283e68dc723f1572f79a6e,1,114,34
2026-06-25T18:00:00,2026-07-23T18:00:00,8c59b946f43ca665221b5fa845edb930,1,2,1
2026-06-25T18:00:00,2026-07-23T18:00:00,8d96d95fe1759cf187a8ab6601950f11,1,316,91
2026-06-25T18:00:00,2026-07-23T18:00:00,8e1e1480b5b7d30fde86880483709c27,1,1058,143
2026-06-25T18:00:00,2026-07-23T18:00:00,8e3979839b55fb74fc3caddedfcdc53e,1,1952,136
2026-06-25T18:00:00,2026-07-23T18:00:00,8ed2403e79ae528e9da4f660c4e26f81,1,1,1
2026-06-25T18:00:00,2026-07-23T18:00:00,8eebf7103fe3600c85bbb94eb7db6f97,1,64,35
2026-06-25T18:00:00,2026-07-23T18:00:00,90876c6dec43a5f1f71d148158bf32c2,1,23,4
2026-06-25T18:00:00,2026-07-23T18:00:00,91b679ffb3e506980aeeeba6f9f3f2be,1,1,1
2026-06-25T18:00:00,2026-07-23T18:00:00,91c5e214f6cc6e3b417405f49d299503,1,6,3
2026-06-25T18:00:00,2026-07-23T18:00:00,92cd8c1611c351c66175caa62f4260b9,1,1,1
2026-06-25T18:00:00,2026-07-23T18:00:00,92f003b8df111ba301164802eece8f1f,1,1,1
2026-06-25T18:00:00,2026-07-23T18:00:00,92f084a27203520bedd2bdd55a8a2e94,1,14,4
2026-06-25T18:00:00,2026-07-23T18:00:00,932b7797f6848afb4ee4102d9082acf0,1,11,4
2026-06-25T18:00:00,2026-07-23T18:00:00,932f955d21906700c32ada37766bfacf,1,14,5
2026-06-25T18:00:00,2026-07-23T18:00:00,935458b4f63e86d9b4b02ea112b780bc,1,1,1
2026-06-25T18:00:00,2026-07-23T18:00:00,935a69cffabf69e6a6810cc763b5dccd,1,1,1
2026-06-25T18:00:00,2026-07-23T18:00:00,936ca638ec323862dc06122668968767,1,1,1
2026-06-25T18:00:00,2026-07-23T18:00:00,93b2e10c2557d2817c60a73fcb5d3f29,1,6,2
2026-06-25T18:00:00,2026-07-23T18:00:00,95714461a2a08a8b4cd113fd231623e9,1,10,1
2026-06-25T18:00:00,2026-07-23T18:00:00,959bd9ad164901a9e7423b644ffb81c5,1,2,1
2026-06-25T18:00:00,2026-07-23T18:00:00,95edee109b4e2a129b37057f59072d1f,1,6,3
2026-06-25T18:00:00,2026-07-23T18:00:00,960c7ed5f64774ce25b7d8c8395059bd,1,3,1
2026-06-25T18:00:00,2026-07-23T18:00:00,961b1dd4c8f0f657a3c8bf1743ed9668,1,1,1
2026-06-25T18:00:00,2026-07-23T18:00:00,962cebaf9d8ceca99307253d1a83d28e,1,91,31
2026-06-25T18:00:00,2026-07-23T18:00:00,96b683ca942fa1827c237db4be6c6df0,1,1250,146
2026-06-25T18:00:00,2026-07-23T18:00:00,97e045ea6b711249ad2fe019178e4e3f,1,23,5
2026-06-25T18:00:00,2026-07-23T18:00:00,989932c05d96116b07442addecac6dca,1,1,1
2026-06-25T18:00:00,2026-07-23T18:00:00,99c44cf4c25ee75c2b189290bf3f7699,1,1,1
2026-06-25T18:00:00,2026-07-23T18:00:00,9bc10a948a4d5d9090008bd15304d5cd,1,8,5
2026-06-25T18:00:00,2026-07-23T18:00:00,9c26d93da4825a1c11da6d92cc060cac,1,1,1
2026-06-25T18:00:00,2026-07-23T18:00:00,9c3a950e644398e844895263deaf1a94,1,132,76
2026-06-25T18:00:00,2026-07-23T18:00:00,9c5cb6d7b45711afd3c2e0f7b2a33399,1,9,6
2026-06-25T18:00:00,2026-07-23T18:00:00,9f00b2fd7e78795d4c023a8c72964d8b,1,1,1
2026-06-25T18:00:00,2026-07-23T18:00:00,9f6196cf9b261631f5405da7dc4d80ac,1,4,1
2026-06-25T18:00:00,2026-07-23T18:00:00,9fd50e378aaded27d05e83d14886220b,1,4,1
2026-06-25T18:00:00,2026-07-23T18:00:00,a015cf13b2497e805836bfba93731629,1,1,1
2026-06-25T18:00:00,2026-07-23T18:00:00,a049a35865e0d9fe9158428f8dddaff0,1,13,10
2026-06-25T18:00:00,2026-07-23T18:00:00,a0833c373eac92b922ee7f54647eb9d0,1,2,2
2026-06-25T18:00:00,2026-07-23T18:00:00,a0b1721fa49c098d7acf998ac906ed81,1,22,12
2026-06-25T18:00:00,2026-07-23T18:00:00,a2581815b83a27f4c7670caceb1dc798,1,2,2
2026-06-25T18:00:00,2026-07-23T18:00:00,a3159405502a0a19793c327c755ca61b,1,56,15
2026-06-25T18:00:00,2026-07-23T18:00:00,a56bc1a3aa85c5bbf6aeb627e1782514,1,43,17
2026-06-25T18:00:00,2026-07-23T18:00:00,a56de521a75139c55b95e4d2b001da69,1,2,1
2026-06-25T18:00:00,2026-07-23T18:00:00,a60a3722b75421a544e001bfd919bc06,1,174,71
2026-06-25T18:00:00,2026-07-23T18:00:00,a624c7215d143e420315ca5b2dae875f,1,2,2
2026-06-25T18:00:00,2026-07-23T18:00:00,a6ea702f815062f6c790fee9af9cae89,1,25,4
2026-06-25T18:00:00,2026-07-23T18:00:00,a7085c26470a21d5ca682aaf5f784870,1,1,1
2026-06-25T18:00:00,2026-07-23T18:00:00,a796407a7178c7353aeba7145a2c26e8,1,1,1
2026-06-25T18:00:00,2026-07-23T18:00:00,a7b04f5706abe4e0872c70d483b7393e,1,13,6
2026-06-25T18:00:00,2026-07-23T18:00:00,a85e801fa2912de44a9de25730c6f1aa,1,2239,167
2026-06-25T18:00:00,2026-07-23T18:00:00,a87bcea2b3bbe7c7e6885c4b0e2b614a,1,7,2
2026-06-25T18:00:00,2026-07-23T18:00:00,a8ad1838ef2744dd415822659305e90c,1,15,13
2026-06-25T18:00:00,2026-07-23T18:00:00,a8e35e8132082662a2dc8a89a7fb3a2c,1,4,3
2026-06-25T18:00:00,2026-07-23T18:00:00,a92bb3e34b5f6211c5354991a4bf1166,1,81,62
2026-06-25T18:00:00,2026-07-23T18:00:00,ab1318e2724ed0d3897a7409ae35c4a8,1,369,102
2026-06-25T18:00:00,2026-07-23T18:00:00,abf2893ce52be7eb3781f4585101511d,1,1,1
2026-06-25T18:00:00,2026-07-23T18:00:00,ac01819e541500298d1bfd0a15e76652,1,1,1
2026-06-25T18:00:00,2026-07-23T18:00:00,acd4d363ab1550623ea78fc970496171,1,3,1
2026-06-25T18:00:00,2026-07-23T18:00:00,ad01519af56d9182e359b4d2a7f526c3,1,4,1
2026-06-25T18:00:00,2026-07-23T18:00:00,ad383a430dd9b92a89f4b898855fc882,1,624,116
2026-06-25T18:00:00,2026-07-23T18:00:00,adc1b5d173158216aef160c2dd4b625e,1,6,3
2026-06-25T18:00:00,2026-07-23T18:00:00,ae005231de6fa33edfb7f9c2c7c3c34a,1,164,33
2026-06-25T18:00:00,2026-07-23T18:00:00,ae1b6cf4f3c65c1df0a09e00d730157a,1,1,1
2026-06-25T18:00:00,2026-07-23T18:00:00,ae9ec0650e52d2d134274a7682948903,1,1,1
2026-06-25T18:00:00,2026-07-23T18:00:00,aebad5202529cc7ac98fa898d098b4ae,1,1,1
2026-06-25T18:00:00,2026-07-23T18:00:00,b08c5fbd2cf1162fba98efe628b6b084,1,532,89
2026-06-25T18:00:00,2026-07-23T18:00:00,b0c51c763c9b2fa3b33eaf87d8214614,1,5,2
2026-06-25T18:00:00,2026-07-23T18:00:00,b1f7fcab8557d03ce9218805b2dd9305,1,14,10
2026-06-25T18:00:00,2026-07-23T18:00:00,b229e91e826834829c6d18d52f36c122,1,2,2
2026-06-25T18:00:00,2026-07-23T18:00:00,b2b18ef8744c214b603de10d2958f2a1,1,371,92
2026-06-25T18:00:00,2026-07-23T18:00:00,b3290fc9d805feb110b8dbe2c62dae74,1,5,3
2026-06-25T18:00:00,2026-07-23T18:00:00,b3c456e4e172add9fff2fa1cda3ff736,1,3,2
2026-06-25T18:00:00,2026-07-23T18:00:00,b418d9fef91577cf263bde1f57516bbf,1,80,15
2026-06-25T18:00:00,2026-07-23T18:00:00,b52490b23c7b85b5d7abd01015cc207b,1,5,3
2026-06-25T18:00:00,2026-07-23T18:00:00,b5a21eeb322a50b5c7aadfa764f840c2,1,109,35
2026-06-25T18:00:00,2026-07-23T18:00:00,b5f8e8460f813197d5624a6a6f904f99,1,85,11
2026-06-25T18:00:00,2026-07-23T18:00:00,b63292d779128c5f9aa2f9acbf9c6c98,1,8,4
2026-06-25T18:00:00,2026-07-23T18:00:00,b7a09f82568ba1b603f4545a77565852,1,211,140
2026-06-25T18:00:00,2026-07-23T18:00:00,b8298297ee986af1851fa9ab917c7823,1,47,5
2026-06-25T18:00:00,2026-07-23T18:00:00,b93760fb078b9b5fb2ce4733e2671698,1,1,1
2026-06-25T18:00:00,2026-07-23T18:00:00,b9827039995de78301930f3350c24356,1,1,1
2026-06-25T18:00:00,2026-07-23T18:00:00,b9afd46e18ba5105eda5f80ea8371997,1,5,3
2026-06-25T18:00:00,2026-07-23T18:00:00,bacd092718717b4eb1784c718205bb4f,1,9,6
2026-06-25T18:00:00,2026-07-23T18:00:00,bb36ca66b82c2e4806f99ef388691c6b,1,1,1
2026-06-25T18:00:00,2026-07-23T18:00:00,bca9366f926d08b04c11cddffafee6a0,1,4,2
2026-06-25T18:00:00,2026-07-23T18:00:00,bca959333aa36131f0cfb1c5fdb09c22,1,139,42
2026-06-25T18:00:00,2026-07-23T18:00:00,bcad31a13167f158bf22084b0a781859,1,117,12
2026-06-25T18:00:00,2026-07-23T18:00:00,bd0c923ad85bfd2185e5f51ea46169a7,1,1,1
2026-06-25T18:00:00,2026-07-23T18:00:00,bd1d9108bc551d2129326c9caa53cbf5,1,18,10
2026-06-25T18:00:00,2026-07-23T18:00:00,bd6b6cb7bad65d3bfedcedcea7584940,1,69,35
2026-06-25T18:00:00,2026-07-23T18:00:00,bd76e6d12956dfbe528ee3b797c61416,1,714,71
2026-06-25T18:00:00,2026-07-23T18:00:00,bd76eee18b823d6aabff71afa896be2c,1,1,1
2026-06-25T18:00:00,2026-07-23T18:00:00,bfde1f1c169e13a28354d1093ec10614,1,10,3
2026-06-25T18:00:00,2026-07-23T18:00:00,bfe1b27ce043ff11dd39aa5b631ff880,1,10,5
2026-06-25T18:00:00,2026-07-23T18:00:00,c0511ed8e067ba4e9ea4e09ba50ea392,1,4,3
2026-06-25T18:00:00,2026-07-23T18:00:00,c053ba53a7bff4ffb10910f3fdb149b2,1,58,26
2026-06-25T18:00:00,2026-07-23T18:00:00,c095676f1ebccb4caa89a04569217844,1,305,98
2026-06-25T18:00:00,2026-07-23T18:00:00,c09db49a0d3ac6550bb149b836e56a7d,1,14,5
2026-06-25T18:00:00,2026-07-23T18:00:00,c0edabd2fa050ccd8d6af04205fcca20,1,67,28
2026-06-25T18:00:00,2026-07-23T18:00:00,c105c997b33008d00341e3cb25d4f9bc,1,2,1
2026-06-25T18:00:00,2026-07-23T18:00:00,c16fd62e9fcd2b975a427818f7b38391,1,60,34
2026-06-25T18:00:00,2026-07-23T18:00:00,c19e0a7f968c91e69120b5ec9c5c7083,1,3,2
2026-06-25T18:00:00,2026-07-23T18:00:00,c222a6ed2fd926fbcdcf8d09505e3337,1,15,3
2026-06-25T18:00:00,2026-07-23T18:00:00,c271f4912ca2e9f4f91f5a15d4c00dab,1,4,3
2026-06-25T18:00:00,2026-07-23T18:00:00,c30a8d9fe320e9120e05f0f09218aa0d,1,7,3
2026-06-25T18:00:00,2026-07-23T18:00:00,c3119891f455e3a7688c214042e7458f,1,8,5
2026-06-25T18:00:00,2026-07-23T18:00:00,c325ca722793ae687d67fbc015614b1e,1,3,2
2026-06-25T18:00:00,2026-07-23T18:00:00,c348f5741f070ba76d679cd859d96f81,1,8,7
2026-06-25T18:00:00,2026-07-23T18:00:00,c3b978cbcd528ca051ff7491290b7989,1,93,47
2026-06-25T18:00:00,2026-07-23T18:00:00,c41e6be0793d56b9efab23a76bf2de55,1,7490,168
2026-06-25T18:00:00,2026-07-23T18:00:00,c45fea404bb513c42bff17c37079226e,1,1,1
2026-06-25T18:00:00,2026-07-23T18:00:00,c5ada18b9b9cd9f122e59bec04099252,1,1,1
2026-06-25T18:00:00,2026-07-23T18:00:00,c65dbbb12595291c3415eb34fdc6c7f2,1,2,1
2026-06-25T18:00:00,2026-07-23T18:00:00,c7658f1c6054802011c08f3206b0bc5d,1,34,13
2026-06-25T18:00:00,2026-07-23T18:00:00,c7b4163d53efaa5717dbf0c410ebc106,1,2,2
2026-06-25T18:00:00,2026-07-23T18:00:00,c8a92ca4eaea6f58eec66ef241339852,1,779,112
2026-06-25T18:00:00,2026-07-23T18:00:00,c9603dcb99bdb29c908dbde19ae1e2d8,1,2,1
2026-06-25T18:00:00,2026-07-23T18:00:00,c9feeb04cd73c922108a1241523164ad,1,1,1
2026-06-25T18:00:00,2026-07-23T18:00:00,caaacd65512b86257a81b78ae6d290e1,1,1,1
2026-06-25T18:00:00,2026-07-23T18:00:00,cb2e7105d4125fadfa8d17ee59c10c42,1,1993,150
2026-06-25T18:00:00,2026-07-23T18:00:00,cb5faebce4b673e95c262ba3ac1d7245,1,176,46
2026-06-25T18:00:00,2026-07-23T18:00:00,cc2806c6ccd0d4c75da237dc14b89cee,1,26,12
2026-06-25T18:00:00,2026-07-23T18:00:00,cc827df03c8635b71362f80a23175292,1,2,1
2026-06-25T18:00:00,2026-07-23T18:00:00,cdab8b35fdb7640ab57705c76c7e1e97,1,10,4
2026-06-25T18:00:00,2026-07-23T18:00:00,cdb2e500605d9a887dfde6bc376e72f5,1,206,47
2026-06-25T18:00:00,2026-07-23T18:00:00,cdded0a04de2d971efbb655ae1ea31cf,1,1,1
2026-06-25T18:00:00,2026-07-23T18:00:00,cded0281d18d9799529af82d11cd52a1,1,22,5
2026-06-25T18:00:00,2026-07-23T18:00:00,ce3397961bc79e77b071ddd2997422db,1,1,1
2026-06-25T18:00:00,2026-07-23T18:00:00,ce51666f0da9ecfdfc88c34eb0cfef5f,1,298,116
2026-06-25T18:00:00,2026-07-23T18:00:00,cf5f8ad39d34b44896055b90eb13478e,1,212,114
2026-06-25T18:00:00,2026-07-23T18:00:00,cfc32873df643c0272b305d4e10cb537,1,54,16
2026-06-25T18:00:00,2026-07-23T18:00:00,cfe787d7889058c9ae4ddec6e3656987,1,54,8
2026-06-25T18:00:00,2026-07-23T18:00:00,cff2b47795d239f605630e953c72a421,1,163,41
2026-06-25T18:00:00,2026-07-23T18:00:00,d010917c0b6dc682e76b873814e2e7df,1,39,8
2026-06-25T18:00:00,2026-07-23T18:00:00,d03fb1136fa90095177552fbcb61864b,1,2,2
2026-06-25T18:00:00,2026-07-23T18:00:00,d067084c426dfb917601caa948c2a2e0,1,1,1
2026-06-25T18:00:00,2026-07-23T18:00:00,d07958c11ad17564ccc78daec1a20c92,1,7,1
2026-06-25T18:00:00,2026-07-23T18:00:00,d0ba2360ae0bd98263d5db1d29e9faea,1,4,2
2026-06-25T18:00:00,2026-07-23T18:00:00,d0ecd2d4f034713fb8891efddd4b2b06,1,78,17
2026-06-25T18:00:00,2026-07-23T18:00:00,d1583f4d658054089c4060679ab59c32,1,43,26
2026-06-25T18:00:00,2026-07-23T18:00:00,d1e9187765a9a9313745697eda8571d6,1,264,69
2026-06-25T18:00:00,2026-07-23T18:00:00,d1fabab3f7fb9a59499080ddb9978649,1,1,1
2026-06-25T18:00:00,2026-07-23T18:00:00,d22d15064662f92f12035467f7d3ab67,1,17,13
2026-06-25T18:00:00,2026-07-23T18:00:00,d43c97e13b358dab1e842842dbe4a371,1,11,5
2026-06-25T18:00:00,2026-07-23T18:00:00,d446f7f3c0e778bedd531f681a792f44,1,22,5
2026-06-25T18:00:00,2026-07-23T18:00:00,d47bfb497a10a7d2da4893aaf8fdb792,1,1,1
2026-06-25T18:00:00,2026-07-23T18:00:00,d56eb62103d649d47afe786941eee8f0,1,3,2
2026-06-25T18:00:00,2026-07-23T18:00:00,d59f3048cf7efad2b7ca4c155e0d9e93,1,9,6
2026-06-25T18:00:00,2026-07-23T18:00:00,d61fa20ee02664e08ca7fd8ab2f3f94c,1,3,3
2026-06-25T18:00:00,2026-07-23T18:00:00,d66b8150e6cb8a2e3a044635abdf5683,1,2,1
2026-06-25T18:00:00,2026-07-23T18:00:00,d7309708b946275e454f41b4fa600d19,1,1,1
2026-06-25T18:00:00,2026-07-23T18:00:00,d79850f275a37cfe918e6e62064e2240,1,7,1
2026-06-25T18:00:00,2026-07-23T18:00:00,d7d14f9553f53559dc0d32b1ad6f6b70,1,2,1
2026-06-25T18:00:00,2026-07-23T18:00:00,d83ee0c4d55034aa328bf074a8615001,1,870,168
2026-06-25T18:00:00,2026-07-23T18:00:00,d84f9e7a8abcddc16e0604e854104e25,1,49,26
2026-06-25T18:00:00,2026-07-23T18:00:00,d86adbb00ba3946611ffd66dc9966498,1,1,1
2026-06-25T18:00:00,2026-07-23T18:00:00,d958891da5ad9d9f68215e24b0833cdc,1,2,1
2026-06-25T18:00:00,2026-07-23T18:00:00,d9b296fc3f1bfd69e52080d62efb18f6,1,774,106
2026-06-25T18:00:00,2026-07-23T18:00:00,da3739c5b60082b7f46b6bf40b3eb628,1,8,4
2026-06-25T18:00:00,2026-07-23T18:00:00,da86b2b76bf465e9c6919e0ec6bd30f5,1,15,13
2026-06-25T18:00:00,2026-07-23T18:00:00,daaf8212b83e836120bff13f9be76348,1,1691,168
2026-06-25T18:00:00,2026-07-23T18:00:00,dae7f7251e791fd2c6a1b0e441a72847,1,1,1
2026-06-25T18:00:00,2026-07-23T18:00:00,dbad621ab834fa136b6a4bad09436dcc,1,3,2
2026-06-25T18:00:00,2026-07-23T18:00:00,dc1fbcd1ee8d318c2a099700692a0e29,1,67,18
2026-06-25T18:00:00,2026-07-23T18:00:00,dc40d5374396df055f886cb7f9edd854,1,1,1
2026-06-25T18:00:00,2026-07-23T18:00:00,dc4a5e0889f929efb058eae075f76325,1,2,2
2026-06-25T18:00:00,2026-07-23T18:00:00,dd0a87407ba38c9895cf486dbb4ba611,1,1,1
2026-06-25T18:00:00,2026-07-23T18:00:00,dd1ad492d9c40f4aa7a747226338cc42,1,2,2
2026-06-25T18:00:00,2026-07-23T18:00:00,dd7b78470f660f4d9e3f01b45d0bf906,1,1,1
2026-06-25T18:00:00,2026-07-23T18:00:00,dd896ef87aa23a47681e7059f4236732,1,1,1
2026-06-25T18:00:00,2026-07-23T18:00:00,de00a39c2c5f005db8c17b565e5a5cbf,1,1,1
2026-06-25T18:00:00,2026-07-23T18:00:00,defccd3912166cbe1ad3f1e33da8cfa2,1,48,13
2026-06-25T18:00:00,2026-07-23T18:00:00,df5e1f039360368ca1d3b970972bfe44,1,226,78
2026-06-25T18:00:00,2026-07-23T18:00:00,e0087e959a0aba6a92772e44a2defb21,1,2,2
2026-06-25T18:00:00,2026-07-23T18:00:00,e056e3f0f2ea78674e5b895f83388669,1,9,5
2026-06-25T18:00:00,2026-07-23T18:00:00,e0c4dfd6a75b791bf84efa9d5b878d02,1,534,146
2026-06-25T18:00:00,2026-07-23T18:00:00,e0cda5b8f7dc67e792d1caf9c1fbf00f,1,1,1
2026-06-25T18:00:00,2026-07-23T18:00:00,e1a4f82d7033b15732539dd4d792d545,1,3,2
2026-06-25T18:00:00,2026-07-23T18:00:00,e21e74d2d58dd61936444347f27ef57c,1,2,2
2026-06-25T18:00:00,2026-07-23T18:00:00,e24c812c95a8b920ed763a6e87401a3f,1,3,3
2026-06-25T18:00:00,2026-07-23T18:00:00,e27600d00c80fbda6c25b100000b9e2a,1,87,19
2026-06-25T18:00:00,2026-07-23T18:00:00,e2fe5610b2b4a327422206750ce009d6,1,2,2
2026-06-25T18:00:00,2026-07-23T18:00:00,e33d546be01fbbe3e5ad8ef3d17be679,1,132,13
2026-06-25T18:00:00,2026-07-23T18:00:00,e397c7fa0bc20c69241a313801a8ff2c,1,1,1
2026-06-25T18:00:00,2026-07-23T18:00:00,e421e60bf775c9c7cb84172d378d56e3,1,12,4
2026-06-25T18:00:00,2026-07-23T18:00:00,e4302f81da2c8b1de23f48619a622ef5,1,20,18
2026-06-25T18:00:00,2026-07-23T18:00:00,e4fe345391c1a80052ac53c6b651ea6f,1,25,18
2026-06-25T18:00:00,2026-07-23T18:00:00,e5995cc35324305fa83e4cb7274da92b,1,10,7
2026-06-25T18:00:00,2026-07-23T18:00:00,e5d8f94ed716ea614f6c57ba65283c6d,1,233,118
2026-06-25T18:00:00,2026-07-23T18:00:00,e5e2b91cee14c996f65cb5e9a1ad9bb8,1,22,8
2026-06-25T18:00:00,2026-07-23T18:00:00,e663e9533130d8012c1a33b5654e0d88,1,1,1
2026-06-25T18:00:00,2026-07-23T18:00:00,e6cfe827fcd01d0e3105d9fe2d2cd6f2,1,10,3
2026-06-25T18:00:00,2026-07-23T18:00:00,e71323a459b3f5144090acf3bf079a02,1,1,1
2026-06-25T18:00:00,2026-07-23T18:00:00,e71830482d798bdab8f2cb526d509c2b,1,4,3
2026-06-25T18:00:00,2026-07-23T18:00:00,e747b60932282a4ce89482e99283db5f,1,5,4
2026-06-25T18:00:00,2026-07-23T18:00:00,e789d534353dcb4196bece745dc422c0,1,1,1
2026-06-25T18:00:00,2026-07-23T18:00:00,e7971c8c8b76cde67342760ab029701d,1,1,1
2026-06-25T18:00:00,2026-07-23T18:00:00,e7cc899c9ac72f7e2a4b4db6a30c9df2,1,950,159
2026-06-25T18:00:00,2026-07-23T18:00:00,e7fcc50737032fcbd8e3ad059f2a8673,1,1,1
2026-06-25T18:00:00,2026-07-23T18:00:00,e8e06368373ae31a4430597f94529844,1,7,3
2026-06-25T18:00:00,2026-07-23T18:00:00,e8e7888cc42863a355789f84b1e37b64,1,1,1
2026-06-25T18:00:00,2026-07-23T18:00:00,e9aa908637a3507aa84054812d03189f,1,2,1
2026-06-25T18:00:00,2026-07-23T18:00:00,ea89792e7dbcf33e96dd5caff3064c05,1,1,1
2026-06-25T18:00:00,2026-07-23T18:00:00,eaefd7c28aeb425f7a896fcbf5050c36,1,21,12
2026-06-25T18:00:00,2026-07-23T18:00:00,eb39a656f48e433263cb37d7df6d85c0,1,1,1
2026-06-25T18:00:00,2026-07-23T18:00:00,eb5402fc166bc7027a64672eea61b93e,1,29,6
2026-06-25T18:00:00,2026-07-23T18:00:00,eba5cf26c72639be89f7a058b2822326,1,7,4
2026-06-25T18:00:00,2026-07-23T18:00:00,ebdf11e829a9b68e9611b704852d55c2,1,1,1
2026-06-25T18:00:00,2026-07-23T18:00:00,ec1a6f54f16f7c057305dbadbfd6a65b,1,1,1
2026-06-25T18:00:00,2026-07-23T18:00:00,ec830322039c513fd72fa8a47086e379,1,1,1
2026-06-25T18:00:00,2026-07-23T18:00:00,ec890d92b2512a72910005b9ca9e13d8,1,704,128
2026-06-25T18:00:00,2026-07-23T18:00:00,ed8f62f158472603b8caabdd323023cd,1,1,1
2026-06-25T18:00:00,2026-07-23T18:00:00,edbe463ea236082f4c30bc6e97ef363c,1,18,3
2026-06-25T18:00:00,2026-07-23T18:00:00,edd080072317ba00d96b50457dec4250,1,62,16
2026-06-25T18:00:00,2026-07-23T18:00:00,ef695d13294748c8693c6c1302254b0a,1,69,17
2026-06-25T18:00:00,2026-07-23T18:00:00,efad9bc98d3e939fc93c36572233a96e,1,3,3
2026-06-25T18:00:00,2026-07-23T18:00:00,f02743036dd15426a3742c43d1973ded,1,94,26
2026-06-25T18:00:00,2026-07-23T18:00:00,f07cb4911a155ad2256661b6ea04ed41,1,1,1
2026-06-25T18:00:00,2026-07-23T18:00:00,f09de6a13e7217875780ed176fa664f1,1,36,7
2026-06-25T18:00:00,2026-07-23T18:00:00,f0cd2e015f9feab2be7755b553564d7c,1,1,1
2026-06-25T18:00:00,2026-07-23T18:00:00,f0d627e17a314afb788237f10de88934,1,70,11
2026-06-25T18:00:00,2026-07-23T18:00:00,f2473a3db2dd1a59c3265c423bd46f43,1,1,1
2026-06-25T18:00:00,2026-07-23T18:00:00,f2657a21502133a72135bf4d72285976,1,46,15
2026-06-25T18:00:00,2026-07-23T18:00:00,f3ff14f42a8f2b2f21eeda16f54b471e,1,14,3
2026-06-25T18:00:00,2026-07-23T18:00:00,f42343268f483a3f9861638eb9f6d5bf,1,13,9
2026-06-25T18:00:00,2026-07-23T18:00:00,f53d74aacf050cf36baa29d871e51a1c,1,1419,132
2026-06-25T18:00:00,2026-07-23T18:00:00,f6a8c4e9bce0bfaf3ab4300d5413c7e1,1,1,1
2026-06-25T18:00:00,2026-07-23T18:00:00,f6d721e4d718fa7a58cfbda36469bd95,1,1,1
2026-06-25T18:00:00,2026-07-23T18:00:00,f78d200c9b21578a25b870360ca3b8dc,1,1,1
2026-06-25T18:00:00,2026-07-23T18:00:00,f7c446c265ce03ce20e35a1711267864,1,214,105
2026-06-25T18:00:00,2026-07-23T18:00:00,f8cdb130416da6024a57721234cdb1cf,1,3,1
2026-06-25T18:00:00,2026-07-23T18:00:00,f9003982fecca2115f682649d41c6cda,1,4,3
2026-06-25T18:00:00,2026-07-23T18:00:00,f9125aabdacaa4f7bcddb81d054328bf,1,550,51
2026-06-25T18:00:00,2026-07-23T18:00:00,f92b72aaabb789f7b57d5b90b2659e20,1,2,2
2026-06-25T18:00:00,2026-07-23T18:00:00,f95f4814495b7aed0892b7bcd16fc667,1,26,9
2026-06-25T18:00:00,2026-07-23T18:00:00,f9a6fc70228caa9864c6ed52c2748b1e,1,3,1
2026-06-25T18:00:00,2026-07-23T18:00:00,fa40de67d61e7584252745aebdb517a7,1,15,10
2026-06-25T18:00:00,2026-07-23T18:00:00,fa4a913158f609dff71b6f0522d17ab3,1,1672,168
2026-06-25T18:00:00,2026-07-23T18:00:00,fbc936161f8825cc4dcb0249f208a792,1,1,1
2026-06-25T18:00:00,2026-07-23T18:00:00,fbcac7708386de7f723e8e745efea3ff,1,1,1
2026-06-25T18:00:00,2026-07-23T18:00:00,fbcb0024d9cc0a56dbb8db8d7d8df5fe,1,6,2
2026-06-25T18:00:00,2026-07-23T18:00:00,fbda2317747c46996c9c88fb8812a9c2,1,3,1
2026-06-25T18:00:00,2026-07-23T18:00:00,fc75af9c913c4f646b3665265b7d947f,1,511,125
2026-06-25T18:00:00,2026-07-23T18:00:00,fcdd3effad58591058fb9a2dccbc9acc,1,1,1
2026-06-25T18:00:00,2026-07-23T18:00:00,fcff5dedf1f20aca7a7f41833647614e,1,10,5
2026-06-25T18:00:00,2026-07-23T18:00:00,fe3627c11e189de8d1be02f33448a22d,1,1,1
2026-06-25T18:00:00,2026-07-23T18:00:00,fe5a1ed8d1918f6b60a6bc700563ffd1,1,3,3
2026-06-25T18:00:00,2026-07-23T18:00:00,fe956ecd204318c98986f513df76ba44,1,13,5
2026-06-25T18:00:00,2026-07-23T18:00:00,ff2f9ff77974a468adc907dfa574dad9,1,2,2
2026-06-25T18:00:00,2026-07-23T18:00:00,ff3cfa8520c8293caab134e881b2e92b,1,2,2
2026-06-25T18:00:00,2026-07-23T18:00:00,ff537061ecb5caceb0875b7e7dff6017,1,4,2
2026-06-25T18:00:00,2026-07-23T18:00:00,ff8358ff94c001dad8328c1f3a6f334e,1,390,103
2026-06-25T18:00:00,2026-07-23T18:00:00,017c09d1318079e4633e5bc3872163b2,2,35,5
2026-06-25T18:00:00,2026-07-23T18:00:00,01b41ec4c194cfd003dcaa1fe04d8401,2,5,1
2026-06-25T18:00:00,2026-07-23T18:00:00,02c4a8420678704c8097a08f05c5a33e,2,286,38
2026-06-25T18:00:00,2026-07-23T18:00:00,03bbb2ea48a107be9bd0b526f99c7107,2,1,1
2026-06-25T18:00:00,2026-07-23T18:00:00,042c03b05caaa540bd3c99c3048fe401,2,379,47
2026-06-25T18:00:00,2026-07-23T18:00:00,0465d03ff0f1e10d705483f7b390b61b,2,5,3
2026-06-25T18:00:00,2026-07-23T18:00:00,054a023a78204f311927a6d1b89f95c6,2,4,1
2026-06-25T18:00:00,2026-07-23T18:00:00,068cb3f0e9c247dffb9bf03bd2763613,2,57,50
2026-06-25T18:00:00,2026-07-23T18:00:00,06f975fbf33cdbae591c13e1418dcbf7,2,1,1
2026-06-25T18:00:00,2026-07-23T18:00:00,070d522c725255eb8953f01ca1ba745d,2,424,54
2026-06-25T18:00:00,2026-07-23T18:00:00,071052359cff68a2c1edb4bd30dd5942,2,33,15
2026-06-25T18:00:00,2026-07-23T18:00:00,073ccdfc1840f78806cc0817cf48344a,2,1,1
2026-06-25T18:00:00,2026-07-23T18:00:00,078c7f61a73340dd7ff9557e769b9e0d,2,18,12
2026-06-25T18:00:00,2026-07-23T18:00:00,07cc399519be4c7383ba2a0fbeb5aff0,2,349,82
2026-06-25T18:00:00,2026-07-23T18:00:00,0888814985e4f5b471eaddfd2fee8adf,2,467,65
2026-06-25T18:00:00,2026-07-23T18:00:00,092eb82db289b804a48c7ef9c3f9f563,2,2,2
2026-06-25T18:00:00,2026-07-23T18:00:00,0a351a614553c5aef862ab227bb9d05f,2,9,5
2026-06-25T18:00:00,2026-07-23T18:00:00,0a85f82fbd80ddce784979f923733174,2,1,1
2026-06-25T18:00:00,2026-07-23T18:00:00,0aca4c0ee60e3346d609fed7d5d18727,2,20,20
2026-06-25T18:00:00,2026-07-23T18:00:00,0ad1a7652c7e4bad6d01375ef07893ca,2,310,46
2026-06-25T18:00:00,2026-07-23T18:00:00,0b2d2f4a0baf409969ee7f8ffc2a6633,2,3,3
2026-06-25T18:00:00,2026-07-23T18:00:00,0b2db8e1bc0ad7af84750850f71faa06,2,160,43
2026-06-25T18:00:00,2026-07-23T18:00:00,0b38a5977e0301a3440f32eda0bb1e3b,2,153,34
2026-06-25T18:00:00,2026-07-23T18:00:00,0bd89b873b8f42f6ce3bebac45011322,2,11,6
2026-06-25T18:00:00,2026-07-23T18:00:00,0bddd415f5f22587099a347bd7f7bf19,2,162,56
2026-06-25T18:00:00,2026-07-23T18:00:00,0c068f29784f64c5599a35e388e8c283,2,1,1
2026-06-25T18:00:00,2026-07-23T18:00:00,0c07c605e9748e256ce96191fcf0e978,2,60,17
2026-06-25T18:00:00,2026-07-23T18:00:00,0c9a9c1c8da6e3ccd893a5bb55d36e39,2,19,3
2026-06-25T18:00:00,2026-07-23T18:00:00,0c9f4eaf4e84d722b3b800200623305c,2,1,1
2026-06-25T18:00:00,2026-07-23T18:00:00,0cac5cc650ceab9f048a613b54d4b3b9,2,438,86
2026-06-25T18:00:00,2026-07-23T18:00:00,0cd56f60a860990a7569035a6e7d4fb7,2,2775,157
2026-06-25T18:00:00,2026-07-23T18:00:00,0d286bd6bffcce255ff9ede98326d14f,2,2,2
2026-06-25T18:00:00,2026-07-23T18:00:00,0e54d9a497ba8a6a10583e11276ed76e,2,3,3
2026-06-25T18:00:00,2026-07-23T18:00:00,0f01aca5b7f2ba2e960477d071221c48,2,8,3
2026-06-25T18:00:00,2026-07-23T18:00:00,0f381ddc1956dbf4bc58b508f6f2a525,2,3,2
2026-06-25T18:00:00,2026-07-23T18:00:00,1087833ea69a74856c5530bc04c81d0d,2,1916,157
2026-06-25T18:00:00,2026-07-23T18:00:00,10eb5f15feabbf43d8cbcfdc0eb5fd11,2,239,37
2026-06-25T18:00:00,2026-07-23T18:00:00,1176acc5482240910424a133e39c204c,2,1,1
2026-06-25T18:00:00,2026-07-23T18:00:00,11e16fa25d8fd93e88ebe9ca321c0d2a,2,215,28
2026-06-25T18:00:00,2026-07-23T18:00:00,1318f3065160c2daf6d3bcbee169c3f6,2,79,27
2026-06-25T18:00:00,2026-07-23T18:00:00,1336f9e63e6aef82f356abdf63a8eedd,2,169,23
2026-06-25T18:00:00,2026-07-23T18:00:00,14b44f132d6a0363bbf6ad242acdda7a,2,36,9
2026-06-25T18:00:00,2026-07-23T18:00:00,152b52c12479f6d8fe9f7e5d44370f42,2,27,16
2026-06-25T18:00:00,2026-07-23T18:00:00,154384320a497cda1181389c00ac096a,2,4,2
2026-06-25T18:00:00,2026-07-23T18:00:00,163ecb811e0e0eea6332efdde1000c21,2,7,2
2026-06-25T18:00:00,2026-07-23T18:00:00,1a6f517eb4f82dcb03df1ac18ede7b8f,2,122,40
2026-06-25T18:00:00,2026-07-23T18:00:00,1b766f3387db4a340163e484309a87ef,2,409,104
2026-06-25T18:00:00,2026-07-23T18:00:00,1bf647e07168fec3edc20773f5063d00,2,5,2
2026-06-25T18:00:00,2026-07-23T18:00:00,1c99b9fee1c7b81fca031840435c38c2,2,33,11
2026-06-25T18:00:00,2026-07-23T18:00:00,1ce021e67e0227cfe71edff14d218f49,2,111,17
2026-06-25T18:00:00,2026-07-23T18:00:00,1de89881845f9e94b00d17e74c5fa070,2,325,156
2026-06-25T18:00:00,2026-07-23T18:00:00,1e0c83769061f0eae93ec4dc7c19f860,2,58,22
2026-06-25T18:00:00,2026-07-23T18:00:00,1e8ac582c115696e613f947445975579,2,207,58
2026-06-25T18:00:00,2026-07-23T18:00:00,1ed4b2473f9d24311a747155a05db378,2,5,3
2026-06-25T18:00:00,2026-07-23T18:00:00,1edb79aabab46d6dc67da7cc0ea753ac,2,306,98
2026-06-25T18:00:00,2026-07-23T18:00:00,1fcf8126243a86d22187ba0cb1592cfa,2,80,72
2026-06-25T18:00:00,2026-07-23T18:00:00,1fde7ad5341381f27fd47986b434c231,2,2,2
2026-06-25T18:00:00,2026-07-23T18:00:00,217a843b36859107f1fdf358709959b4,2,66,23
2026-06-25T18:00:00,2026-07-23T18:00:00,219dc8a0e6224f0e529b81bffaaa5659,2,165,53
2026-06-25T18:00:00,2026-07-23T18:00:00,21c5b64746838e5eaf32745558c45943,2,1,1
2026-06-25T18:00:00,2026-07-23T18:00:00,2209be5e4468024b431997c5b8568683,2,2,2
2026-06-25T18:00:00,2026-07-23T18:00:00,222e78a97d7836857c0c0a646b3af988,2,56,40
2026-06-25T18:00:00,2026-07-23T18:00:00,224b9f5ef9a538db24da1d8051a55e3c,2,3,1
2026-06-25T18:00:00,2026-07-23T18:00:00,2269eeda6f9057b0d4f168572636fbfa,2,92,17
2026-06-25T18:00:00,2026-07-23T18:00:00,22745f4c4374eb56ecba45560ff9f7f2,2,1,1
2026-06-25T18:00:00,2026-07-23T18:00:00,2366384770bf216162710edd1a3412ee,2,1,1
2026-06-25T18:00:00,2026-07-23T18:00:00,23d527defa6d8dc04d93535868148dd9,2,589,83
2026-06-25T18:00:00,2026-07-23T18:00:00,24051284f5b821a99ede0caa344ca4c3,2,5,4
2026-06-25T18:00:00,2026-07-23T18:00:00,24ace3385ad1d601cf91bcf016396eba,2,46,10
2026-06-25T18:00:00,2026-07-23T18:00:00,24aea58b68481b04cf0d89214392e3aa,2,2,2
2026-06-25T18:00:00,2026-07-23T18:00:00,24e96aeb75c2a0ee13ca7a5b3e895fcf,2,229,34
2026-06-25T18:00:00,2026-07-23T18:00:00,255d7c8ce50394cdf376266d475b4b09,2,12,3
2026-06-25T18:00:00,2026-07-23T18:00:00,25aeec9260283b7945572e0ec01799a3,2,1648,163
2026-06-25T18:00:00,2026-07-23T18:00:00,25b8d8b84bd187103cfe3153ae284d30,2,1,1
2026-06-25T18:00:00,2026-07-23T18:00:00,25e6599f26a6eef9f594eddf156188ab,2,2,2
2026-06-25T18:00:00,2026-07-23T18:00:00,26056456102685ee69648ba059bf9403,2,47,6
2026-06-25T18:00:00,2026-07-23T18:00:00,2611225ae0b44d8ffd68fb1aa9c3fd47,2,2,1
2026-06-25T18:00:00,2026-07-23T18:00:00,270cb680fd2b36a3ff1bdfcbc27eff82,2,2,2
2026-06-25T18:00:00,2026-07-23T18:00:00,27bfe52bd0853bd3f11092007677bfb9,2,1,1
2026-06-25T18:00:00,2026-07-23T18:00:00,28db46031e46cbc492b96d5341bdcdfa,2,850,158
2026-06-25T18:00:00,2026-07-23T18:00:00,2969977bfd4bbc727d9ab9145f4778c1,2,1,1
2026-06-25T18:00:00,2026-07-23T18:00:00,29e2b1a645a48e2612ea9d7a39e40c2f,2,21,4
2026-06-25T18:00:00,2026-07-23T18:00:00,2a8f610c8c47e80604c31a390ee0b989,2,4,3
2026-06-25T18:00:00,2026-07-23T18:00:00,2ac5515b287bae0fd6db926bc6e2fcd2,2,222,44
2026-06-25T18:00:00,2026-07-23T18:00:00,2ae2e4cfd042299d0dda5cbd63af78d9,2,6,5
2026-06-25T18:00:00,2026-07-23T18:00:00,2baefcec2c3c30e2f4941c6c43ea4ff0,2,1,1
2026-06-25T18:00:00,2026-07-23T18:00:00,2c43f73447483b33f0d1920673f0b952,2,47,11
2026-06-25T18:00:00,2026-07-23T18:00:00,2c4ae81fa946ea44d5536d05efa14d84,2,1,1
2026-06-25T18:00:00,2026-07-23T18:00:00,2c81ce9ecb9b892daa44c3c1f282c54e,2,1,1
2026-06-25T18:00:00,2026-07-23T18:00:00,2c9fdbeb4a46789a29950dd0eded3457,2,1,1
2026-06-25T18:00:00,2026-07-23T18:00:00,2d5aeb856230300a3b6cf6246857c611,2,7,7
2026-06-25T18:00:00,2026-07-23T18:00:00,2db43997334d07373e0e02aac70a440a,2,1,1
2026-06-25T18:00:00,2026-07-23T18:00:00,2df38b9cb60ba36544dea0089d80b0ca,2,2240,167
2026-06-25T18:00:00,2026-07-23T18:00:00,2e2235738ac5f7c04ed53f05bdba5e98,2,484,89
2026-06-25T18:00:00,2026-07-23T18:00:00,2fe0d557e3e835b6b76eda8c9716f42a,2,283,69
2026-06-25T18:00:00,2026-07-23T18:00:00,305fe8850100343ae40d4d2c7e53eb7e,2,6660,168
2026-06-25T18:00:00,2026-07-23T18:00:00,318a1fa0531eff6a26fa4f71f2064ff3,2,19,8
2026-06-25T18:00:00,2026-07-23T18:00:00,318fdb7c70442de3429724e85e9c80ab,2,37,3
2026-06-25T18:00:00,2026-07-23T18:00:00,331480048d9cbd1ef3065da737540523,2,12,5
2026-06-25T18:00:00,2026-07-23T18:00:00,3339531a6088399f28d8cb09286e6e66,2,1,1
2026-06-25T18:00:00,2026-07-23T18:00:00,33d44f5ca87fcd8d54de891850bf2234,2,6,4
2026-06-25T18:00:00,2026-07-23T18:00:00,33fb50209e121f98d7ae5939aaf33c17,2,40,21
2026-06-25T18:00:00,2026-07-23T18:00:00,346a28721e822abd6f37eff7e8e4d50f,2,8,4
2026-06-25T18:00:00,2026-07-23T18:00:00,34fd48a779fb19d7dc72a396c52cf456,2,54,21
2026-06-25T18:00:00,2026-07-23T18:00:00,36088d4d3c4277630580660050b83d99,2,331,56
2026-06-25T18:00:00,2026-07-23T18:00:00,365d96cb80ae491cfa4c955120fe5cc7,2,1,1
2026-06-25T18:00:00,2026-07-23T18:00:00,379dd022673680c87da3b59bd2c40485,2,10,4
2026-06-25T18:00:00,2026-07-23T18:00:00,388799840d5694a9f3d080106b6acf06,2,67,23
2026-06-25T18:00:00,2026-07-23T18:00:00,3965a17251852f6aeb30a09fbd559cdc,2,2,2
2026-06-25T18:00:00,2026-07-23T18:00:00,3a409eac9ec1329c15a6afcd86ef8306,2,5,4
2026-06-25T18:00:00,2026-07-23T18:00:00,3ac5f4300a6c3e9f11a3cad354f1e819,2,14,9
2026-06-25T18:00:00,2026-07-23T18:00:00,3b2d5254123c3c618643f1a8d839ed35,2,8,6
2026-06-25T18:00:00,2026-07-23T18:00:00,3b7186acbc02a1f5618530031a63b210,2,1,1
2026-06-25T18:00:00,2026-07-23T18:00:00,3c60395f79942f9a060f05074aba20fd,2,173,27
2026-06-25T18:00:00,2026-07-23T18:00:00,3c7f5aca9eaac7550198f04bf5408798,2,19,9
2026-06-25T18:00:00,2026-07-23T18:00:00,3d5b99cfc6fadd918b29c3a8c7d3192d,2,1,1
2026-06-25T18:00:00,2026-07-23T18:00:00,3d6faca3e1b8b2d9653fd53852ff4a87,2,2,2
2026-06-25T18:00:00,2026-07-23T18:00:00,3dab90b1918d0863fd3c30cbbb1cba1b,2,1,1
2026-06-25T18:00:00,2026-07-23T18:00:00,3e3321c67c7a19cafa857bb46173c1f2,2,652,38
2026-06-25T18:00:00,2026-07-23T18:00:00,3e8a28b4491560d004cc11a4bb1e16e0,2,486,103
2026-06-25T18:00:00,2026-07-23T18:00:00,3ebcc949adf5e67de1859dc41d7ae2f8,2,73,13
2026-06-25T18:00:00,2026-07-23T18:00:00,3f062a4c1418f88b06b56588671a0763,2,3,2
2026-06-25T18:00:00,2026-07-23T18:00:00,3f3a7d0cf1dd13056789ce07be4e91af,2,1,1
2026-06-25T18:00:00,2026-07-23T18:00:00,40d39503a5d567812816cdd1df1ff966,2,34,15
2026-06-25T18:00:00,2026-07-23T18:00:00,42c39de631a67e10e6fdf9276d91ef8c,2,11,7
2026-06-25T18:00:00,2026-07-23T18:00:00,42d4ba4932f45dd5b9df1d8afb3747db,2,2442,117
2026-06-25T18:00:00,2026-07-23T18:00:00,4342e5c35c79dc034d007a72c481da48,2,3,2
2026-06-25T18:00:00,2026-07-23T18:00:00,437f206178d5704eabb7ca648238f187,2,14,14
2026-06-25T18:00:00,2026-07-23T18:00:00,43a3bb3f49e56c0fedbcce4375e9cf91,2,8,3
2026-06-25T18:00:00,2026-07-23T18:00:00,43b1f6a1092b73e2f1ed1a6157a27c97,2,382,81
2026-06-25T18:00:00,2026-07-23T18:00:00,442ad9db70c3674d21f59764f56ad463,2,4,2
2026-06-25T18:00:00,2026-07-23T18:00:00,447edc925465d47e3028c3bd94879271,2,137,26
2026-06-25T18:00:00,2026-07-23T18:00:00,46882725a2dc63d338fff6d42f581af7,2,64,22
2026-06-25T18:00:00,2026-07-23T18:00:00,46ae4183085e2dbe76e56146a3702da9,2,390,53
2026-06-25T18:00:00,2026-07-23T18:00:00,474fbd524cbc72584e42dfc5ede211e4,2,19,6
2026-06-25T18:00:00,2026-07-23T18:00:00,479fde05e759ac031ae5c0c27bd48e75,2,610,58
2026-06-25T18:00:00,2026-07-23T18:00:00,47cb87305a70bcb78e39d776de567ddc,2,578,68
2026-06-25T18:00:00,2026-07-23T18:00:00,47dd400212715531420d39d69220bca6,2,2,2
2026-06-25T18:00:00,2026-07-23T18:00:00,483aa47fc924bfeec900f52bc51d282b,2,4,2
2026-06-25T18:00:00,2026-07-23T18:00:00,48d95056c91c1f5db5c8e8ba0b5b4d93,2,3,3
2026-06-25T18:00:00,2026-07-23T18:00:00,48dbe87614d3fcfb349b7f7fdde475f0,2,28,7
2026-06-25T18:00:00,2026-07-23T18:00:00,493c428739d1f074a42f02a7f57cbfe7,2,79,34
2026-06-25T18:00:00,2026-07-23T18:00:00,498956c778550aa09d1f62bf25a09b9c,2,3,3
2026-06-25T18:00:00,2026-07-23T18:00:00,49d4d5d7c646617cc9634cfcd560df9e,2,66,9
2026-06-25T18:00:00,2026-07-23T18:00:00,49d9e84218630bbb30f98bf8192fb663,2,86,32
2026-06-25T18:00:00,2026-07-23T18:00:00,49dbf07b6e290df9e21627c9d1289827,2,162,48
2026-06-25T18:00:00,2026-07-23T18:00:00,4a4a8a8b94f7d4e5e52207c1e5a0c040,2,34,10
2026-06-25T18:00:00,2026-07-23T18:00:00,4a9972a1cc717e9569cbdcf1bdc61a9d,2,139,46
2026-06-25T18:00:00,2026-07-23T18:00:00,4b14fb1532d3b17a61c1a1f7822c2acb,2,2,2
2026-06-25T18:00:00,2026-07-23T18:00:00,4b436a30c655c7d7304180a63c404b5c,2,92,22
2026-06-25T18:00:00,2026-07-23T18:00:00,4b662fbe18ed65dfa12f0c87f271ceea,2,5,2
2026-06-25T18:00:00,2026-07-23T18:00:00,4c5aa28533199b498115cb8d986c1595,2,7,3
2026-06-25T18:00:00,2026-07-23T18:00:00,4cbca2da7136c03c172133891cc5f700,2,271,168
2026-06-25T18:00:00,2026-07-23T18:00:00,4d3feba3702738235c0c37505da908c0,2,157,39
2026-06-25T18:00:00,2026-07-23T18:00:00,4ed3221fa003d97448c4e021a658ce37,2,5,4
2026-06-25T18:00:00,2026-07-23T18:00:00,4f68bdf621864b9fe92855cba1123d74,2,7,4
2026-06-25T18:00:00,2026-07-23T18:00:00,4f732d54e1a653fe5f425960b5410883,2,295,95
2026-06-25T18:00:00,2026-07-23T18:00:00,4fe822ae45c447ceeb69614051a52e5c,2,2,2
2026-06-25T18:00:00,2026-07-23T18:00:00,5093a2fe66f55f2c9815221c2c91f821,2,1,1
2026-06-25T18:00:00,2026-07-23T18:00:00,515d92edc4adce4ea89ec034c95c8582,2,65,8
2026-06-25T18:00:00,2026-07-23T18:00:00,51dd50712dbc8d8af7eda8e02f9ee952,2,1,1
2026-06-25T18:00:00,2026-07-23T18:00:00,51e4843d89733b91015011222e50241b,2,37,9
2026-06-25T18:00:00,2026-07-23T18:00:00,525c0769f09940671513f56f2e3775ff,2,80,18
2026-06-25T18:00:00,2026-07-23T18:00:00,533f010983e4aa2742728469d3628903,2,4,2
2026-06-25T18:00:00,2026-07-23T18:00:00,53c0e3b2e39df076450204a437e35847,2,117,11
2026-06-25T18:00:00,2026-07-23T18:00:00,54d535e7c7a92b14e153e37d4958dd6d,2,3,2
2026-06-25T18:00:00,2026-07-23T18:00:00,55576c10666e1aeb8b851287ad157c72,2,1695,168
2026-06-25T18:00:00,2026-07-23T18:00:00,55c7e2d26038eda6eaa0424c9fb64c38,2,11,4
2026-06-25T18:00:00,2026-07-23T18:00:00,55dc8e8c025ef9478e3d00cfccd18f83,2,1,1
2026-06-25T18:00:00,2026-07-23T18:00:00,5686bd4c2943d2b18dacb31746e2dd23,2,1,1
2026-06-25T18:00:00,2026-07-23T18:00:00,56df75079bb7c6abefae882e8fcbac6f,2,2,1
2026-06-25T18:00:00,2026-07-23T18:00:00,57d1e8e27caa1d2e3a2c2e5d39c2bfcd,2,215,54
2026-06-25T18:00:00,2026-07-23T18:00:00,59818cd4306f5f27493fcdb3293dd41a,2,2,1
2026-06-25T18:00:00,2026-07-23T18:00:00,5a01c3eeb052f7142b714313f28d2b63,2,7,5
2026-06-25T18:00:00,2026-07-23T18:00:00,5a29117016a295b5575cf9597fd246ac,2,1,1
2026-06-25T18:00:00,2026-07-23T18:00:00,5a2d5cf39e780626f99ffce30abd01a0,2,42,10
2026-06-25T18:00:00,2026-07-23T18:00:00,5ba88d2732ed15130f06cf7c9cd6d2ae,2,78,12
2026-06-25T18:00:00,2026-07-23T18:00:00,5c2798c8938451e3efb5d24511278c85,2,50,14
2026-06-25T18:00:00,2026-07-23T18:00:00,5c47be865b35eafa199a4c4ca8078952,2,176,98
2026-06-25T18:00:00,2026-07-23T18:00:00,5cb26028a61d61f4ef2a5b480a85cd7d,2,225,41
2026-06-25T18:00:00,2026-07-23T18:00:00,5d3ba15ac9e7226e40582ec52a4c5775,2,15,2
2026-06-25T18:00:00,2026-07-23T18:00:00,5e8436d032a6bbd8b9b996955feb9d0f,2,2,1
2026-06-25T18:00:00,2026-07-23T18:00:00,5e95b5367427c1bd04a0780d551fa638,2,47,17
2026-06-25T18:00:00,2026-07-23T18:00:00,5ea33e0a3815bae36dbfd973751e0fad,2,3,3
2026-06-25T18:00:00,2026-07-23T18:00:00,5eb6d9ddd4c404ecc652564ecb00be0a,2,2,2
2026-06-25T18:00:00,2026-07-23T18:00:00,5ed09cc533ec3660062a787c30b22333,2,44,12
2026-06-25T18:00:00,2026-07-23T18:00:00,5ed99870f6009799436a8485eaa0a4f0,2,1422,104
2026-06-25T18:00:00,2026-07-23T18:00:00,5fe6c2a01926531f849c0ba4980a5a47,2,1,1
2026-06-25T18:00:00,2026-07-23T18:00:00,603087f8f63b1674bc713ad0d8e9fa58,2,101,38
2026-06-25T18:00:00,2026-07-23T18:00:00,60e1a0e052a4a8d45f91aefaafdf39a1,2,132,24
2026-06-25T18:00:00,2026-07-23T18:00:00,60e73f2d8ce44f2ff4fb86da7ddd8756,2,213,65
2026-06-25T18:00:00,2026-07-23T18:00:00,6184af3f8f99f6493af9b5cb001b484a,2,1,1
2026-06-25T18:00:00,2026-07-23T18:00:00,618aa64b1a6deaf2781f5bffc3498cba,2,93,79
2026-06-25T18:00:00,2026-07-23T18:00:00,63d3f40627b3280cd1b5fcb7ce26f0f7,2,2,2
2026-06-25T18:00:00,2026-07-23T18:00:00,6505a7dfc19cae82f1f9f383d675023f,2,4,4
2026-06-25T18:00:00,2026-07-23T18:00:00,656c7ec350202bee7fb07662031ab6f7,2,8,5
2026-06-25T18:00:00,2026-07-23T18:00:00,6594cfa6feffa9eae074ed2cb00d3d15,2,2,1
2026-06-25T18:00:00,2026-07-23T18:00:00,65990b581fe979aedf1cd56de5a36dd8,2,5114,168
2026-06-25T18:00:00,2026-07-23T18:00:00,65d2d9423af9560bb10b01a63b7c3544,2,56,18
2026-06-25T18:00:00,2026-07-23T18:00:00,661a4fb906c4709d435dffafa1f32469,2,3,3
2026-06-25T18:00:00,2026-07-23T18:00:00,668c6e37899817b662a6371666242909,2,250,41
2026-06-25T18:00:00,2026-07-23T18:00:00,66aa995c3cdabfe65f2f07ed5b4ea7d5,2,1,1
2026-06-25T18:00:00,2026-07-23T18:00:00,66d5a82367a3fdf0071f15f9cd3e7055,2,60,34
2026-06-25T18:00:00,2026-07-23T18:00:00,670d854654a51cd862c0657750a598a4,2,10,1
2026-06-25T18:00:00,2026-07-23T18:00:00,6730570f54988accf3a7cb80958b71b8,2,1,1
2026-06-25T18:00:00,2026-07-23T18:00:00,67bdda446377deb778936d8eb37ae225,2,41,10
2026-06-25T18:00:00,2026-07-23T18:00:00,6880207be8f94a0483393d064c4a4e75,2,17,13
2026-06-25T18:00:00,2026-07-23T18:00:00,6a06e913546c25c0e64c67aeabbc403f,2,12,2
2026-06-25T18:00:00,2026-07-23T18:00:00,6b3c0a5b41f7ddc3c2f2adc64a431551,2,75,22
2026-06-25T18:00:00,2026-07-23T18:00:00,6bf32ba65b6a89121bf50f48060241f3,2,62,17
2026-06-25T18:00:00,2026-07-23T18:00:00,6bf5cd43691700e2a3044085aa0128d2,2,1,1
2026-06-25T18:00:00,2026-07-23T18:00:00,6c3818d7c65416c8a0d8fec6da0a4c1a,2,16,9
2026-06-25T18:00:00,2026-07-23T18:00:00,6e8d16c487cdb71d21575552f9635907,2,1,1
2026-06-25T18:00:00,2026-07-23T18:00:00,6f5514e7c27868a6bb3c3eb1ff6edbb5,2,716,95
2026-06-25T18:00:00,2026-07-23T18:00:00,6f84f444cb58e1ed97ff4cd717633004,2,1,1
2026-06-25T18:00:00,2026-07-23T18:00:00,6fe5b2a144c81bff54f57ad796686e62,2,2,2
2026-06-25T18:00:00,2026-07-23T18:00:00,706c5f8c04794e92a006a0fdd7b71f05,2,5,3
2026-06-25T18:00:00,2026-07-23T18:00:00,709d02d6be75c5cd061827d70853b7fd,2,823,127
2026-06-25T18:00:00,2026-07-23T18:00:00,713d37e06578d6ba0f43b8ef4b1af681,2,14,6
2026-06-25T18:00:00,2026-07-23T18:00:00,71656f199314069369b25ff2e6bacffc,2,1,1
2026-06-25T18:00:00,2026-07-23T18:00:00,72e5571d7e5089980fe0e8f56a6c5094,2,32,15
2026-06-25T18:00:00,2026-07-23T18:00:00,73b636059b6b28d7273a3b7618ec9069,2,2,2
2026-06-25T18:00:00,2026-07-23T18:00:00,73e85c9e41f0ce4561c7d4dde748e0f2,2,40,26
2026-06-25T18:00:00,2026-07-23T18:00:00,74dff011134be33f0127737cfe5a2a7c,2,1,1
2026-06-25T18:00:00,2026-07-23T18:00:00,74f0bee65c06b7d0985bc56a9dd1640c,2,2,2
2026-06-25T18:00:00,2026-07-23T18:00:00,75bbac6b3e06811ad6128a6a7a677e66,2,1,1
2026-06-25T18:00:00,2026-07-23T18:00:00,76ba963b9b75e69e709a999574245139,2,133,17
2026-06-25T18:00:00,2026-07-23T18:00:00,76f5160cd625e0e9da27e8e551d658eb,2,4,2
2026-06-25T18:00:00,2026-07-23T18:00:00,7781bfd6eb715f6cf879e12ce82c1b0a,2,1,1
2026-06-25T18:00:00,2026-07-23T18:00:00,7822c98271b3de3601f2e307dbaf0ffc,2,687,157
2026-06-25T18:00:00,2026-07-23T18:00:00,788fc1626b6b2da916bdda3600381d3c,2,3,2
2026-06-25T18:00:00,2026-07-23T18:00:00,798a01e35a89071c796a00a79cb8385f,2,1,1
2026-06-25T18:00:00,2026-07-23T18:00:00,7a8360d1b285fb7c8fb4d5ed93b1e996,2,38,13
2026-06-25T18:00:00,2026-07-23T18:00:00,7a85bdac5a73ece849402f1d93ad823c,2,2,2
2026-06-25T18:00:00,2026-07-23T18:00:00,7acbe7fb6e7ae2161d4e9669214911a5,2,13,5
2026-06-25T18:00:00,2026-07-23T18:00:00,7b2ed979a2039c5e1a9d166188f9df54,2,1,1
2026-06-25T18:00:00,2026-07-23T18:00:00,7b88e3445705c883ee9b9c3395bd319c,2,1599,167
2026-06-25T18:00:00,2026-07-23T18:00:00,7b9eb455b1098dce2d7718a4080b72e1,2,11,4
2026-06-25T18:00:00,2026-07-23T18:00:00,7c17ce1bb6468aeefc2c3d2950c6a0ee,2,2,1
2026-06-25T18:00:00,2026-07-23T18:00:00,7c7bc06f895c8638705ba3ccdb8841b4,2,17,5
2026-06-25T18:00:00,2026-07-23T18:00:00,7ca046be309fee780f33894da17ede45,2,495,114
2026-06-25T18:00:00,2026-07-23T18:00:00,7cb5c3700efc3300396b2eeeaa5be228,2,182,50
2026-06-25T18:00:00,2026-07-23T18:00:00,7d2702ace337df24f4f42efc34ad6cb8,2,6,4
2026-06-25T18:00:00,2026-07-23T18:00:00,7d76b821c6a1a08f256bcaa6e9528bb2,2,1,1
2026-06-25T18:00:00,2026-07-23T18:00:00,7d8d55ae06e3b3c4c6e460ac92a78063,2,2,2
2026-06-25T18:00:00,2026-07-23T18:00:00,7dfcb3b22b45d33d4f38dd790e35c7ee,2,1,1
2026-06-25T18:00:00,2026-07-23T18:00:00,7e21cd0c09fd50085e6f6fb5f033c028,2,2,2
2026-06-25T18:00:00,2026-07-23T18:00:00,7e243a93526d0e5d3bef96b67468d170,2,3,1
2026-06-25T18:00:00,2026-07-23T18:00:00,7e2dd4b30cfdbc20acbdfe71a9b055f7,2,2,1
2026-06-25T18:00:00,2026-07-23T18:00:00,7e902ea5a372534ad6c301228461c0b5,2,2,2
2026-06-25T18:00:00,2026-07-23T18:00:00,7ef4bca9636f51744922e40d6bc15a49,2,548,30
2026-06-25T18:00:00,2026-07-23T18:00:00,8018a121f150496ed2b58ed6b5ff6c5f,2,3,3
2026-06-25T18:00:00,2026-07-23T18:00:00,8046fe40c78da7e756f2e140528ebfe2,2,3,3
2026-06-25T18:00:00,2026-07-23T18:00:00,80b73881ade0e2aee5df135bebd50387,2,1826,159
2026-06-25T18:00:00,2026-07-23T18:00:00,80e81d1739fe51d5cf714be8300119c5,2,68,54
2026-06-25T18:00:00,2026-07-23T18:00:00,82da9d2d9ecb8a3a873534356b1f7a70,2,21,21
2026-06-25T18:00:00,2026-07-23T18:00:00,82f7131827d9e248f2c57651d4482ea4,2,152,39
2026-06-25T18:00:00,2026-07-23T18:00:00,83422a4002401d75309e461e2a93db23,2,18,6
2026-06-25T18:00:00,2026-07-23T18:00:00,835894a11ce51df4e4ff8d06d2daf861,2,14,6
2026-06-25T18:00:00,2026-07-23T18:00:00,8363f3f3882ba3460eff3d4feda353aa,2,3,1
2026-06-25T18:00:00,2026-07-23T18:00:00,83ab6b04cec3e84e4951afd08a212b56,2,13,5
2026-06-25T18:00:00,2026-07-23T18:00:00,840e2a666ef2d4c546085bfd6b36e05e,2,7,5
2026-06-25T18:00:00,2026-07-23T18:00:00,8437084b31b8ea638c058e4c2a32fc2a,2,52,14
2026-06-25T18:00:00,2026-07-23T18:00:00,855cf69d9da3f3e47ba8c601c0faa0e5,2,127,50
2026-06-25T18:00:00,2026-07-23T18:00:00,86121948e45edee3fa73930c16af5326,2,785,121
2026-06-25T18:00:00,2026-07-23T18:00:00,86766bd69fe48b5f5b079384548126a1,2,1,1
2026-06-25T18:00:00,2026-07-23T18:00:00,87cc161692ed8c65ebde4f72e44f8fcc,2,1,1
2026-06-25T18:00:00,2026-07-23T18:00:00,891703803264e7c799473727d6b5511e,2,211,90
2026-06-25T18:00:00,2026-07-23T18:00:00,897f56fcde6eb3cae6ddf819c38d5795,2,465,109
2026-06-25T18:00:00,2026-07-23T18:00:00,8996d63f7299e5577a7e0868bc3a6f64,2,2,1
2026-06-25T18:00:00,2026-07-23T18:00:00,8a6aed51cbfa7e634b4a8b241694d425,2,2,2
2026-06-25T18:00:00,2026-07-23T18:00:00,8af1e01647e47046d524095df4e06053,2,19,7
2026-06-25T18:00:00,2026-07-23T18:00:00,8bd0744751924f59239c4ecc09f35ea1,2,2,2
2026-06-25T18:00:00,2026-07-23T18:00:00,8be5d162127e38f7d3c07e8ed4a891ad,2,42,11
2026-06-25T18:00:00,2026-07-23T18:00:00,8c1e23a9833419dac5b6b6c1213c0513,2,2,2
2026-06-25T18:00:00,2026-07-23T18:00:00,8c38355de4283e68dc723f1572f79a6e,2,26,15
2026-06-25T18:00:00,2026-07-23T18:00:00,8d7a763bf9b9e83535fce75720277e83,2,2,1
2026-06-25T18:00:00,2026-07-23T18:00:00,8d96d95fe1759cf187a8ab6601950f11,2,262,64
2026-06-25T18:00:00,2026-07-23T18:00:00,8e18c305cab9b70969de4a618cf13d09,2,2,1
2026-06-25T18:00:00,2026-07-23T18:00:00,8e1e1480b5b7d30fde86880483709c27,2,1078,130
2026-06-25T18:00:00,2026-07-23T18:00:00,8e3979839b55fb74fc3caddedfcdc53e,2,1367,152
2026-06-25T18:00:00,2026-07-23T18:00:00,8e671c573caf4cea2ac0188bc11727cd,2,14,2
2026-06-25T18:00:00,2026-07-23T18:00:00,8ea514811dd8c0ee1d2277de2654436a,2,26,6
2026-06-25T18:00:00,2026-07-23T18:00:00,8eebf7103fe3600c85bbb94eb7db6f97,2,76,38
2026-06-25T18:00:00,2026-07-23T18:00:00,8f2f895ce22a54cba90d23d528364121,2,1,1
2026-06-25T18:00:00,2026-07-23T18:00:00,932c9d3f26a547dab053bd46b60ae5b7,2,5,2
2026-06-25T18:00:00,2026-07-23T18:00:00,932f955d21906700c32ada37766bfacf,2,29,5
2026-06-25T18:00:00,2026-07-23T18:00:00,934f9c3a17596d12134afa5b04a319f3,2,1,1
2026-06-25T18:00:00,2026-07-23T18:00:00,935a69cffabf69e6a6810cc763b5dccd,2,1,1
2026-06-25T18:00:00,2026-07-23T18:00:00,93a8a45ffaaf778db793164c7ca96b73,2,70,31
2026-06-25T18:00:00,2026-07-23T18:00:00,94e27be0709a50d34f773f2d57903633,2,169,36
2026-06-25T18:00:00,2026-07-23T18:00:00,959bd9ad164901a9e7423b644ffb81c5,2,1,1
2026-06-25T18:00:00,2026-07-23T18:00:00,961b1dd4c8f0f657a3c8bf1743ed9668,2,7,4
2026-06-25T18:00:00,2026-07-23T18:00:00,962cebaf9d8ceca99307253d1a83d28e,2,119,34
2026-06-25T18:00:00,2026-07-23T18:00:00,96b683ca942fa1827c237db4be6c6df0,2,1574,150
2026-06-25T18:00:00,2026-07-23T18:00:00,97e045ea6b711249ad2fe019178e4e3f,2,6,2
2026-06-25T18:00:00,2026-07-23T18:00:00,99c44cf4c25ee75c2b189290bf3f7699,2,1,1
2026-06-25T18:00:00,2026-07-23T18:00:00,9bc10a948a4d5d9090008bd15304d5cd,2,3,3
2026-06-25T18:00:00,2026-07-23T18:00:00,9c26d93da4825a1c11da6d92cc060cac,2,1,1
2026-06-25T18:00:00,2026-07-23T18:00:00,9c324dbb65353880d08a4a910d0294fa,2,3,3
2026-06-25T18:00:00,2026-07-23T18:00:00,9c3a950e644398e844895263deaf1a94,2,78,55
2026-06-25T18:00:00,2026-07-23T18:00:00,9d362da2122e71ffe66662b283ccd788,2,7,3
2026-06-25T18:00:00,2026-07-23T18:00:00,9d4a16057377011fa8cf74b5b48b1657,2,2,1
2026-06-25T18:00:00,2026-07-23T18:00:00,9edb87a4ec77f387bcbc6487c969df41,2,1,1
2026-06-25T18:00:00,2026-07-23T18:00:00,9f00b2fd7e78795d4c023a8c72964d8b,2,2,2
2026-06-25T18:00:00,2026-07-23T18:00:00,9f6196cf9b261631f5405da7dc4d80ac,2,1,1
2026-06-25T18:00:00,2026-07-23T18:00:00,a049a35865e0d9fe9158428f8dddaff0,2,3,2
2026-06-25T18:00:00,2026-07-23T18:00:00,a0833c373eac92b922ee7f54647eb9d0,2,1,1
2026-06-25T18:00:00,2026-07-23T18:00:00,a0b1721fa49c098d7acf998ac906ed81,2,107,33
2026-06-25T18:00:00,2026-07-23T18:00:00,a0d3ee1862ea8fdfa3ee35e44c9e446f,2,2,1
2026-06-25T18:00:00,2026-07-23T18:00:00,a1de715b98dd7fbb8dfa1ff5ddd92585,2,14,2
2026-06-25T18:00:00,2026-07-23T18:00:00,a2b0d87d231b0b8a48a8c50e71961550,2,1,1
2026-06-25T18:00:00,2026-07-23T18:00:00,a2d8ca4a6b46392c8a475737a2ccc662,2,2,1
2026-06-25T18:00:00,2026-07-23T18:00:00,a3159405502a0a19793c327c755ca61b,2,39,14
2026-06-25T18:00:00,2026-07-23T18:00:00,a325a3779626cea7443be507befde104,2,5,2
2026-06-25T18:00:00,2026-07-23T18:00:00,a36337f43d987ea262b81e51b1b71493,2,2,1
2026-06-25T18:00:00,2026-07-23T18:00:00,a3d68b6845f7e445ab99f5c8e2e8114f,2,1,1
2026-06-25T18:00:00,2026-07-23T18:00:00,a3e33ffa6efca55dac543bd8b0659d14,2,3,1
2026-06-25T18:00:00,2026-07-23T18:00:00,a51cb4830e491df7c7ebdd5f340795d5,2,3,1
2026-06-25T18:00:00,2026-07-23T18:00:00,a56bc1a3aa85c5bbf6aeb627e1782514,2,30,16
2026-06-25T18:00:00,2026-07-23T18:00:00,a5d448bc5b4085ba34049337b2e4bd49,2,6,5
2026-06-25T18:00:00,2026-07-23T18:00:00,a60a3722b75421a544e001bfd919bc06,2,49,41
2026-06-25T18:00:00,2026-07-23T18:00:00,a62b6b25abbca58da5e25580c73e00a3,2,30,8
2026-06-25T18:00:00,2026-07-23T18:00:00,a673a480c9f2a39c6050fd01820c13d7,2,1,1
2026-06-25T18:00:00,2026-07-23T18:00:00,a796407a7178c7353aeba7145a2c26e8,2,1,1
2026-06-25T18:00:00,2026-07-23T18:00:00,a7ae53cebbc3623d385cc2bb5a455494,2,2,1
2026-06-25T18:00:00,2026-07-23T18:00:00,a7b04f5706abe4e0872c70d483b7393e,2,28,7
2026-06-25T18:00:00,2026-07-23T18:00:00,a85e801fa2912de44a9de25730c6f1aa,2,1455,166
2026-06-25T18:00:00,2026-07-23T18:00:00,a8ad1838ef2744dd415822659305e90c,2,15,13
2026-06-25T18:00:00,2026-07-23T18:00:00,a8e35e8132082662a2dc8a89a7fb3a2c,2,33,11
2026-06-25T18:00:00,2026-07-23T18:00:00,a92bb3e34b5f6211c5354991a4bf1166,2,82,61
2026-06-25T18:00:00,2026-07-23T18:00:00,ab1318e2724ed0d3897a7409ae35c4a8,2,253,76
2026-06-25T18:00:00,2026-07-23T18:00:00,ad383a430dd9b92a89f4b898855fc882,2,780,146
2026-06-25T18:00:00,2026-07-23T18:00:00,ad4b0c221a8c6d54fb011e3243de4a1b,2,1,1
2026-06-25T18:00:00,2026-07-23T18:00:00,adc1b5d173158216aef160c2dd4b625e,2,24,12
2026-06-25T18:00:00,2026-07-23T18:00:00,ae005231de6fa33edfb7f9c2c7c3c34a,2,156,24
2026-06-25T18:00:00,2026-07-23T18:00:00,ae1b6cf4f3c65c1df0a09e00d730157a,2,5,4
2026-06-25T18:00:00,2026-07-23T18:00:00,af2a3b1542c00c2fdbffafe1a32eabc9,2,1,1
2026-06-25T18:00:00,2026-07-23T18:00:00,af7b8bd3caa8575abb8c6baeb5e4aabe,2,1,1
2026-06-25T18:00:00,2026-07-23T18:00:00,b08c5fbd2cf1162fba98efe628b6b084,2,327,110
2026-06-25T18:00:00,2026-07-23T18:00:00,b1f7fcab8557d03ce9218805b2dd9305,2,9,7
2026-06-25T18:00:00,2026-07-23T18:00:00,b2b18ef8744c214b603de10d2958f2a1,2,185,42
2026-06-25T18:00:00,2026-07-23T18:00:00,b33bbafab3de2e3b36bac605da212c59,2,220,34
2026-06-25T18:00:00,2026-07-23T18:00:00,b436b06fe718bd9c6fce4dc5e5ab40e5,2,3,2
2026-06-25T18:00:00,2026-07-23T18:00:00,b5a21eeb322a50b5c7aadfa764f840c2,2,34,13
2026-06-25T18:00:00,2026-07-23T18:00:00,b5f8e8460f813197d5624a6a6f904f99,2,24,8
2026-06-25T18:00:00,2026-07-23T18:00:00,b7a09f82568ba1b603f4545a77565852,2,171,116
2026-06-25T18:00:00,2026-07-23T18:00:00,b8298297ee986af1851fa9ab917c7823,2,1,1
2026-06-25T18:00:00,2026-07-23T18:00:00,b93760fb078b9b5fb2ce4733e2671698,2,1,1
2026-06-25T18:00:00,2026-07-23T18:00:00,bacd092718717b4eb1784c718205bb4f,2,1,1
2026-06-25T18:00:00,2026-07-23T18:00:00,bc04443c15af14d449e833fc796fe647,2,1,1
2026-06-25T18:00:00,2026-07-23T18:00:00,bca959333aa36131f0cfb1c5fdb09c22,2,10,5
2026-06-25T18:00:00,2026-07-23T18:00:00,bcad31a13167f158bf22084b0a781859,2,4,2
2026-06-25T18:00:00,2026-07-23T18:00:00,bd0c923ad85bfd2185e5f51ea46169a7,2,1,1
2026-06-25T18:00:00,2026-07-23T18:00:00,bd1d9108bc551d2129326c9caa53cbf5,2,1,1
2026-06-25T18:00:00,2026-07-23T18:00:00,bd6b6cb7bad65d3bfedcedcea7584940,2,72,37
2026-06-25T18:00:00,2026-07-23T18:00:00,bd76e6d12956dfbe528ee3b797c61416,2,665,83
2026-06-25T18:00:00,2026-07-23T18:00:00,be3c1528b7bc01e23eb3c686187c0cbc,2,38,9
2026-06-25T18:00:00,2026-07-23T18:00:00,bf20a3af2da77954315c4dcc782a25c4,2,10,3
2026-06-25T18:00:00,2026-07-23T18:00:00,bf5816c104f1e045a76cc5c996be711c,2,1,1
2026-06-25T18:00:00,2026-07-23T18:00:00,bfde1f1c169e13a28354d1093ec10614,2,15,10
2026-06-25T18:00:00,2026-07-23T18:00:00,c0511ed8e067ba4e9ea4e09ba50ea392,2,44,6
2026-06-25T18:00:00,2026-07-23T18:00:00,c053ba53a7bff4ffb10910f3fdb149b2,2,232,44
2026-06-25T18:00:00,2026-07-23T18:00:00,c095676f1ebccb4caa89a04569217844,2,180,89
2026-06-25T18:00:00,2026-07-23T18:00:00,c098c8d3b3e81ff5dffbd81e2172da7f,2,2,1
2026-06-25T18:00:00,2026-07-23T18:00:00,c09db49a0d3ac6550bb149b836e56a7d,2,47,10
2026-06-25T18:00:00,2026-07-23T18:00:00,c0edabd2fa050ccd8d6af04205fcca20,2,73,29
2026-06-25T18:00:00,2026-07-23T18:00:00,c16fd62e9fcd2b975a427818f7b38391,2,18,14
2026-06-25T18:00:00,2026-07-23T18:00:00,c204578299c3369eb3c954aac931ea90,2,4,2
2026-06-25T18:00:00,2026-07-23T18:00:00,c222a6ed2fd926fbcdcf8d09505e3337,2,3,2
2026-06-25T18:00:00,2026-07-23T18:00:00,c230bffb53ac1d749b39f0787d73280f,2,1,1
2026-06-25T18:00:00,2026-07-23T18:00:00,c271f4912ca2e9f4f91f5a15d4c00dab,2,8,6
2026-06-25T18:00:00,2026-07-23T18:00:00,c2ae2ed247b0edbdcc741523e3df9919,2,63,7
2026-06-25T18:00:00,2026-07-23T18:00:00,c30a8d9fe320e9120e05f0f09218aa0d,2,4,4
2026-06-25T18:00:00,2026-07-23T18:00:00,c3119891f455e3a7688c214042e7458f,2,765,40
2026-06-25T18:00:00,2026-07-23T18:00:00,c348f5741f070ba76d679cd859d96f81,2,4,4
2026-06-25T18:00:00,2026-07-23T18:00:00,c3b0f0f94e27a8c70a8f2502b084e760,2,1,1
2026-06-25T18:00:00,2026-07-23T18:00:00,c3b978cbcd528ca051ff7491290b7989,2,119,47
2026-06-25T18:00:00,2026-07-23T18:00:00,c3f00b9b3e43e391b3100a8a60e435cd,2,329,27
2026-06-25T18:00:00,2026-07-23T18:00:00,c41e6be0793d56b9efab23a76bf2de55,2,6465,168
2026-06-25T18:00:00,2026-07-23T18:00:00,c43eb3b03014d403b92d23d0ba8fdbda,2,1,1
2026-06-25T18:00:00,2026-07-23T18:00:00,c7658f1c6054802011c08f3206b0bc5d,2,75,25
2026-06-25T18:00:00,2026-07-23T18:00:00,c792284a4ca4a0f988d858904f0650c7,2,131,22
2026-06-25T18:00:00,2026-07-23T18:00:00,c7f020d00cfed355fa2df9314890d1d4,2,8,5
2026-06-25T18:00:00,2026-07-23T18:00:00,c83917a173a3f2d73cd045f8eb4d5dc7,2,13,6
2026-06-25T18:00:00,2026-07-23T18:00:00,c8600311c49208f5cb3224a529756d35,2,1,1
2026-06-25T18:00:00,2026-07-23T18:00:00,c8a92ca4eaea6f58eec66ef241339852,2,167,62
2026-06-25T18:00:00,2026-07-23T18:00:00,c92f0eaaa0a0f37763fae860ac9c1e55,2,1,1
2026-06-25T18:00:00,2026-07-23T18:00:00,c9603dcb99bdb29c908dbde19ae1e2d8,2,139,24
2026-06-25T18:00:00,2026-07-23T18:00:00,c96bc4f9c084410dee6297c5298ca585,2,3,3
2026-06-25T18:00:00,2026-07-23T18:00:00,c982ba2fb6cb618d3c7122e994722122,2,14,3
2026-06-25T18:00:00,2026-07-23T18:00:00,c9feeb04cd73c922108a1241523164ad,2,2,1
2026-06-25T18:00:00,2026-07-23T18:00:00,ca2dde13ce42a3060af5b66b5fe1c003,2,1,1
2026-06-25T18:00:00,2026-07-23T18:00:00,cb2e7105d4125fadfa8d17ee59c10c42,2,81,19
2026-06-25T18:00:00,2026-07-23T18:00:00,cb5faebce4b673e95c262ba3ac1d7245,2,233,62
2026-06-25T18:00:00,2026-07-23T18:00:00,cc2806c6ccd0d4c75da237dc14b89cee,2,17,12
2026-06-25T18:00:00,2026-07-23T18:00:00,ccdc314ae707793be7afc2488177c8ac,2,2,2
2026-06-25T18:00:00,2026-07-23T18:00:00,cdb2e500605d9a887dfde6bc376e72f5,2,243,67
2026-06-25T18:00:00,2026-07-23T18:00:00,cded0281d18d9799529af82d11cd52a1,2,6,2
2026-06-25T18:00:00,2026-07-23T18:00:00,ce51666f0da9ecfdfc88c34eb0cfef5f,2,335,122
2026-06-25T18:00:00,2026-07-23T18:00:00,cf5f8ad39d34b44896055b90eb13478e,2,451,109
2026-06-25T18:00:00,2026-07-23T18:00:00,cfc32873df643c0272b305d4e10cb537,2,7,5
2026-06-25T18:00:00,2026-07-23T18:00:00,cfe787d7889058c9ae4ddec6e3656987,2,187,19
2026-06-25T18:00:00,2026-07-23T18:00:00,cff2b47795d239f605630e953c72a421,2,84,37
2026-06-25T18:00:00,2026-07-23T18:00:00,d010917c0b6dc682e76b873814e2e7df,2,4,1
2026-06-25T18:00:00,2026-07-23T18:00:00,d03fb1136fa90095177552fbcb61864b,2,1,1
2026-06-25T18:00:00,2026-07-23T18:00:00,d067084c426dfb917601caa948c2a2e0,2,4,2
2026-06-25T18:00:00,2026-07-23T18:00:00,d072dd23f60fd28611822984d815d5c6,2,2,2
2026-06-25T18:00:00,2026-07-23T18:00:00,d0ba2360ae0bd98263d5db1d29e9faea,2,2,1
2026-06-25T18:00:00,2026-07-23T18:00:00,d0ecd2d4f034713fb8891efddd4b2b06,2,92,20
2026-06-25T18:00:00,2026-07-23T18:00:00,d150c6499ed57cff9f53175452f83b1c,2,1,1
2026-06-25T18:00:00,2026-07-23T18:00:00,d1583f4d658054089c4060679ab59c32,2,59,32
2026-06-25T18:00:00,2026-07-23T18:00:00,d1e9187765a9a9313745697eda8571d6,2,276,55
2026-06-25T18:00:00,2026-07-23T18:00:00,d207432260759f2b0970729cff89dbf5,2,1,1
2026-06-25T18:00:00,2026-07-23T18:00:00,d22d15064662f92f12035467f7d3ab67,2,28,12
2026-06-25T18:00:00,2026-07-23T18:00:00,d22fa15f64b1039624d30a681abbe3fb,2,69,19
2026-06-25T18:00:00,2026-07-23T18:00:00,d2c09150e32b42bb29f592787853b66e,2,1,1
2026-06-25T18:00:00,2026-07-23T18:00:00,d43c97e13b358dab1e842842dbe4a371,2,4,2
2026-06-25T18:00:00,2026-07-23T18:00:00,d446f7f3c0e778bedd531f681a792f44,2,6,2
2026-06-25T18:00:00,2026-07-23T18:00:00,d48886335cd76e65e224c51eb2b1699d,2,48,10
2026-06-25T18:00:00,2026-07-23T18:00:00,d5515e960316a14ac97f4c66b7a97e34,2,3,1
2026-06-25T18:00:00,2026-07-23T18:00:00,d56eb62103d649d47afe786941eee8f0,2,5,4
2026-06-25T18:00:00,2026-07-23T18:00:00,d59f3048cf7efad2b7ca4c155e0d9e93,2,34,8
2026-06-25T18:00:00,2026-07-23T18:00:00,d5fe7e0326d8d23b5e48ca5b1c725d6a,2,16,3
2026-06-25T18:00:00,2026-07-23T18:00:00,d61fa20ee02664e08ca7fd8ab2f3f94c,2,20,9
2026-06-25T18:00:00,2026-07-23T18:00:00,d69f737d10dcfdc90f44e9b9003d2aa4,2,1,1
2026-06-25T18:00:00,2026-07-23T18:00:00,d7e36d68aa940b4b0b7b6e2c835bdd37,2,4,2
2026-06-25T18:00:00,2026-07-23T18:00:00,d83ee0c4d55034aa328bf074a8615001,2,489,151
2026-06-25T18:00:00,2026-07-23T18:00:00,d84f9e7a8abcddc16e0604e854104e25,2,22,20
2026-06-25T18:00:00,2026-07-23T18:00:00,d86adbb00ba3946611ffd66dc9966498,2,155,16
2026-06-25T18:00:00,2026-07-23T18:00:00,d9b296fc3f1bfd69e52080d62efb18f6,2,638,88
2026-06-25T18:00:00,2026-07-23T18:00:00,da86b2b76bf465e9c6919e0ec6bd30f5,2,71,45
2026-06-25T18:00:00,2026-07-23T18:00:00,daaf8212b83e836120bff13f9be76348,2,1357,168
2026-06-25T18:00:00,2026-07-23T18:00:00,dc1fbcd1ee8d318c2a099700692a0e29,2,70,21
2026-06-25T18:00:00,2026-07-23T18:00:00,dcbec15c95bbd1c600853417ff56f3c3,2,1,1
2026-06-25T18:00:00,2026-07-23T18:00:00,dd1464b0d3c3a2853f39f6e48dbbcbb0,2,14,7
2026-06-25T18:00:00,2026-07-23T18:00:00,dda20c81bfb73ec7733f500a59a85b3d,2,79,27
2026-06-25T18:00:00,2026-07-23T18:00:00,de1b31a2b69cfedbd330b2105398a806,2,45,7
2026-06-25T18:00:00,2026-07-23T18:00:00,de34c7005b6c9952f4e5a00f51cb13f6,2,13,2
2026-06-25T18:00:00,2026-07-23T18:00:00,defccd3912166cbe1ad3f1e33da8cfa2,2,16,3
2026-06-25T18:00:00,2026-07-23T18:00:00,df5e1f039360368ca1d3b970972bfe44,2,34,17
2026-06-25T18:00:00,2026-07-23T18:00:00,df674f110bef55fb9c08c60830e29481,2,4,1
2026-06-25T18:00:00,2026-07-23T18:00:00,dfa234579d939c80155f87bdfc44502d,2,4,4
2026-06-25T18:00:00,2026-07-23T18:00:00,dfe838c537291ca3b0fc02f39d1a6039,2,1,1
2026-06-25T18:00:00,2026-07-23T18:00:00,dffdd00c61ca1662880f96d3ad4388bb,2,2,1
2026-06-25T18:00:00,2026-07-23T18:00:00,e056e3f0f2ea78674e5b895f83388669,2,14,5
2026-06-25T18:00:00,2026-07-23T18:00:00,e0c1e0914a8cf1d9d3f1c9c09d4a3d54,2,46,15
2026-06-25T18:00:00,2026-07-23T18:00:00,e0c4dfd6a75b791bf84efa9d5b878d02,2,426,105
2026-06-25T18:00:00,2026-07-23T18:00:00,e1a4f82d7033b15732539dd4d792d545,2,1,1
2026-06-25T18:00:00,2026-07-23T18:00:00,e21e74d2d58dd61936444347f27ef57c,2,5,3
2026-06-25T18:00:00,2026-07-23T18:00:00,e27600d00c80fbda6c25b100000b9e2a,2,53,13
2026-06-25T18:00:00,2026-07-23T18:00:00,e2fe54920dc2e6fc051e34f09ae6bb93,2,4,2
2026-06-25T18:00:00,2026-07-23T18:00:00,e33d546be01fbbe3e5ad8ef3d17be679,2,2,2
2026-06-25T18:00:00,2026-07-23T18:00:00,e4302f81da2c8b1de23f48619a622ef5,2,7,7
2026-06-25T18:00:00,2026-07-23T18:00:00,e4826e6381bf55842a621c9a97f23206,2,1,1
2026-06-25T18:00:00,2026-07-23T18:00:00,e4fe345391c1a80052ac53c6b651ea6f,2,10,10
2026-06-25T18:00:00,2026-07-23T18:00:00,e5d8f94ed716ea614f6c57ba65283c6d,2,379,138
2026-06-25T18:00:00,2026-07-23T18:00:00,e5e2b91cee14c996f65cb5e9a1ad9bb8,2,3,3
2026-06-25T18:00:00,2026-07-23T18:00:00,e6cfe827fcd01d0e3105d9fe2d2cd6f2,2,7,4
2026-06-25T18:00:00,2026-07-23T18:00:00,e71830482d798bdab8f2cb526d509c2b,2,1,1
2026-06-25T18:00:00,2026-07-23T18:00:00,e7511794f25f30628d50ba07c9113fef,2,2,2
2026-06-25T18:00:00,2026-07-23T18:00:00,e7567a9fb18fddf13b2a1b3b55ea5d6e,2,2,1
2026-06-25T18:00:00,2026-07-23T18:00:00,e7971c8c8b76cde67342760ab029701d,2,13,2
2026-06-25T18:00:00,2026-07-23T18:00:00,e7cc899c9ac72f7e2a4b4db6a30c9df2,2,772,142
2026-06-25T18:00:00,2026-07-23T18:00:00,e862ee10591c9ceb98cecf71a98cfdb0,2,1,1
2026-06-25T18:00:00,2026-07-23T18:00:00,e8b57b101e4b30ea4edfb8c926c25e45,2,5,2
2026-06-25T18:00:00,2026-07-23T18:00:00,e8dcc75a50b3dd8ad3a7837ada1eb65f,2,1,1
2026-06-25T18:00:00,2026-07-23T18:00:00,e984709bc980053b8e24aab67d955c2e,2,2,1
2026-06-25T18:00:00,2026-07-23T18:00:00,e9aa908637a3507aa84054812d03189f,2,1,1
2026-06-25T18:00:00,2026-07-23T18:00:00,ea89792e7dbcf33e96dd5caff3064c05,2,8,6
2026-06-25T18:00:00,2026-07-23T18:00:00,eaefd7c28aeb425f7a896fcbf5050c36,2,22,11
2026-06-25T18:00:00,2026-07-23T18:00:00,eb5402fc166bc7027a64672eea61b93e,2,1,1
2026-06-25T18:00:00,2026-07-23T18:00:00,ec890d92b2512a72910005b9ca9e13d8,2,607,85
2026-06-25T18:00:00,2026-07-23T18:00:00,ec9f2bc60ed9b98462d7cb231fd8aab7,2,2,2
2026-06-25T18:00:00,2026-07-23T18:00:00,edb939f6010442d2caf4b88165fd3334,2,1,1
2026-06-25T18:00:00,2026-07-23T18:00:00,edbe463ea236082f4c30bc6e97ef363c,2,8,4
2026-06-25T18:00:00,2026-07-23T18:00:00,edbe71007a26f7c8c5b7e1d67ea3dfba,2,1,1
2026-06-25T18:00:00,2026-07-23T18:00:00,edd9b4788c33722f069c56e48fde2e46,2,54,18
2026-06-25T18:00:00,2026-07-23T18:00:00,ef695d13294748c8693c6c1302254b0a,2,148,48
2026-06-25T18:00:00,2026-07-23T18:00:00,f00db76dce9fc49c2d59f2d368eba669,2,10,2
2026-06-25T18:00:00,2026-07-23T18:00:00,f018b6f95a977ec56a90744c68ef40a3,2,1,1
2026-06-25T18:00:00,2026-07-23T18:00:00,f02743036dd15426a3742c43d1973ded,2,407,79
2026-06-25T18:00:00,2026-07-23T18:00:00,f07cb4911a155ad2256661b6ea04ed41,2,14,5
2026-06-25T18:00:00,2026-07-23T18:00:00,f09de6a13e7217875780ed176fa664f1,2,14,2
2026-06-25T18:00:00,2026-07-23T18:00:00,f0a379f6a3e4c4bae2c30d5bab0c34c8,2,3,1
2026-06-25T18:00:00,2026-07-23T18:00:00,f1275997f4079ad91733eb956fd70895,2,1,1
2026-06-25T18:00:00,2026-07-23T18:00:00,f21554c8cc36d8c525f3886a08e64e4e,2,3,2
2026-06-25T18:00:00,2026-07-23T18:00:00,f2473a3db2dd1a59c3265c423bd46f43,2,1,1
2026-06-25T18:00:00,2026-07-23T18:00:00,f297ba060fa730527f0bd0e6758c66a1,2,2,2
2026-06-25T18:00:00,2026-07-23T18:00:00,f38b108f923f714e57ed6da7ba871697,2,1,1
2026-06-25T18:00:00,2026-07-23T18:00:00,f394bf42384428ef138cb88e693d7425,2,2,1
2026-06-25T18:00:00,2026-07-23T18:00:00,f3c2ff5344cc5df02abf2cdad236b782,2,7,1
2026-06-25T18:00:00,2026-07-23T18:00:00,f3ff14f42a8f2b2f21eeda16f54b471e,2,5,4
2026-06-25T18:00:00,2026-07-23T18:00:00,f53d74aacf050cf36baa29d871e51a1c,2,518,96
2026-06-25T18:00:00,2026-07-23T18:00:00,f6a8c4e9bce0bfaf3ab4300d5413c7e1,2,4,4
2026-06-25T18:00:00,2026-07-23T18:00:00,f73c5b76d5581d13129d73de634e7df9,2,1,1
2026-06-25T18:00:00,2026-07-23T18:00:00,f7c446c265ce03ce20e35a1711267864,2,243,92
2026-06-25T18:00:00,2026-07-23T18:00:00,f9003982fecca2115f682649d41c6cda,2,3,2
2026-06-25T18:00:00,2026-07-23T18:00:00,f9125aabdacaa4f7bcddb81d054328bf,2,322,25
2026-06-25T18:00:00,2026-07-23T18:00:00,f94cc1c2f2df763cbf6ecde18e9c14fa,2,3,1
2026-06-25T18:00:00,2026-07-23T18:00:00,f95f4814495b7aed0892b7bcd16fc667,2,2,1
2026-06-25T18:00:00,2026-07-23T18:00:00,f9a6fc70228caa9864c6ed52c2748b1e,2,1,1
2026-06-25T18:00:00,2026-07-23T18:00:00,fa40de67d61e7584252745aebdb517a7,2,12,7
2026-06-25T18:00:00,2026-07-23T18:00:00,fa4a913158f609dff71b6f0522d17ab3,2,752,136
2026-06-25T18:00:00,2026-07-23T18:00:00,fb868406ab1f2a629582ad783ec32352,2,1,1
2026-06-25T18:00:00,2026-07-23T18:00:00,fc75af9c913c4f646b3665265b7d947f,2,933,130
2026-06-25T18:00:00,2026-07-23T18:00:00,fcff5dedf1f20aca7a7f41833647614e,2,6,2
2026-06-25T18:00:00,2026-07-23T18:00:00,fe46958e5ccb6b2b28371e1ffd35d716,2,6,1
2026-06-25T18:00:00,2026-07-23T18:00:00,fe956ecd204318c98986f513df76ba44,2,11,4
2026-06-25T18:00:00,2026-07-23T18:00:00,ff2f9ff77974a468adc907dfa574dad9,2,1,1
2026-06-25T18:00:00,2026-07-23T18:00:00,ff537061ecb5caceb0875b7e7dff6017,2,2,2
2026-06-25T18:00:00,2026-07-23T18:00:00,ff7495e137f977ae2ca026833de3a53d,2,1,1
2026-06-25T18:00:00,2026-07-23T18:00:00,ff8358ff94c001dad8328c1f3a6f334e,2,671,125
2026-06-25T18:00:00,2026-07-23T18:00:00,00f1d8952e3f414fc24851655c36be3a,3,6,2
2026-06-25T18:00:00,2026-07-23T18:00:00,0114d262e2b9577a0ff7128124ae700b,3,2,1
2026-06-25T18:00:00,2026-07-23T18:00:00,018ef434ed0fbd4bcc00b40cb115d0e6,3,10,4
2026-06-25T18:00:00,2026-07-23T18:00:00,01b41ec4c194cfd003dcaa1fe04d8401,3,37,5
2026-06-25T18:00:00,2026-07-23T18:00:00,02c4a8420678704c8097a08f05c5a33e,3,39,13
2026-06-25T18:00:00,2026-07-23T18:00:00,02d949ea6adda62b89d298fb3b28983b,3,5,2
2026-06-25T18:00:00,2026-07-23T18:00:00,042c03b05caaa540bd3c99c3048fe401,3,954,101
2026-06-25T18:00:00,2026-07-23T18:00:00,0430646fee46348bd1a69ec6aba1c39c,3,4,3
2026-06-25T18:00:00,2026-07-23T18:00:00,0443a5fd54062212e993723183c9893b,3,1,1
2026-06-25T18:00:00,2026-07-23T18:00:00,045f5b25439bf6f50855edc08ab54409,3,1,1
2026-06-25T18:00:00,2026-07-23T18:00:00,053ed82676fb95f173767c30724cd20d,3,1,1
2026-06-25T18:00:00,2026-07-23T18:00:00,0648cacc775769e53731aeffd92c9c9f,3,2,2
2026-06-25T18:00:00,2026-07-23T18:00:00,068cb3f0e9c247dffb9bf03bd2763613,3,54,47
2026-06-25T18:00:00,2026-07-23T18:00:00,074a8771f0b0d87b1333f067c0cacd45,3,17,4
2026-06-25T18:00:00,2026-07-23T18:00:00,07a98ebf686710011802ef177cf71226,3,9,5
2026-06-25T18:00:00,2026-07-23T18:00:00,07cc399519be4c7383ba2a0fbeb5aff0,3,883,74
2026-06-25T18:00:00,2026-07-23T18:00:00,0aca4c0ee60e3346d609fed7d5d18727,3,35,35
2026-06-25T18:00:00,2026-07-23T18:00:00,0ad1a7652c7e4bad6d01375ef07893ca,3,43,18
2026-06-25T18:00:00,2026-07-23T18:00:00,0b2db8e1bc0ad7af84750850f71faa06,3,279,61
2026-06-25T18:00:00,2026-07-23T18:00:00,0b38a5977e0301a3440f32eda0bb1e3b,3,11,8
2026-06-25T18:00:00,2026-07-23T18:00:00,0bd89b873b8f42f6ce3bebac45011322,3,112,38
2026-06-25T18:00:00,2026-07-23T18:00:00,0bddd415f5f22587099a347bd7f7bf19,3,302,96
2026-06-25T18:00:00,2026-07-23T18:00:00,0bedec5d3dd7bf41bbc67ddcd6f6b829,3,1,1
2026-06-25T18:00:00,2026-07-23T18:00:00,0c594b83f0e521d3f7dcc753650836d6,3,1,1
2026-06-25T18:00:00,2026-07-23T18:00:00,0cac5cc650ceab9f048a613b54d4b3b9,3,234,84
2026-06-25T18:00:00,2026-07-23T18:00:00,0cd56f60a860990a7569035a6e7d4fb7,3,1295,141
2026-06-25T18:00:00,2026-07-23T18:00:00,0d1d9c01c6c40606dd9faddf2c258a6d,3,1,1
2026-06-25T18:00:00,2026-07-23T18:00:00,0d286bd6bffcce255ff9ede98326d14f,3,2,2
2026-06-25T18:00:00,2026-07-23T18:00:00,0f01aca5b7f2ba2e960477d071221c48,3,42,8
2026-06-25T18:00:00,2026-07-23T18:00:00,1087833ea69a74856c5530bc04c81d0d,3,1369,162
2026-06-25T18:00:00,2026-07-23T18:00:00,10eb5f15feabbf43d8cbcfdc0eb5fd11,3,41,14
2026-06-25T18:00:00,2026-07-23T18:00:00,11e16fa25d8fd93e88ebe9ca321c0d2a,3,213,34
2026-06-25T18:00:00,2026-07-23T18:00:00,12c0be0b463f0c00abc774414591bb08,3,2,1
2026-06-25T18:00:00,2026-07-23T18:00:00,1318f3065160c2daf6d3bcbee169c3f6,3,29,13
2026-06-25T18:00:00,2026-07-23T18:00:00,137864f68c1c1440c90f798a40e163cd,3,38,13
2026-06-25T18:00:00,2026-07-23T18:00:00,14c4df79cca9c6d7405456d41c667398,3,2,2
2026-06-25T18:00:00,2026-07-23T18:00:00,152b52c12479f6d8fe9f7e5d44370f42,3,45,30
2026-06-25T18:00:00,2026-07-23T18:00:00,154384320a497cda1181389c00ac096a,3,12,5
2026-06-25T18:00:00,2026-07-23T18:00:00,154f530ca67f3512391b15d6868b0fd0,3,35,12
2026-06-25T18:00:00,2026-07-23T18:00:00,1585c52e6bfd2dc99ae8682a25e5cb00,3,1,1
2026-06-25T18:00:00,2026-07-23T18:00:00,15edec56e466a80371e765eb5aae0a0a,3,44,9
2026-06-25T18:00:00,2026-07-23T18:00:00,1628ac1222e3fbac85fe8eb1747f8218,3,1,1
2026-06-25T18:00:00,2026-07-23T18:00:00,163ecb811e0e0eea6332efdde1000c21,3,1,1
2026-06-25T18:00:00,2026-07-23T18:00:00,179ebd39d45d63439cc221107d4c1727,3,1,1
2026-06-25T18:00:00,2026-07-23T18:00:00,195ff313ca7579f286d7fde4c56a213b,3,74,12
2026-06-25T18:00:00,2026-07-23T18:00:00,1a6f517eb4f82dcb03df1ac18ede7b8f,3,134,45
2026-06-25T18:00:00,2026-07-23T18:00:00,1b766f3387db4a340163e484309a87ef,3,295,86
2026-06-25T18:00:00,2026-07-23T18:00:00,1ce021e67e0227cfe71edff14d218f49,3,22,2
2026-06-25T18:00:00,2026-07-23T18:00:00,1de89881845f9e94b00d17e74c5fa070,3,261,109
2026-06-25T18:00:00,2026-07-23T18:00:00,1e0c83769061f0eae93ec4dc7c19f860,3,51,24
2026-06-25T18:00:00,2026-07-23T18:00:00,1e8ac582c115696e613f947445975579,3,894,119
2026-06-25T18:00:00,2026-07-23T18:00:00,1ed4b2473f9d24311a747155a05db378,3,10,5
2026-06-25T18:00:00,2026-07-23T18:00:00,1edb79aabab46d6dc67da7cc0ea753ac,3,357,126
2026-06-25T18:00:00,2026-07-23T18:00:00,1f3316bb0531392992a02d3ba7969899,3,1,1
2026-06-25T18:00:00,2026-07-23T18:00:00,1f4f17a56fdf9f6b854890fbf3147b8b,3,7,1
2026-06-25T18:00:00,2026-07-23T18:00:00,1fcf8126243a86d22187ba0cb1592cfa,3,99,83
2026-06-25T18:00:00,2026-07-23T18:00:00,1ff4f7f663db7fabbc53c90bd0ff51c2,3,42,7
2026-06-25T18:00:00,2026-07-23T18:00:00,20c01c264cd70568e476eab4bcd010db,3,2,1
2026-06-25T18:00:00,2026-07-23T18:00:00,214577bebdb43229e4d3b3799450db51,3,1,1
2026-06-25T18:00:00,2026-07-23T18:00:00,217a843b36859107f1fdf358709959b4,3,14,7
2026-06-25T18:00:00,2026-07-23T18:00:00,219dc8a0e6224f0e529b81bffaaa5659,3,54,19
2026-06-25T18:00:00,2026-07-23T18:00:00,21ca2aaf7ab1a72a70030f9e52abe9c7,3,3,3
2026-06-25T18:00:00,2026-07-23T18:00:00,21f60e67c0023f2829e7c7f76070407a,3,4,2
2026-06-25T18:00:00,2026-07-23T18:00:00,2209be5e4468024b431997c5b8568683,3,1,1
2026-06-25T18:00:00,2026-07-23T18:00:00,222e78a97d7836857c0c0a646b3af988,3,24,18
2026-06-25T18:00:00,2026-07-23T18:00:00,2269eeda6f9057b0d4f168572636fbfa,3,1227,79
2026-06-25T18:00:00,2026-07-23T18:00:00,23d527defa6d8dc04d93535868148dd9,3,461,104
2026-06-25T18:00:00,2026-07-23T18:00:00,24ace3385ad1d601cf91bcf016396eba,3,83,12
2026-06-25T18:00:00,2026-07-23T18:00:00,2539fcb150b8441dc8c762549c21dd9d,3,2,2
2026-06-25T18:00:00,2026-07-23T18:00:00,25aeec9260283b7945572e0ec01799a3,3,1335,156
2026-06-25T18:00:00,2026-07-23T18:00:00,25b86ade94c2bca4b345fa18ec9f26df,3,11,2
2026-06-25T18:00:00,2026-07-23T18:00:00,25e6599f26a6eef9f594eddf156188ab,3,4,2
2026-06-25T18:00:00,2026-07-23T18:00:00,26056456102685ee69648ba059bf9403,3,67,8
2026-06-25T18:00:00,2026-07-23T18:00:00,26f3725420cfdf2c9f27116d85cfb367,3,2,2
2026-06-25T18:00:00,2026-07-23T18:00:00,28abb8a79136ca1814a9745ad58f04e3,3,1,1
2026-06-25T18:00:00,2026-07-23T18:00:00,28c347d542e1868cd82731d1d1690b09,3,1,1
2026-06-25T18:00:00,2026-07-23T18:00:00,28db46031e46cbc492b96d5341bdcdfa,3,580,123
2026-06-25T18:00:00,2026-07-23T18:00:00,297ab238e28e827a5393691b3500e3b2,3,1,1
2026-06-25T18:00:00,2026-07-23T18:00:00,29e2b1a645a48e2612ea9d7a39e40c2f,3,1,1
2026-06-25T18:00:00,2026-07-23T18:00:00,2a8f610c8c47e80604c31a390ee0b989,3,3,3
2026-06-25T18:00:00,2026-07-23T18:00:00,2ac5515b287bae0fd6db926bc6e2fcd2,3,232,29
2026-06-25T18:00:00,2026-07-23T18:00:00,2ae2e4cfd042299d0dda5cbd63af78d9,3,3,3
2026-06-25T18:00:00,2026-07-23T18:00:00,2b6a5479c9310cf33210e5e7a7da253f,3,1,1
2026-06-25T18:00:00,2026-07-23T18:00:00,2b6eb886ba875fe97a9b2eb8007cce00,3,1,1
2026-06-25T18:00:00,2026-07-23T18:00:00,2b912e1ab0fd70157d65eaa44a90daa5,3,2,2
2026-06-25T18:00:00,2026-07-23T18:00:00,2baefcec2c3c30e2f4941c6c43ea4ff0,3,3,2
2026-06-25T18:00:00,2026-07-23T18:00:00,2c4ae81fa946ea44d5536d05efa14d84,3,3,1
2026-06-25T18:00:00,2026-07-23T18:00:00,2c81ce9ecb9b892daa44c3c1f282c54e,3,2,2
2026-06-25T18:00:00,2026-07-23T18:00:00,2c9fdbeb4a46789a29950dd0eded3457,3,2,1
2026-06-25T18:00:00,2026-07-23T18:00:00,2d311d91307da6198fc6ad1d8c71bb4b,3,33,8
2026-06-25T18:00:00,2026-07-23T18:00:00,2d5aeb856230300a3b6cf6246857c611,3,7,7
2026-06-25T18:00:00,2026-07-23T18:00:00,2d728c83acd9c162a2b5f8eafb99b6e7,3,1,1
2026-06-25T18:00:00,2026-07-23T18:00:00,2db43997334d07373e0e02aac70a440a,3,1,1
2026-06-25T18:00:00,2026-07-23T18:00:00,2dc02428b95ff5a487875ef6f73169db,3,1,1
2026-06-25T18:00:00,2026-07-23T18:00:00,2df38b9cb60ba36544dea0089d80b0ca,3,2050,168
2026-06-25T18:00:00,2026-07-23T18:00:00,2e2235738ac5f7c04ed53f05bdba5e98,3,457,93
2026-06-25T18:00:00,2026-07-23T18:00:00,2eaed5b7a09e1b1b4235d900d9fd644d,3,1,1
2026-06-25T18:00:00,2026-07-23T18:00:00,2fe0d557e3e835b6b76eda8c9716f42a,3,49,19
2026-06-25T18:00:00,2026-07-23T18:00:00,3028af87cb8d48f4bb3b045e0b97e592,3,3,1
2026-06-25T18:00:00,2026-07-23T18:00:00,303bcec652319102c15bb00963799a0f,3,2,2
2026-06-25T18:00:00,2026-07-23T18:00:00,305fe8850100343ae40d4d2c7e53eb7e,3,4965,168
2026-06-25T18:00:00,2026-07-23T18:00:00,30e0a80ff758eaf38749aeb93bd68363,3,1,1
2026-06-25T18:00:00,2026-07-23T18:00:00,318a1fa0531eff6a26fa4f71f2064ff3,3,1,1
2026-06-25T18:00:00,2026-07-23T18:00:00,318fdb7c70442de3429724e85e9c80ab,3,4,3
2026-06-25T18:00:00,2026-07-23T18:00:00,346a28721e822abd6f37eff7e8e4d50f,3,29,10
2026-06-25T18:00:00,2026-07-23T18:00:00,347ddcce2f93c71ac31f3d7dbfa8c26c,3,7,2
2026-06-25T18:00:00,2026-07-23T18:00:00,34fd48a779fb19d7dc72a396c52cf456,3,365,111
2026-06-25T18:00:00,2026-07-23T18:00:00,36088d4d3c4277630580660050b83d99,3,99,19
2026-06-25T18:00:00,2026-07-23T18:00:00,36bcacc1bb558f143a2ab5b75a51096d,3,110,18
2026-06-25T18:00:00,2026-07-23T18:00:00,3714bd7d36bc143fafc0f87024aa71d6,3,1,1
2026-06-25T18:00:00,2026-07-23T18:00:00,379dd022673680c87da3b59bd2c40485,3,10,2
2026-06-25T18:00:00,2026-07-23T18:00:00,388799840d5694a9f3d080106b6acf06,3,22,11
2026-06-25T18:00:00,2026-07-23T18:00:00,3965a17251852f6aeb30a09fbd559cdc,3,4,2
2026-06-25T18:00:00,2026-07-23T18:00:00,3ac5f4300a6c3e9f11a3cad354f1e819,3,7,4
2026-06-25T18:00:00,2026-07-23T18:00:00,3b7186acbc02a1f5618530031a63b210,3,1,1
2026-06-25T18:00:00,2026-07-23T18:00:00,3c60395f79942f9a060f05074aba20fd,3,42,11
2026-06-25T18:00:00,2026-07-23T18:00:00,3c6a167d58d100b8548bde685b6b4658,3,2,2
2026-06-25T18:00:00,2026-07-23T18:00:00,3c7f5aca9eaac7550198f04bf5408798,3,7,4
2026-06-25T18:00:00,2026-07-23T18:00:00,3d6faca3e1b8b2d9653fd53852ff4a87,3,1,1
2026-06-25T18:00:00,2026-07-23T18:00:00,3e3321c67c7a19cafa857bb46173c1f2,3,1060,81
2026-06-25T18:00:00,2026-07-23T18:00:00,3e8a28b4491560d004cc11a4bb1e16e0,3,577,105
2026-06-25T18:00:00,2026-07-23T18:00:00,3e8a9e52a91df25e9eb5490d97076331,3,66,47
2026-06-25T18:00:00,2026-07-23T18:00:00,3f062a4c1418f88b06b56588671a0763,3,1,1
2026-06-25T18:00:00,2026-07-23T18:00:00,3f3a7d0cf1dd13056789ce07be4e91af,3,3,2
2026-06-25T18:00:00,2026-07-23T18:00:00,3fa4f03e18eca35a84616f36f90e68ff,3,34,3
2026-06-25T18:00:00,2026-07-23T18:00:00,40b01581dea94c2dfd80b97524bef218,3,1,1
2026-06-25T18:00:00,2026-07-23T18:00:00,40d39503a5d567812816cdd1df1ff966,3,38,24
2026-06-25T18:00:00,2026-07-23T18:00:00,41e0108e2b28245351b1b520add168f3,3,2,1
2026-06-25T18:00:00,2026-07-23T18:00:00,42c39de631a67e10e6fdf9276d91ef8c,3,22,8
2026-06-25T18:00:00,2026-07-23T18:00:00,42d4ba4932f45dd5b9df1d8afb3747db,3,85,22
2026-06-25T18:00:00,2026-07-23T18:00:00,432879613d1e026d172040a914c74137,3,4,2
2026-06-25T18:00:00,2026-07-23T18:00:00,437f206178d5704eabb7ca648238f187,3,14,14
2026-06-25T18:00:00,2026-07-23T18:00:00,43b1f6a1092b73e2f1ed1a6157a27c97,3,315,90
2026-06-25T18:00:00,2026-07-23T18:00:00,4414b146488dc96c2ec4f6f5f3e8286b,3,1,1
2026-06-25T18:00:00,2026-07-23T18:00:00,447edc925465d47e3028c3bd94879271,3,326,70
2026-06-25T18:00:00,2026-07-23T18:00:00,459a3dcb101aa8bf37c76f25ae8c3cc1,3,1,1
2026-06-25T18:00:00,2026-07-23T18:00:00,46ae4183085e2dbe76e56146a3702da9,3,187,34
2026-06-25T18:00:00,2026-07-23T18:00:00,474fbd524cbc72584e42dfc5ede211e4,3,18,7
2026-06-25T18:00:00,2026-07-23T18:00:00,477e6b2439373ef2cf8e73bf0226e534,3,2,1
2026-06-25T18:00:00,2026-07-23T18:00:00,479fde05e759ac031ae5c0c27bd48e75,3,193,56
2026-06-25T18:00:00,2026-07-23T18:00:00,47cb87305a70bcb78e39d776de567ddc,3,371,39
2026-06-25T18:00:00,2026-07-23T18:00:00,47dd400212715531420d39d69220bca6,3,1,1
2026-06-25T18:00:00,2026-07-23T18:00:00,48369c64dd99e75e2d5435f85602e022,3,10,1
2026-06-25T18:00:00,2026-07-23T18:00:00,48dbe87614d3fcfb349b7f7fdde475f0,3,144,48
2026-06-25T18:00:00,2026-07-23T18:00:00,493c428739d1f074a42f02a7f57cbfe7,3,150,42
2026-06-25T18:00:00,2026-07-23T18:00:00,498956c778550aa09d1f62bf25a09b9c,3,4,3
2026-06-25T18:00:00,2026-07-23T18:00:00,49d9e84218630bbb30f98bf8192fb663,3,364,53
2026-06-25T18:00:00,2026-07-23T18:00:00,49dbf07b6e290df9e21627c9d1289827,3,68,33
2026-06-25T18:00:00,2026-07-23T18:00:00,4a080e428165af4fe915fcd16f996969,3,2,1
2026-06-25T18:00:00,2026-07-23T18:00:00,4a4a8a8b94f7d4e5e52207c1e5a0c040,3,1,1
2026-06-25T18:00:00,2026-07-23T18:00:00,4a4c43e34f5c8cb1183fb3f637c975aa,3,1,1
2026-06-25T18:00:00,2026-07-23T18:00:00,4a9972a1cc717e9569cbdcf1bdc61a9d,3,78,36
2026-06-25T18:00:00,2026-07-23T18:00:00,4b1d40cb62b073d17a76862c1e1cd14c,3,6,3
2026-06-25T18:00:00,2026-07-23T18:00:00,4b436a30c655c7d7304180a63c404b5c,3,32,14
2026-06-25T18:00:00,2026-07-23T18:00:00,4b60b799c849a948826a27db0063e13f,3,1,1
2026-06-25T18:00:00,2026-07-23T18:00:00,4b76691051012ef05572572ac6ac0411,3,1,1
2026-06-25T18:00:00,2026-07-23T18:00:00,4cbca2da7136c03c172133891cc5f700,3,300,167
2026-06-25T18:00:00,2026-07-23T18:00:00,4d3feba3702738235c0c37505da908c0,3,100,35
2026-06-25T18:00:00,2026-07-23T18:00:00,4d48f42a2d451781676a0b9e69259c93,3,1,1
2026-06-25T18:00:00,2026-07-23T18:00:00,4d62f64c809a5a3e5fd11c082d9ab688,3,3,2
2026-06-25T18:00:00,2026-07-23T18:00:00,4e4057a142dd542245fccfb2f08d3ce5,3,3,2
2026-06-25T18:00:00,2026-07-23T18:00:00,4e80e81248d24aac1c1cd9634e0c4d33,3,9,3
2026-06-25T18:00:00,2026-07-23T18:00:00,4ed3221fa003d97448c4e021a658ce37,3,30,10
2026-06-25T18:00:00,2026-07-23T18:00:00,4f732d54e1a653fe5f425960b5410883,3,211,62
2026-06-25T18:00:00,2026-07-23T18:00:00,5093a2fe66f55f2c9815221c2c91f821,3,1,1
2026-06-25T18:00:00,2026-07-23T18:00:00,51dd50712dbc8d8af7eda8e02f9ee952,3,1,1
2026-06-25T18:00:00,2026-07-23T18:00:00,51e4843d89733b91015011222e50241b,3,41,13
2026-06-25T18:00:00,2026-07-23T18:00:00,525c0769f09940671513f56f2e3775ff,3,120,15
2026-06-25T18:00:00,2026-07-23T18:00:00,52aa62cc03cb576885dacc3d544e07c5,3,36,23
2026-06-25T18:00:00,2026-07-23T18:00:00,53ac22df3ec927bd9bcdf32dcc9e4ee3,3,1,1
2026-06-25T18:00:00,2026-07-23T18:00:00,53c0e3b2e39df076450204a437e35847,3,5,2
2026-06-25T18:00:00,2026-07-23T18:00:00,543b81fa54ccf9291716f0b43542f740,3,2,2
2026-06-25T18:00:00,2026-07-23T18:00:00,55328aa9b2d3daef2c93ba12718acba7,3,4,4
2026-06-25T18:00:00,2026-07-23T18:00:00,55576c10666e1aeb8b851287ad157c72,3,1419,168
2026-06-25T18:00:00,2026-07-23T18:00:00,55c7e2d26038eda6eaa0424c9fb64c38,3,30,7
2026-06-25T18:00:00,2026-07-23T18:00:00,55de3ffed70e2836825bf1912489d969,3,7,5
2026-06-25T18:00:00,2026-07-23T18:00:00,57d1e8e27caa1d2e3a2c2e5d39c2bfcd,3,166,45
2026-06-25T18:00:00,2026-07-23T18:00:00,58647e9ba12757d0ef7eac5c12fd7c37,3,3,3
2026-06-25T18:00:00,2026-07-23T18:00:00,58f75750f2eeec51f5de1ec772ef64e5,3,2,1
2026-06-25T18:00:00,2026-07-23T18:00:00,5a2d5cf39e780626f99ffce30abd01a0,3,5,4
2026-06-25T18:00:00,2026-07-23T18:00:00,5ba88d2732ed15130f06cf7c9cd6d2ae,3,5,5
2026-06-25T18:00:00,2026-07-23T18:00:00,5c0089a8eefde425599888ee10a4d6b2,3,7,4
2026-06-25T18:00:00,2026-07-23T18:00:00,5c2798c8938451e3efb5d24511278c85,3,20,10
2026-06-25T18:00:00,2026-07-23T18:00:00,5c47be865b35eafa199a4c4ca8078952,3,62,29
2026-06-25T18:00:00,2026-07-23T18:00:00,5c637dfa69cfc1bdb129559ca5051e03,3,1,1
2026-06-25T18:00:00,2026-07-23T18:00:00,5ca847cc97eff63701e865ffe4356a6b,3,3,3
2026-06-25T18:00:00,2026-07-23T18:00:00,5cb26028a61d61f4ef2a5b480a85cd7d,3,4,3
2026-06-25T18:00:00,2026-07-23T18:00:00,5df55501acd5dcb6fedb70ec96a48f3e,3,5,1
2026-06-25T18:00:00,2026-07-23T18:00:00,5e8436d032a6bbd8b9b996955feb9d0f,3,2,1
2026-06-25T18:00:00,2026-07-23T18:00:00,5e95b5367427c1bd04a0780d551fa638,3,35,12
2026-06-25T18:00:00,2026-07-23T18:00:00,5ea33e0a3815bae36dbfd973751e0fad,3,3,3
2026-06-25T18:00:00,2026-07-23T18:00:00,5eb6d9ddd4c404ecc652564ecb00be0a,3,1,1
2026-06-25T18:00:00,2026-07-23T18:00:00,5ed99870f6009799436a8485eaa0a4f0,3,1203,71
2026-06-25T18:00:00,2026-07-23T18:00:00,603087f8f63b1674bc713ad0d8e9fa58,3,133,58
2026-06-25T18:00:00,2026-07-23T18:00:00,60815df52a614b7910e0a59e9302fac6,3,1,1
2026-06-25T18:00:00,2026-07-23T18:00:00,60e73f2d8ce44f2ff4fb86da7ddd8756,3,61,21
2026-06-25T18:00:00,2026-07-23T18:00:00,618aa64b1a6deaf2781f5bffc3498cba,3,130,113
2026-06-25T18:00:00,2026-07-23T18:00:00,61c7a66152a417380126bdedae14d01f,3,1,1
2026-06-25T18:00:00,2026-07-23T18:00:00,620a72422db74d493f627fcb37343233,3,1,1
2026-06-25T18:00:00,2026-07-23T18:00:00,624e8f702e5201629795ef5e11f58ffb,3,3,2
2026-06-25T18:00:00,2026-07-23T18:00:00,62fe84b727afd95e74bba2371490c016,3,1,1
2026-06-25T18:00:00,2026-07-23T18:00:00,6505a7dfc19cae82f1f9f383d675023f,3,12,7
2026-06-25T18:00:00,2026-07-23T18:00:00,653437e6240687f273e4b98d8c65fcfc,3,1,1
2026-06-25T18:00:00,2026-07-23T18:00:00,653ca32a868ad295c6a4ad8ebac04b7a,3,8,2
2026-06-25T18:00:00,2026-07-23T18:00:00,6560f4822a8d6bcbd7fd104382f3d038,3,17,5
2026-06-25T18:00:00,2026-07-23T18:00:00,656c7ec350202bee7fb07662031ab6f7,3,38,17
2026-06-25T18:00:00,2026-07-23T18:00:00,658bf29db227246e56428dec33985f75,3,1,1
2026-06-25T18:00:00,2026-07-23T18:00:00,6594cfa6feffa9eae074ed2cb00d3d15,3,6,6
2026-06-25T18:00:00,2026-07-23T18:00:00,65990b581fe979aedf1cd56de5a36dd8,3,3125,162
2026-06-25T18:00:00,2026-07-23T18:00:00,65d2d9423af9560bb10b01a63b7c3544,3,40,17
2026-06-25T18:00:00,2026-07-23T18:00:00,65f85feb63e83b09f5fc2662a24bce01,3,200,15
2026-06-25T18:00:00,2026-07-23T18:00:00,65fae484d001ce2bae914e355072ef85,3,4,2
2026-06-25T18:00:00,2026-07-23T18:00:00,668c6e37899817b662a6371666242909,3,105,11
2026-06-25T18:00:00,2026-07-23T18:00:00,66aa995c3cdabfe65f2f07ed5b4ea7d5,3,1,1
2026-06-25T18:00:00,2026-07-23T18:00:00,66d5a82367a3fdf0071f15f9cd3e7055,3,19,13
2026-06-25T18:00:00,2026-07-23T18:00:00,67bdda446377deb778936d8eb37ae225,3,35,9
2026-06-25T18:00:00,2026-07-23T18:00:00,6880207be8f94a0483393d064c4a4e75,3,19,18
2026-06-25T18:00:00,2026-07-23T18:00:00,6a06e913546c25c0e64c67aeabbc403f,3,17,4
2026-06-25T18:00:00,2026-07-23T18:00:00,6af27f67c012f4222a97721ea289f247,3,1,1
2026-06-25T18:00:00,2026-07-23T18:00:00,6b104bfaeb0703efe279f8979a2e746f,3,120,41
2026-06-25T18:00:00,2026-07-23T18:00:00,6b3c0a5b41f7ddc3c2f2adc64a431551,3,12,8
2026-06-25T18:00:00,2026-07-23T18:00:00,6b86027a05a6c6835000cccd7e94c2d9,3,1,1
2026-06-25T18:00:00,2026-07-23T18:00:00,6bd99f3230c74ffe6db90d5f40ae9b49,3,1,1
2026-06-25T18:00:00,2026-07-23T18:00:00,6bf32ba65b6a89121bf50f48060241f3,3,10,8
2026-06-25T18:00:00,2026-07-23T18:00:00,6c2ac21703ab57e0f61a548a08fe54fa,3,2,2
2026-06-25T18:00:00,2026-07-23T18:00:00,6c3818d7c65416c8a0d8fec6da0a4c1a,3,4,3
2026-06-25T18:00:00,2026-07-23T18:00:00,6ccff22ba80bd5e4a4e5f20d8cf48f48,3,19,6
2026-06-25T18:00:00,2026-07-23T18:00:00,6e8d16c487cdb71d21575552f9635907,3,8,3
2026-06-25T18:00:00,2026-07-23T18:00:00,6f3a08b86a72e3affdc53dcc791c3fce,3,2,1
2026-06-25T18:00:00,2026-07-23T18:00:00,6f54d5b4a166e152f72bf4fcf248b3dd,3,3,1
2026-06-25T18:00:00,2026-07-23T18:00:00,6f5514e7c27868a6bb3c3eb1ff6edbb5,3,465,79
2026-06-25T18:00:00,2026-07-23T18:00:00,6f84f444cb58e1ed97ff4cd717633004,3,7,5
2026-06-25T18:00:00,2026-07-23T18:00:00,6fb26440c7039b56ab55082b1415192d,3,1,1
2026-06-25T18:00:00,2026-07-23T18:00:00,706c5f8c04794e92a006a0fdd7b71f05,3,55,11
2026-06-25T18:00:00,2026-07-23T18:00:00,709d02d6be75c5cd061827d70853b7fd,3,219,58
2026-06-25T18:00:00,2026-07-23T18:00:00,71cec018d4b550cd0c08eb727a7faf8c,3,192,26
2026-06-25T18:00:00,2026-07-23T18:00:00,72e5571d7e5089980fe0e8f56a6c5094,3,26,13
2026-06-25T18:00:00,2026-07-23T18:00:00,737cae7e316d49835e26874d0ada37f2,3,2,2
2026-06-25T18:00:00,2026-07-23T18:00:00,73b34f3d25abe23d33c0d97e8850cc6c,3,8,2
2026-06-25T18:00:00,2026-07-23T18:00:00,73b636059b6b28d7273a3b7618ec9069,3,6,4
2026-06-25T18:00:00,2026-07-23T18:00:00,73e85c9e41f0ce4561c7d4dde748e0f2,3,104,73
2026-06-25T18:00:00,2026-07-23T18:00:00,747a4ec2faded64af0184f5fe95d2dd6,3,1,1
2026-06-25T18:00:00,2026-07-23T18:00:00,7552be7e2f5db557b9307f69bfc3538b,3,1,1
2026-06-25T18:00:00,2026-07-23T18:00:00,7781bfd6eb715f6cf879e12ce82c1b0a,3,1,1
2026-06-25T18:00:00,2026-07-23T18:00:00,77a542f7af26e159a59727d4f58b5045,3,2,2
2026-06-25T18:00:00,2026-07-23T18:00:00,7822c98271b3de3601f2e307dbaf0ffc,3,456,101
2026-06-25T18:00:00,2026-07-23T18:00:00,785fc612be8019466cdc19d8b0b210f0,3,9,4
2026-06-25T18:00:00,2026-07-23T18:00:00,798a01e35a89071c796a00a79cb8385f,3,4,3
2026-06-25T18:00:00,2026-07-23T18:00:00,7a8360d1b285fb7c8fb4d5ed93b1e996,3,55,22
2026-06-25T18:00:00,2026-07-23T18:00:00,7a85bdac5a73ece849402f1d93ad823c,3,1,1
2026-06-25T18:00:00,2026-07-23T18:00:00,7acbe7fb6e7ae2161d4e9669214911a5,3,1,1
2026-06-25T18:00:00,2026-07-23T18:00:00,7ae7bab4b59ddcd20e2e5522fc15f1cb,3,12,6
2026-06-25T18:00:00,2026-07-23T18:00:00,7b873a998015f000a9497d052ec8a7d7,3,2,2
2026-06-25T18:00:00,2026-07-23T18:00:00,7b88e3445705c883ee9b9c3395bd319c,3,2194,168
2026-06-25T18:00:00,2026-07-23T18:00:00,7b9eb455b1098dce2d7718a4080b72e1,3,8,4
2026-06-25T18:00:00,2026-07-23T18:00:00,7c382b393eac83d953b5fb1238520137,3,1,1
2026-06-25T18:00:00,2026-07-23T18:00:00,7c7bc06f895c8638705ba3ccdb8841b4,3,1,1
2026-06-25T18:00:00,2026-07-23T18:00:00,7ca046be309fee780f33894da17ede45,3,459,129
2026-06-25T18:00:00,2026-07-23T18:00:00,7cb5c3700efc3300396b2eeeaa5be228,3,13,8
2026-06-25T18:00:00,2026-07-23T18:00:00,7d8d55ae06e3b3c4c6e460ac92a78063,3,4,4
2026-06-25T18:00:00,2026-07-23T18:00:00,7e21cd0c09fd50085e6f6fb5f033c028,3,5,4
2026-06-25T18:00:00,2026-07-23T18:00:00,7e902ea5a372534ad6c301228461c0b5,3,17,3
2026-06-25T18:00:00,2026-07-23T18:00:00,7ef4bca9636f51744922e40d6bc15a49,3,16,1
2026-06-25T18:00:00,2026-07-23T18:00:00,7f9ed85f2e252859d628e093ff870486,3,1,1
2026-06-25T18:00:00,2026-07-23T18:00:00,8009d74c06502f72dae3a4b2b30d347d,3,25,6
2026-06-25T18:00:00,2026-07-23T18:00:00,8018a121f150496ed2b58ed6b5ff6c5f,3,1,1
2026-06-25T18:00:00,2026-07-23T18:00:00,8046fe40c78da7e756f2e140528ebfe2,3,7,4
2026-06-25T18:00:00,2026-07-23T18:00:00,80b73881ade0e2aee5df135bebd50387,3,1722,163
2026-06-25T18:00:00,2026-07-23T18:00:00,80e81d1739fe51d5cf714be8300119c5,3,16,15
2026-06-25T18:00:00,2026-07-23T18:00:00,81ea219d72e5281520a523c5e6236c7c,3,8,3
2026-06-25T18:00:00,2026-07-23T18:00:00,82da9d2d9ecb8a3a873534356b1f7a70,3,33,33
2026-06-25T18:00:00,2026-07-23T18:00:00,82f7131827d9e248f2c57651d4482ea4,3,23,9
2026-06-25T18:00:00,2026-07-23T18:00:00,83422a4002401d75309e461e2a93db23,3,10,8
2026-06-25T18:00:00,2026-07-23T18:00:00,840e2a666ef2d4c546085bfd6b36e05e,3,18,15
2026-06-25T18:00:00,2026-07-23T18:00:00,842a49e7352a533dfd475be46fcdcead,3,1,1
2026-06-25T18:00:00,2026-07-23T18:00:00,8437084b31b8ea638c058e4c2a32fc2a,3,244,42
2026-06-25T18:00:00,2026-07-23T18:00:00,855cf69d9da3f3e47ba8c601c0faa0e5,3,101,35
2026-06-25T18:00:00,2026-07-23T18:00:00,85d83b1572889c6e932d7c297884a369,3,4,2
2026-06-25T18:00:00,2026-07-23T18:00:00,85e805894d467a6a7c8adfde3c8d7a71,3,1,1
2026-06-25T18:00:00,2026-07-23T18:00:00,860238f9ba9a4901cb0c3b26fa4828bc,3,2,1
2026-06-25T18:00:00,2026-07-23T18:00:00,86121948e45edee3fa73930c16af5326,3,31,12
2026-06-25T18:00:00,2026-07-23T18:00:00,86495d46cd2b0c383159b5f3f6b369ee,3,28,12
2026-06-25T18:00:00,2026-07-23T18:00:00,8798d1273a44cc59451678aa1eae1f20,3,1,1
2026-06-25T18:00:00,2026-07-23T18:00:00,87a922ed98553b8c4df5b18c70bf78c3,3,4,3
2026-06-25T18:00:00,2026-07-23T18:00:00,891703803264e7c799473727d6b5511e,3,239,82
2026-06-25T18:00:00,2026-07-23T18:00:00,897a68f73cd11ef754ef5a4d059d3e6b,3,2,2
2026-06-25T18:00:00,2026-07-23T18:00:00,897f56fcde6eb3cae6ddf819c38d5795,3,655,119
2026-06-25T18:00:00,2026-07-23T18:00:00,8996d63f7299e5577a7e0868bc3a6f64,3,2,2
2026-06-25T18:00:00,2026-07-23T18:00:00,8a53b72d2c710974413fa84ffd803b5f,3,25,10
2026-06-25T18:00:00,2026-07-23T18:00:00,8a6aed51cbfa7e634b4a8b241694d425,3,1,1
2026-06-25T18:00:00,2026-07-23T18:00:00,8aed268193ce1aa48247cbfa3c9b13de,3,1,1
2026-06-25T18:00:00,2026-07-23T18:00:00,8ba793c46db6a1e22c8f435fb730ac26,3,1,1
2026-06-25T18:00:00,2026-07-23T18:00:00,8bd0744751924f59239c4ecc09f35ea1,3,1,1
2026-06-25T18:00:00,2026-07-23T18:00:00,8be5d162127e38f7d3c07e8ed4a891ad,3,1,1
2026-06-25T18:00:00,2026-07-23T18:00:00,8c1e23a9833419dac5b6b6c1213c0513,3,6,3
2026-06-25T18:00:00,2026-07-23T18:00:00,8c38355de4283e68dc723f1572f79a6e,3,27,10
2026-06-25T18:00:00,2026-07-23T18:00:00,8d96d95fe1759cf187a8ab6601950f11,3,11,9
2026-06-25T18:00:00,2026-07-23T18:00:00,8d9de7882d8ef633f182d637231e3de3,3,3,3
2026-06-25T18:00:00,2026-07-23T18:00:00,8e1e1480b5b7d30fde86880483709c27,3,1811,147
2026-06-25T18:00:00,2026-07-23T18:00:00,8e3979839b55fb74fc3caddedfcdc53e,3,1215,122
2026-06-25T18:00:00,2026-07-23T18:00:00,8e671c573caf4cea2ac0188bc11727cd,3,1,1
2026-06-25T18:00:00,2026-07-23T18:00:00,8eebf7103fe3600c85bbb94eb7db6f97,3,70,27
2026-06-25T18:00:00,2026-07-23T18:00:00,8fae40727b047ed4b4221e019bfc8a84,3,1,1
2026-06-25T18:00:00,2026-07-23T18:00:00,927b2e02cd384fd2fcac28841c93cb69,3,1,1
2026-06-25T18:00:00,2026-07-23T18:00:00,92fd1c3487982aaed2ad3774e989a452,3,70,13
2026-06-25T18:00:00,2026-07-23T18:00:00,935a69cffabf69e6a6810cc763b5dccd,3,2,2
2026-06-25T18:00:00,2026-07-23T18:00:00,93a8a45ffaaf778db793164c7ca96b73,3,5,3
2026-06-25T18:00:00,2026-07-23T18:00:00,93b2e10c2557d2817c60a73fcb5d3f29,3,1,1
2026-06-25T18:00:00,2026-07-23T18:00:00,9473022808a75039a87b42e63c2f2065,3,3,2
2026-06-25T18:00:00,2026-07-23T18:00:00,94e27be0709a50d34f773f2d57903633,3,164,38
2026-06-25T18:00:00,2026-07-23T18:00:00,959bd9ad164901a9e7423b644ffb81c5,3,2,2
2026-06-25T18:00:00,2026-07-23T18:00:00,962cebaf9d8ceca99307253d1a83d28e,3,57,22
2026-06-25T18:00:00,2026-07-23T18:00:00,966cd25f2d7ca55ddb10449b9a11d957,3,1,1
2026-06-25T18:00:00,2026-07-23T18:00:00,96b683ca942fa1827c237db4be6c6df0,3,156,22
2026-06-25T18:00:00,2026-07-23T18:00:00,96c499fc889d5e3bf1b34c5351db904c,3,4,1
2026-06-25T18:00:00,2026-07-23T18:00:00,96fb810b9f15bc90a6c371f1281e10e4,3,8,1
2026-06-25T18:00:00,2026-07-23T18:00:00,97e045ea6b711249ad2fe019178e4e3f,3,8,3
2026-06-25T18:00:00,2026-07-23T18:00:00,97e07881652b1f0957df5095c223a0fc,3,1,1
2026-06-25T18:00:00,2026-07-23T18:00:00,98ca98ccc6248eef7f37c39c23f7aca1,3,1,1
2026-06-25T18:00:00,2026-07-23T18:00:00,99ff316b454ca037ce1146547b8d6233,3,6,3
2026-06-25T18:00:00,2026-07-23T18:00:00,9a57200a4f0d4313e4a8f8b6750cc7c5,3,1,1
2026-06-25T18:00:00,2026-07-23T18:00:00,9a9fe42e4a54b12b69b0f495733a281c,3,5,5
2026-06-25T18:00:00,2026-07-23T18:00:00,9adbec650a546c7ee10c4b1b91dc9b91,3,532,101
2026-06-25T18:00:00,2026-07-23T18:00:00,9afd179d5648a35c811b68d9fb3f468b,3,2,2
2026-06-25T18:00:00,2026-07-23T18:00:00,9bc10a948a4d5d9090008bd15304d5cd,3,4,4
2026-06-25T18:00:00,2026-07-23T18:00:00,9c26d93da4825a1c11da6d92cc060cac,3,7,4
2026-06-25T18:00:00,2026-07-23T18:00:00,9c3a950e644398e844895263deaf1a94,3,25,13
2026-06-25T18:00:00,2026-07-23T18:00:00,9e7356691c8b731cdd41d6157288132a,3,5,2
2026-06-25T18:00:00,2026-07-23T18:00:00,9f9022eb6c1d536013b15f87e93515ae,3,1,1
2026-06-25T18:00:00,2026-07-23T18:00:00,a049a35865e0d9fe9158428f8dddaff0,3,5,2
2026-06-25T18:00:00,2026-07-23T18:00:00,a0b1721fa49c098d7acf998ac906ed81,3,243,60
2026-06-25T18:00:00,2026-07-23T18:00:00,a0d3ee1862ea8fdfa3ee35e44c9e446f,3,2,1
2026-06-25T18:00:00,2026-07-23T18:00:00,a0fab0d89df51bd95c83943ab07018cc,3,1,1
2026-06-25T18:00:00,2026-07-23T18:00:00,a3159405502a0a19793c327c755ca61b,3,123,35
2026-06-25T18:00:00,2026-07-23T18:00:00,a3a9a48c5c71c11937f8a07d864bb0d9,3,6,2
2026-06-25T18:00:00,2026-07-23T18:00:00,a3e31e7c3b04086a177b2c2ee3a2e951,3,13,3
2026-06-25T18:00:00,2026-07-23T18:00:00,a56bc1a3aa85c5bbf6aeb627e1782514,3,21,8
2026-06-25T18:00:00,2026-07-23T18:00:00,a5d448bc5b4085ba34049337b2e4bd49,3,18,17
2026-06-25T18:00:00,2026-07-23T18:00:00,a60a3722b75421a544e001bfd919bc06,3,18,18
2026-06-25T18:00:00,2026-07-23T18:00:00,a62b6b25abbca58da5e25580c73e00a3,3,1,1
2026-06-25T18:00:00,2026-07-23T18:00:00,a7ae53cebbc3623d385cc2bb5a455494,3,24,6
2026-06-25T18:00:00,2026-07-23T18:00:00,a7b04f5706abe4e0872c70d483b7393e,3,4,3
2026-06-25T18:00:00,2026-07-23T18:00:00,a85e801fa2912de44a9de25730c6f1aa,3,1049,76
2026-06-25T18:00:00,2026-07-23T18:00:00,a87bcea2b3bbe7c7e6885c4b0e2b614a,3,117,27
2026-06-25T18:00:00,2026-07-23T18:00:00,a8ad1838ef2744dd415822659305e90c,3,114,61
2026-06-25T18:00:00,2026-07-23T18:00:00,a8e35e8132082662a2dc8a89a7fb3a2c,3,5,3
2026-06-25T18:00:00,2026-07-23T18:00:00,a92bb3e34b5f6211c5354991a4bf1166,3,46,37
2026-06-25T18:00:00,2026-07-23T18:00:00,a950de248f75e1598e31eb79f4b0a815,3,1,1
2026-06-25T18:00:00,2026-07-23T18:00:00,ab1318e2724ed0d3897a7409ae35c4a8,3,232,87
2026-06-25T18:00:00,2026-07-23T18:00:00,aba1ef0966832cca291772d97808d1fe,3,174,25
2026-06-25T18:00:00,2026-07-23T18:00:00,ac01819e541500298d1bfd0a15e76652,3,2,2
2026-06-25T18:00:00,2026-07-23T18:00:00,ad383a430dd9b92a89f4b898855fc882,3,850,153
2026-06-25T18:00:00,2026-07-23T18:00:00,adc1b5d173158216aef160c2dd4b625e,3,20,5
2026-06-25T18:00:00,2026-07-23T18:00:00,ae005231de6fa33edfb7f9c2c7c3c34a,3,248,35
2026-06-25T18:00:00,2026-07-23T18:00:00,ae1b6cf4f3c65c1df0a09e00d730157a,3,3,3
2026-06-25T18:00:00,2026-07-23T18:00:00,af3f9ff852551e2485f58237f3c25c06,3,1,1
2026-06-25T18:00:00,2026-07-23T18:00:00,b08c5fbd2cf1162fba98efe628b6b084,3,784,161
2026-06-25T18:00:00,2026-07-23T18:00:00,b09be6dced78e7b106665abd1ff2bc3a,3,1,1
2026-06-25T18:00:00,2026-07-23T18:00:00,b0e6081c8c0fef72302af5842323c53f,3,1,1
2026-06-25T18:00:00,2026-07-23T18:00:00,b107f0cb7a052e4eac253bedd43f656c,3,183,49
2026-06-25T18:00:00,2026-07-23T18:00:00,b124bdaddb606ea47c2cd71a5bc230ef,3,8,2
2026-06-25T18:00:00,2026-07-23T18:00:00,b1f7fcab8557d03ce9218805b2dd9305,3,17,12
2026-06-25T18:00:00,2026-07-23T18:00:00,b2b18ef8744c214b603de10d2958f2a1,3,156,48
2026-06-25T18:00:00,2026-07-23T18:00:00,b2b62b2613581d42a49c113ce81f13be,3,27,7
2026-06-25T18:00:00,2026-07-23T18:00:00,b3290fc9d805feb110b8dbe2c62dae74,3,2,1
2026-06-25T18:00:00,2026-07-23T18:00:00,b33bbafab3de2e3b36bac605da212c59,3,23,6
2026-06-25T18:00:00,2026-07-23T18:00:00,b3a039b38b1b4e0669d6bf21683acd4b,3,6,3
2026-06-25T18:00:00,2026-07-23T18:00:00,b5a21eeb322a50b5c7aadfa764f840c2,3,14,7
2026-06-25T18:00:00,2026-07-23T18:00:00,b5f8e8460f813197d5624a6a6f904f99,3,26,10
2026-06-25T18:00:00,2026-07-23T18:00:00,b6706f9edbf757b8863b7503ab313111,3,1,1
2026-06-25T18:00:00,2026-07-23T18:00:00,b734cbdedb80a43c9c7f76e1e8971706,3,1,1
2026-06-25T18:00:00,2026-07-23T18:00:00,b756de18b18ea89a728c7dca0ed5ae2e,3,2,2
2026-06-25T18:00:00,2026-07-23T18:00:00,b7a09f82568ba1b603f4545a77565852,3,243,161
2026-06-25T18:00:00,2026-07-23T18:00:00,b8298297ee986af1851fa9ab917c7823,3,1,1
2026-06-25T18:00:00,2026-07-23T18:00:00,b920ba003975f6b2fe557de4458d5f10,3,1,1
2026-06-25T18:00:00,2026-07-23T18:00:00,b93760fb078b9b5fb2ce4733e2671698,3,4,3
2026-06-25T18:00:00,2026-07-23T18:00:00,b946217bfe8ee7a8df2ed710d1088638,3,15,4
2026-06-25T18:00:00,2026-07-23T18:00:00,b9afd46e18ba5105eda5f80ea8371997,3,9,3
2026-06-25T18:00:00,2026-07-23T18:00:00,ba5a3dffcfb572b06f3cc0e4ed80d87a,3,4,1
2026-06-25T18:00:00,2026-07-23T18:00:00,bacd092718717b4eb1784c718205bb4f,3,4,4
2026-06-25T18:00:00,2026-07-23T18:00:00,bc08c52bc0e40a5c959af88b189cbb27,3,2,2
2026-06-25T18:00:00,2026-07-23T18:00:00,bc2572b49a0b59625f3204d265688230,3,4,1
2026-06-25T18:00:00,2026-07-23T18:00:00,bc57dcccf6ed6fd11de0496d938fedef,3,1,1
2026-06-25T18:00:00,2026-07-23T18:00:00,bca959333aa36131f0cfb1c5fdb09c22,3,17,9
2026-06-25T18:00:00,2026-07-23T18:00:00,bcad31a13167f158bf22084b0a781859,3,1,1
2026-06-25T18:00:00,2026-07-23T18:00:00,bd0c923ad85bfd2185e5f51ea46169a7,3,2,2
2026-06-25T18:00:00,2026-07-23T18:00:00,bd156d5a5b44926f1508159229e015ff,3,1,1
2026-06-25T18:00:00,2026-07-23T18:00:00,bd1d9108bc551d2129326c9caa53cbf5,3,6,4
2026-06-25T18:00:00,2026-07-23T18:00:00,bd49463957ef43834e864ad5ce76f7f7,3,1,1
2026-06-25T18:00:00,2026-07-23T18:00:00,bd6b6cb7bad65d3bfedcedcea7584940,3,112,60
2026-06-25T18:00:00,2026-07-23T18:00:00,bd76e6d12956dfbe528ee3b797c61416,3,465,68
2026-06-25T18:00:00,2026-07-23T18:00:00,bedc527f5fad4b3362426dba2197dcea,3,34,5
2026-06-25T18:00:00,2026-07-23T18:00:00,bf5816c104f1e045a76cc5c996be711c,3,1,1
2026-06-25T18:00:00,2026-07-23T18:00:00,bfe1b27ce043ff11dd39aa5b631ff880,3,45,5
2026-06-25T18:00:00,2026-07-23T18:00:00,c0179635625c5e22de05f9cc9d237a2e,3,14,7
2026-06-25T18:00:00,2026-07-23T18:00:00,c0511ed8e067ba4e9ea4e09ba50ea392,3,2,1
2026-06-25T18:00:00,2026-07-23T18:00:00,c053ba53a7bff4ffb10910f3fdb149b2,3,101,35
2026-06-25T18:00:00,2026-07-23T18:00:00,c07f57068b9ea30107644271c96897c6,3,1,1
2026-06-25T18:00:00,2026-07-23T18:00:00,c095676f1ebccb4caa89a04569217844,3,104,69
2026-06-25T18:00:00,2026-07-23T18:00:00,c09db49a0d3ac6550bb149b836e56a7d,3,28,6
2026-06-25T18:00:00,2026-07-23T18:00:00,c0edabd2fa050ccd8d6af04205fcca20,3,18,8
2026-06-25T18:00:00,2026-07-23T18:00:00,c130df4767cc803db7cdfc546d7c32ad,3,2,1
2026-06-25T18:00:00,2026-07-23T18:00:00,c16fd62e9fcd2b975a427818f7b38391,3,58,22
2026-06-25T18:00:00,2026-07-23T18:00:00,c198210dcf8eecf3c8a13f6eda094fa8,3,10,3
2026-06-25T18:00:00,2026-07-23T18:00:00,c1d7197391140a15fbce153f61b2c045,3,19,4
2026-06-25T18:00:00,2026-07-23T18:00:00,c204578299c3369eb3c954aac931ea90,3,3,3
2026-06-25T18:00:00,2026-07-23T18:00:00,c271f4912ca2e9f4f91f5a15d4c00dab,3,6,1
2026-06-25T18:00:00,2026-07-23T18:00:00,c2ae2ed247b0edbdcc741523e3df9919,3,25,7
2026-06-25T18:00:00,2026-07-23T18:00:00,c30a8d9fe320e9120e05f0f09218aa0d,3,25,9
2026-06-25T18:00:00,2026-07-23T18:00:00,c3119891f455e3a7688c214042e7458f,3,206,23
2026-06-25T18:00:00,2026-07-23T18:00:00,c325ca722793ae687d67fbc015614b1e,3,12,3
2026-06-25T18:00:00,2026-07-23T18:00:00,c348f5741f070ba76d679cd859d96f81,3,3,3
2026-06-25T18:00:00,2026-07-23T18:00:00,c3b978cbcd528ca051ff7491290b7989,3,86,36
2026-06-25T18:00:00,2026-07-23T18:00:00,c3f00b9b3e43e391b3100a8a60e435cd,3,191,31
2026-06-25T18:00:00,2026-07-23T18:00:00,c41e6be0793d56b9efab23a76bf2de55,3,6086,168
2026-06-25T18:00:00,2026-07-23T18:00:00,c4585c4aca31088b150c5d1200c9bf13,3,1,1
2026-06-25T18:00:00,2026-07-23T18:00:00,c45fea404bb513c42bff17c37079226e,3,3,1
2026-06-25T18:00:00,2026-07-23T18:00:00,c6695b6403ebdcae9f7d8d527344f065,3,28,11
2026-06-25T18:00:00,2026-07-23T18:00:00,c6779ec9833797d2895cea3020b5742a,3,15,3
2026-06-25T18:00:00,2026-07-23T18:00:00,c7658f1c6054802011c08f3206b0bc5d,3,17,6
2026-06-25T18:00:00,2026-07-23T18:00:00,c7b4163d53efaa5717dbf0c410ebc106,3,1,1
2026-06-25T18:00:00,2026-07-23T18:00:00,c8a92ca4eaea6f58eec66ef241339852,3,101,40
2026-06-25T18:00:00,2026-07-23T18:00:00,c90a85aef1c29fed41e0413723239df9,3,5,2
2026-06-25T18:00:00,2026-07-23T18:00:00,cb2e7105d4125fadfa8d17ee59c10c42,3,1061,149
2026-06-25T18:00:00,2026-07-23T18:00:00,cb3cb5564dbb74de74ac9573b849686d,3,5,3
2026-06-25T18:00:00,2026-07-23T18:00:00,cb5b48f38ca716870d85793e6b3360b8,3,84,9
2026-06-25T18:00:00,2026-07-23T18:00:00,cb5faebce4b673e95c262ba3ac1d7245,3,86,41
2026-06-25T18:00:00,2026-07-23T18:00:00,cc2806c6ccd0d4c75da237dc14b89cee,3,8,6
2026-06-25T18:00:00,2026-07-23T18:00:00,cc34a16620c8e297f54c8d3deab1529a,3,7,2
2026-06-25T18:00:00,2026-07-23T18:00:00,cd76791a335a86df691d57abcbd57283,3,26,10
2026-06-25T18:00:00,2026-07-23T18:00:00,cdb2e500605d9a887dfde6bc376e72f5,3,355,74
2026-06-25T18:00:00,2026-07-23T18:00:00,cdded0a04de2d971efbb655ae1ea31cf,3,1,1
2026-06-25T18:00:00,2026-07-23T18:00:00,cdf04f076cac5c288ea189af2b2f3594,3,30,5
2026-06-25T18:00:00,2026-07-23T18:00:00,ce51666f0da9ecfdfc88c34eb0cfef5f,3,401,140
2026-06-25T18:00:00,2026-07-23T18:00:00,cf5f8ad39d34b44896055b90eb13478e,3,378,97
2026-06-25T18:00:00,2026-07-23T18:00:00,cfc32873df643c0272b305d4e10cb537,3,145,55
2026-06-25T18:00:00,2026-07-23T18:00:00,cfe787d7889058c9ae4ddec6e3656987,3,1,1
2026-06-25T18:00:00,2026-07-23T18:00:00,cff2b47795d239f605630e953c72a421,3,69,28
2026-06-25T18:00:00,2026-07-23T18:00:00,d010917c0b6dc682e76b873814e2e7df,3,68,14
2026-06-25T18:00:00,2026-07-23T18:00:00,d03fb1136fa90095177552fbcb61864b,3,1,1
2026-06-25T18:00:00,2026-07-23T18:00:00,d1583f4d658054089c4060679ab59c32,3,65,39
2026-06-25T18:00:00,2026-07-23T18:00:00,d1e9187765a9a9313745697eda8571d6,3,14,4
2026-06-25T18:00:00,2026-07-23T18:00:00,d22d15064662f92f12035467f7d3ab67,3,4,4
2026-06-25T18:00:00,2026-07-23T18:00:00,d22fa15f64b1039624d30a681abbe3fb,3,6,6
2026-06-25T18:00:00,2026-07-23T18:00:00,d2c09150e32b42bb29f592787853b66e,3,1,1
2026-06-25T18:00:00,2026-07-23T18:00:00,d34206f464f178dbee35c5e6a8daa998,3,1,1
2026-06-25T18:00:00,2026-07-23T18:00:00,d393e839dbc377206516691c5e4878c1,3,2,2
2026-06-25T18:00:00,2026-07-23T18:00:00,d3ebcecc28515ee2473e12e79d1b63d8,3,1,1
2026-06-25T18:00:00,2026-07-23T18:00:00,d4700c1c6624514b110ac8f0e6544576,3,1,1
2026-06-25T18:00:00,2026-07-23T18:00:00,d47bfb497a10a7d2da4893aaf8fdb792,3,6,3
2026-06-25T18:00:00,2026-07-23T18:00:00,d59f3048cf7efad2b7ca4c155e0d9e93,3,7,3
2026-06-25T18:00:00,2026-07-23T18:00:00,d5fe7e0326d8d23b5e48ca5b1c725d6a,3,7,5
2026-06-25T18:00:00,2026-07-23T18:00:00,d62848cdabdec1c778136b2a5b2c29cb,3,1,1
2026-06-25T18:00:00,2026-07-23T18:00:00,d649b05d838c7cbe7d9a8c29cb6aeb14,3,2,2
2026-06-25T18:00:00,2026-07-23T18:00:00,d83ee0c4d55034aa328bf074a8615001,3,626,157
2026-06-25T18:00:00,2026-07-23T18:00:00,d84f9e7a8abcddc16e0604e854104e25,3,28,14
2026-06-25T18:00:00,2026-07-23T18:00:00,d86adbb00ba3946611ffd66dc9966498,3,35,10
2026-06-25T18:00:00,2026-07-23T18:00:00,d8fc61d60a1450474c919d19904a81c2,3,9,4
2026-06-25T18:00:00,2026-07-23T18:00:00,d9b296fc3f1bfd69e52080d62efb18f6,3,853,131
2026-06-25T18:00:00,2026-07-23T18:00:00,da4f415e4ad4f349f5c311617cf584c8,3,1,1
2026-06-25T18:00:00,2026-07-23T18:00:00,da86b2b76bf465e9c6919e0ec6bd30f5,3,30,22
2026-06-25T18:00:00,2026-07-23T18:00:00,daaf8212b83e836120bff13f9be76348,3,1090,153
2026-06-25T18:00:00,2026-07-23T18:00:00,db6b093693e17ccc0b3e35903749faa4,3,18,12
2026-06-25T18:00:00,2026-07-23T18:00:00,dc1fbcd1ee8d318c2a099700692a0e29,3,187,41
2026-06-25T18:00:00,2026-07-23T18:00:00,dc40d5374396df055f886cb7f9edd854,3,1,1
2026-06-25T18:00:00,2026-07-23T18:00:00,dd1464b0d3c3a2853f39f6e48dbbcbb0,3,49,24
2026-06-25T18:00:00,2026-07-23T18:00:00,dda20c81bfb73ec7733f500a59a85b3d,3,18,14
2026-06-25T18:00:00,2026-07-23T18:00:00,dffdd00c61ca1662880f96d3ad4388bb,3,3,2
2026-06-25T18:00:00,2026-07-23T18:00:00,e0bc0e699a0a37e8ce5de0f338a08a44,3,1,1
2026-06-25T18:00:00,2026-07-23T18:00:00,e0c1e0914a8cf1d9d3f1c9c09d4a3d54,3,124,28
2026-06-25T18:00:00,2026-07-23T18:00:00,e0c4dfd6a75b791bf84efa9d5b878d02,3,338,97
2026-06-25T18:00:00,2026-07-23T18:00:00,e24c812c95a8b920ed763a6e87401a3f,3,2,2
2026-06-25T18:00:00,2026-07-23T18:00:00,e33d546be01fbbe3e5ad8ef3d17be679,3,187,15
2026-06-25T18:00:00,2026-07-23T18:00:00,e397c7fa0bc20c69241a313801a8ff2c,3,1,1
2026-06-25T18:00:00,2026-07-23T18:00:00,e4302f81da2c8b1de23f48619a622ef5,3,40,33
2026-06-25T18:00:00,2026-07-23T18:00:00,e46caf89969b878ebde9261eb4bb1a60,3,6,3
2026-06-25T18:00:00,2026-07-23T18:00:00,e490937849a6d9c987fe6f48d9e7f8a9,3,1,1
2026-06-25T18:00:00,2026-07-23T18:00:00,e4fe345391c1a80052ac53c6b651ea6f,3,8,8
2026-06-25T18:00:00,2026-07-23T18:00:00,e58775a56fc307c376a15b3a628ab787,3,4,4
2026-06-25T18:00:00,2026-07-23T18:00:00,e5d8f94ed716ea614f6c57ba65283c6d,3,271,116
2026-06-25T18:00:00,2026-07-23T18:00:00,e5e2b91cee14c996f65cb5e9a1ad9bb8,3,24,9
2026-06-25T18:00:00,2026-07-23T18:00:00,e5e522379a4da56250d9388dc5421bf4,3,1,1
2026-06-25T18:00:00,2026-07-23T18:00:00,e663e9533130d8012c1a33b5654e0d88,3,2,1
2026-06-25T18:00:00,2026-07-23T18:00:00,e6cfe827fcd01d0e3105d9fe2d2cd6f2,3,1,1
2026-06-25T18:00:00,2026-07-23T18:00:00,e703dfd133f4c117e5e314836a5bac1f,3,55,7
2026-06-25T18:00:00,2026-07-23T18:00:00,e71323a459b3f5144090acf3bf079a02,3,6,4
2026-06-25T18:00:00,2026-07-23T18:00:00,e71830482d798bdab8f2cb526d509c2b,3,4,3
2026-06-25T18:00:00,2026-07-23T18:00:00,e747b60932282a4ce89482e99283db5f,3,3,1
2026-06-25T18:00:00,2026-07-23T18:00:00,e7cc899c9ac72f7e2a4b4db6a30c9df2,3,855,144
2026-06-25T18:00:00,2026-07-23T18:00:00,ea89792e7dbcf33e96dd5caff3064c05,3,1,1
2026-06-25T18:00:00,2026-07-23T18:00:00,eaefd7c28aeb425f7a896fcbf5050c36,3,78,22
2026-06-25T18:00:00,2026-07-23T18:00:00,eba5cf26c72639be89f7a058b2822326,3,2,2
2026-06-25T18:00:00,2026-07-23T18:00:00,ec830322039c513fd72fa8a47086e379,3,17,6
2026-06-25T18:00:00,2026-07-23T18:00:00,ec890d92b2512a72910005b9ca9e13d8,3,324,73
2026-06-25T18:00:00,2026-07-23T18:00:00,ec914bb635a4992707cc65b69341d7d8,3,1,1
2026-06-25T18:00:00,2026-07-23T18:00:00,ec9f2bc60ed9b98462d7cb231fd8aab7,3,2,2
2026-06-25T18:00:00,2026-07-23T18:00:00,edbe463ea236082f4c30bc6e97ef363c,3,3,3
2026-06-25T18:00:00,2026-07-23T18:00:00,edd080072317ba00d96b50457dec4250,3,143,49
2026-06-25T18:00:00,2026-07-23T18:00:00,ee4d762708cbec05e231350e84523fde,3,10,6
2026-06-25T18:00:00,2026-07-23T18:00:00,ef695d13294748c8693c6c1302254b0a,3,194,31
2026-06-25T18:00:00,2026-07-23T18:00:00,f00db76dce9fc49c2d59f2d368eba669,3,31,3
2026-06-25T18:00:00,2026-07-23T18:00:00,f0196a3d1563727c6978c29653a58ed1,3,2,2
2026-06-25T18:00:00,2026-07-23T18:00:00,f02743036dd15426a3742c43d1973ded,3,179,52
2026-06-25T18:00:00,2026-07-23T18:00:00,f0593e6e84ed84ff4136bd23d8ab263b,3,1,1
2026-06-25T18:00:00,2026-07-23T18:00:00,f07cb4911a155ad2256661b6ea04ed41,3,5,3
2026-06-25T18:00:00,2026-07-23T18:00:00,f09de6a13e7217875780ed176fa664f1,3,78,10
2026-06-25T18:00:00,2026-07-23T18:00:00,f0d627e17a314afb788237f10de88934,3,70,10
2026-06-25T18:00:00,2026-07-23T18:00:00,f2657a21502133a72135bf4d72285976,3,18,11
2026-06-25T18:00:00,2026-07-23T18:00:00,f297ba060fa730527f0bd0e6758c66a1,3,2,2
2026-06-25T18:00:00,2026-07-23T18:00:00,f38b108f923f714e57ed6da7ba871697,3,1,1
2026-06-25T18:00:00,2026-07-23T18:00:00,f3f0d27b6dd51e31dac1d3f0775a1448,3,35,9
2026-06-25T18:00:00,2026-07-23T18:00:00,f410db64f2c3a57faf5b627f74ff4533,3,1,1
2026-06-25T18:00:00,2026-07-23T18:00:00,f53d74aacf050cf36baa29d871e51a1c,3,847,132
2026-06-25T18:00:00,2026-07-23T18:00:00,f6d2f20ff94b7e4238d83274ab60a30d,3,1,1
2026-06-25T18:00:00,2026-07-23T18:00:00,f793dfd47dd09b3737cd6512e8df5a09,3,1,1
2026-06-25T18:00:00,2026-07-23T18:00:00,f7c446c265ce03ce20e35a1711267864,3,209,95
2026-06-25T18:00:00,2026-07-23T18:00:00,f9125aabdacaa4f7bcddb81d054328bf,3,165,14
2026-06-25T18:00:00,2026-07-23T18:00:00,f92b72aaabb789f7b57d5b90b2659e20,3,12,5
2026-06-25T18:00:00,2026-07-23T18:00:00,f95f4814495b7aed0892b7bcd16fc667,3,101,17
2026-06-25T18:00:00,2026-07-23T18:00:00,f9a6fc70228caa9864c6ed52c2748b1e,3,8,7
2026-06-25T18:00:00,2026-07-23T18:00:00,f9b54da489ae9463ddd1f3e1aee347e7,3,1,1
2026-06-25T18:00:00,2026-07-23T18:00:00,fa40de67d61e7584252745aebdb517a7,3,3,2
2026-06-25T18:00:00,2026-07-23T18:00:00,fa4a913158f609dff71b6f0522d17ab3,3,1048,156
2026-06-25T18:00:00,2026-07-23T18:00:00,fb868406ab1f2a629582ad783ec32352,3,1,1
2026-06-25T18:00:00,2026-07-23T18:00:00,fbaba9cb733351d746f2e2fe953762f5,3,2,2
2026-06-25T18:00:00,2026-07-23T18:00:00,fbda56157976a6fbbb246fc0953b477e,3,9,3
2026-06-25T18:00:00,2026-07-23T18:00:00,fc7029275999bef3d832e123b541d6ac,3,1,1
2026-06-25T18:00:00,2026-07-23T18:00:00,fc75af9c913c4f646b3665265b7d947f,3,437,108
2026-06-25T18:00:00,2026-07-23T18:00:00,fd0cde1ccc5d6ea13308b092dffc6b85,3,34,4
2026-06-25T18:00:00,2026-07-23T18:00:00,fd8d472b21242e9fe0e6554e7d6b84c0,3,1,1
2026-06-25T18:00:00,2026-07-23T18:00:00,fe956ecd204318c98986f513df76ba44,3,27,8
2026-06-25T18:00:00,2026-07-23T18:00:00,ff3ad82b0d39b4eb1d368bfb26a0213b,3,1,1
2026-06-25T18:00:00,2026-07-23T18:00:00,ff537061ecb5caceb0875b7e7dff6017,3,5,5
2026-06-25T18:00:00,2026-07-23T18:00:00,ff7495e137f977ae2ca026833de3a53d,3,4,1
2026-06-25T18:00:00,2026-07-23T18:00:00,ff8358ff94c001dad8328c1f3a6f334e,3,251,86
