analysis_start,analysis_end,participant_key,week_index,eligible_minutes,voice_pasza
2026-06-25T18:00:00,2026-07-23T18:00:00,01b41ec4c194cfd003dcaa1fe04d8401,0,1055.00,88
2026-06-25T18:00:00,2026-07-23T18:00:00,01ec28294b56a692719ee7b69504a930,0,6.72,0
2026-06-25T18:00:00,2026-07-23T18:00:00,0358253fd7455b770a6e8e353d7931be,0,3.98,0
2026-06-25T18:00:00,2026-07-23T18:00:00,036800beefcdefbf6c2b8073aa806663,0,6.97,0
2026-06-25T18:00:00,2026-07-23T18:00:00,0430646fee46348bd1a69ec6aba1c39c,0,582.57,48
2026-06-25T18:00:00,2026-07-23T18:00:00,07404b1875a30e9bf08e3adc42c08a56,0,110.60,10
2026-06-25T18:00:00,2026-07-23T18:00:00,07bb2d11dfe4268f2fb18d23f0c98879,0,1.33,0
2026-06-25T18:00:00,2026-07-23T18:00:00,08066083810000de842a9f15276d8dc8,0,1.48,0
2026-06-25T18:00:00,2026-07-23T18:00:00,081d96fabd3f494b948b5a4316c540ce,0,18.12,1
2026-06-25T18:00:00,2026-07-23T18:00:00,08dda72f2a5f13eaad5b085b1d71e930,0,119.23,11
2026-06-25T18:00:00,2026-07-23T18:00:00,094efd92ad5d16a20cc7e2650ef003c0,0,1.92,0
2026-06-25T18:00:00,2026-07-23T18:00:00,0a337b1d78ea90b62282a47f6185a4a9,0,0.75,0
2026-06-25T18:00:00,2026-07-23T18:00:00,0afe660098026931e76becb0423c5bd0,0,379.05,30
2026-06-25T18:00:00,2026-07-23T18:00:00,0b38a5977e0301a3440f32eda0bb1e3b,0,485.28,34
2026-06-25T18:00:00,2026-07-23T18:00:00,0bd9e270007b1deceacc22fce3f12b2a,0,8.48,0
2026-06-25T18:00:00,2026-07-23T18:00:00,0bddd415f5f22587099a347bd7f7bf19,0,386.25,38
2026-06-25T18:00:00,2026-07-23T18:00:00,0c594b83f0e521d3f7dcc753650836d6,0,25.43,2
2026-06-25T18:00:00,2026-07-23T18:00:00,0c82f911c29bafe1ea5716417bea1d58,0,0.38,0
2026-06-25T18:00:00,2026-07-23T18:00:00,0cd56f60a860990a7569035a6e7d4fb7,0,135.40,12
2026-06-25T18:00:00,2026-07-23T18:00:00,0cdddf73800de81584048cb36d06d251,0,3.97,0
2026-06-25T18:00:00,2026-07-23T18:00:00,0d286bd6bffcce255ff9ede98326d14f,0,10.10,1
2026-06-25T18:00:00,2026-07-23T18:00:00,0dacd3b3bbdbc26d654be376c22132df,0,6.02,0
2026-06-25T18:00:00,2026-07-23T18:00:00,0e31c259a97f7808b34acc70a9b8ce1f,0,48.68,4
2026-06-25T18:00:00,2026-07-23T18:00:00,0e8466c4fab5a98d19be168e4fe556a4,0,140.78,13
2026-06-25T18:00:00,2026-07-23T18:00:00,0eac57e125b1663e0a1a47172985ee14,0,0.95,0
2026-06-25T18:00:00,2026-07-23T18:00:00,0f937dedd018e46e629ff444489cb714,0,26.62,2
2026-06-25T18:00:00,2026-07-23T18:00:00,10819aa48445e976b70467412086fd74,0,5.67,0
2026-06-25T18:00:00,2026-07-23T18:00:00,1087833ea69a74856c5530bc04c81d0d,0,147.15,13
2026-06-25T18:00:00,2026-07-23T18:00:00,10eb5f15feabbf43d8cbcfdc0eb5fd11,0,25.52,2
2026-06-25T18:00:00,2026-07-23T18:00:00,1176acc5482240910424a133e39c204c,0,35.40,3
2026-06-25T18:00:00,2026-07-23T18:00:00,11e16fa25d8fd93e88ebe9ca321c0d2a,0,145.07,14
2026-06-25T18:00:00,2026-07-23T18:00:00,12fb483034776c508dceb6d355537058,0,11.03,1
2026-06-25T18:00:00,2026-07-23T18:00:00,154384320a497cda1181389c00ac096a,0,16.80,1
2026-06-25T18:00:00,2026-07-23T18:00:00,16ef60ffd458190e588ae6804f645266,0,39.07,3
2026-06-25T18:00:00,2026-07-23T18:00:00,1798284a0e69f0dd330b844d12c8d5fd,0,0.65,0
2026-06-25T18:00:00,2026-07-23T18:00:00,179ebd39d45d63439cc221107d4c1727,0,1.02,0
2026-06-25T18:00:00,2026-07-23T18:00:00,19008a86054c0158729c253966cc3379,0,0.95,0
2026-06-25T18:00:00,2026-07-23T18:00:00,19aedee8311cef10755674b61e8b7911,0,20.48,1
2026-06-25T18:00:00,2026-07-23T18:00:00,1b4acbc74c40b8ed27220513d19099c6,0,9.52,0
2026-06-25T18:00:00,2026-07-23T18:00:00,1cda40aaa72924780356bce64e66987c,0,19.65,1
2026-06-25T18:00:00,2026-07-23T18:00:00,1d5854538afa6ddcecf1b5b8a63d3260,0,69.62,6
2026-06-25T18:00:00,2026-07-23T18:00:00,1e0259f458b9c8c1f82d90b6f8d91b40,0,0.88,0
2026-06-25T18:00:00,2026-07-23T18:00:00,1e2f20a9ba2957e64f1aca8216750ffa,0,31.90,2
2026-06-25T18:00:00,2026-07-23T18:00:00,1f163fafa570f97382edcd2c8fac12f0,0,152.57,13
2026-06-25T18:00:00,2026-07-23T18:00:00,21ca2aaf7ab1a72a70030f9e52abe9c7,0,216.40,20
2026-06-25T18:00:00,2026-07-23T18:00:00,223f515988b71b9ec6e2f18fe1050e82,0,4.42,0
2026-06-25T18:00:00,2026-07-23T18:00:00,24ace3385ad1d601cf91bcf016396eba,0,19.33,1
2026-06-25T18:00:00,2026-07-23T18:00:00,24df40c816f8f3ee084a5730ff28b100,0,474.85,44
2026-06-25T18:00:00,2026-07-23T18:00:00,24e96aeb75c2a0ee13ca7a5b3e895fcf,0,947.57,65
2026-06-25T18:00:00,2026-07-23T18:00:00,255d7c8ce50394cdf376266d475b4b09,0,47.27,4
2026-06-25T18:00:00,2026-07-23T18:00:00,261841809284afa45d286bd159274497,0,11.68,1
2026-06-25T18:00:00,2026-07-23T18:00:00,27bd70f7be14cd8e422bfd08f375d81d,0,258.03,24
2026-06-25T18:00:00,2026-07-23T18:00:00,280b6752c408085707a707f5a47c09c2,0,95.38,9
2026-06-25T18:00:00,2026-07-23T18:00:00,2814a0544a2dd61d8a13fa54364412f3,0,107.28,10
2026-06-25T18:00:00,2026-07-23T18:00:00,288c02abf2287483d9ba702cf042bd2e,0,113.65,11
2026-06-25T18:00:00,2026-07-23T18:00:00,29dc38c6029158c44cbe0b7eeecb11f7,0,14.38,1
2026-06-25T18:00:00,2026-07-23T18:00:00,2a10107e17cfe0f510c442f4e3852c3c,0,6.05,0
2026-06-25T18:00:00,2026-07-23T18:00:00,2a1b79c5e21cd569c2cbdef2e48cc9df,0,3.55,0
2026-06-25T18:00:00,2026-07-23T18:00:00,2a269ca093092fc92d0419d0ea3e2821,0,1.90,0
2026-06-25T18:00:00,2026-07-23T18:00:00,2b2f3f0ace1b97800f0e5af82ca9e5dd,0,16.77,1
2026-06-25T18:00:00,2026-07-23T18:00:00,2b7ea3804d2994c3941c4b110ab4d7e5,0,138.45,13
2026-06-25T18:00:00,2026-07-23T18:00:00,2baefcec2c3c30e2f4941c6c43ea4ff0,0,20.38,2
2026-06-25T18:00:00,2026-07-23T18:00:00,2c43f73447483b33f0d1920673f0b952,0,509.95,47
2026-06-25T18:00:00,2026-07-23T18:00:00,2c4ae81fa946ea44d5536d05efa14d84,0,0.85,0
2026-06-25T18:00:00,2026-07-23T18:00:00,2df38b9cb60ba36544dea0089d80b0ca,0,793.85,52
2026-06-25T18:00:00,2026-07-23T18:00:00,2eb6a926097b0b64236ae3c2f32225bb,0,59.18,5
2026-06-25T18:00:00,2026-07-23T18:00:00,2f2cd68198fc1392c84e9afba44b5c55,0,24.67,2
2026-06-25T18:00:00,2026-07-23T18:00:00,2f5898e189b33916b9c4999564f458ba,0,23.02,2
2026-06-25T18:00:00,2026-07-23T18:00:00,2f99f8058f1030ccb971082423a64c86,0,13.52,1
2026-06-25T18:00:00,2026-07-23T18:00:00,306d7175375b79b9d069fab1563104a1,0,2.05,0
2026-06-25T18:00:00,2026-07-23T18:00:00,309d2c66315181fd728967948da6b8a0,0,172.80,16
2026-06-25T18:00:00,2026-07-23T18:00:00,318a1fa0531eff6a26fa4f71f2064ff3,0,26.52,2
2026-06-25T18:00:00,2026-07-23T18:00:00,318df043090da2bffc03e236ab49b305,0,49.30,4
2026-06-25T18:00:00,2026-07-23T18:00:00,318f2e979b1a594faec98668d3ab88ee,0,1.82,0
2026-06-25T18:00:00,2026-07-23T18:00:00,31a5ca017b7f5e3ed4b197a6b78ead44,0,8.15,0
2026-06-25T18:00:00,2026-07-23T18:00:00,31da9e533a4d3bd1b8b37e5ee978b494,0,63.75,5
2026-06-25T18:00:00,2026-07-23T18:00:00,327fcc91faf07b0c68b21ba771545099,0,10.57,1
2026-06-25T18:00:00,2026-07-23T18:00:00,32e349a28e497a6b9e84c389a99310ae,0,253.53,20
2026-06-25T18:00:00,2026-07-23T18:00:00,331480048d9cbd1ef3065da737540523,0,545.25,45
2026-06-25T18:00:00,2026-07-23T18:00:00,35168944a5ef67b9db47cfe13a67c29c,0,8.00,0
2026-06-25T18:00:00,2026-07-23T18:00:00,35225da0f2d10668dc9bee55eee19e6e,0,10.63,0
2026-06-25T18:00:00,2026-07-23T18:00:00,353c0e883fb09f48976cfadd884fdcb1,0,26.78,2
2026-06-25T18:00:00,2026-07-23T18:00:00,361afc45de523ea8624522b5990209f7,0,62.10,6
2026-06-25T18:00:00,2026-07-23T18:00:00,365d96cb80ae491cfa4c955120fe5cc7,0,348.10,25
2026-06-25T18:00:00,2026-07-23T18:00:00,366fd890547ee7cb70bca6397daba3dc,0,471.52,27
2026-06-25T18:00:00,2026-07-23T18:00:00,37083d18e202a6f37d6c02a2c4d46f36,0,0.35,0
2026-06-25T18:00:00,2026-07-23T18:00:00,3738b8efb2b8353db96850eeea9f1448,0,0.33,0
2026-06-25T18:00:00,2026-07-23T18:00:00,37ec7b61dd5ac9fc3937d5ad773d1adf,0,6.70,0
2026-06-25T18:00:00,2026-07-23T18:00:00,38840b1e3ee705e3d2d5d6de4bd66946,0,44.52,4
2026-06-25T18:00:00,2026-07-23T18:00:00,3965a17251852f6aeb30a09fbd559cdc,0,783.68,51
2026-06-25T18:00:00,2026-07-23T18:00:00,3985bb330a6b8a3ef8eccbb28109c826,0,0.23,0
2026-06-25T18:00:00,2026-07-23T18:00:00,3aeac1defd4d9ec9444d617fb26ba494,0,408.32,39
2026-06-25T18:00:00,2026-07-23T18:00:00,3b84f0f321556817a8668eabbdef58b0,0,71.97,5
2026-06-25T18:00:00,2026-07-23T18:00:00,3c6a167d58d100b8548bde685b6b4658,0,11.52,1
2026-06-25T18:00:00,2026-07-23T18:00:00,3d620130164e3e1d9a301eac96f25e19,0,13.38,1
2026-06-25T18:00:00,2026-07-23T18:00:00,3d7f0222a0498f96ac82c64a2f574cdf,0,0.10,0
2026-06-25T18:00:00,2026-07-23T18:00:00,3d864634f90196f512a1466cdbf8d135,0,39.10,3
2026-06-25T18:00:00,2026-07-23T18:00:00,3e0f1956555606f773e84262ac6f9090,0,209.30,20
2026-06-25T18:00:00,2026-07-23T18:00:00,3fe3516a43591765c0833668919f0240,0,9.32,0
2026-06-25T18:00:00,2026-07-23T18:00:00,417a51f3f0e4ff8dc3a3cd9c0711fa35,0,0.50,0
2026-06-25T18:00:00,2026-07-23T18:00:00,41be8c4d183854da83d5a6da1c7d0ea2,0,0.12,0
2026-06-25T18:00:00,2026-07-23T18:00:00,41e0108e2b28245351b1b520add168f3,0,64.58,4
2026-06-25T18:00:00,2026-07-23T18:00:00,426b455ce642b1076a6c5e1327e90531,0,0.62,0
2026-06-25T18:00:00,2026-07-23T18:00:00,42740ac78e4b5656768e81d59ea0950c,0,5.13,0
2026-06-25T18:00:00,2026-07-23T18:00:00,428397c26fe7a8afbabdfd149768ef26,0,0.55,0
2026-06-25T18:00:00,2026-07-23T18:00:00,42aafa4e41a10bcffe20114acbc0fb75,0,0.25,0
2026-06-25T18:00:00,2026-07-23T18:00:00,432879613d1e026d172040a914c74137,0,375.80,35
2026-06-25T18:00:00,2026-07-23T18:00:00,4342e5c35c79dc034d007a72c481da48,0,37.28,3
2026-06-25T18:00:00,2026-07-23T18:00:00,469c2d2baf1adccd99f3b70602cb6a8b,0,102.77,10
2026-06-25T18:00:00,2026-07-23T18:00:00,470a41f26991dea965f2ced2fd1e6846,0,161.87,16
2026-06-25T18:00:00,2026-07-23T18:00:00,47480679002d4a3484686a02b36965c2,0,1.35,0
2026-06-25T18:00:00,2026-07-23T18:00:00,4758e58885afb15a71017cf4841da29e,0,5.80,0
2026-06-25T18:00:00,2026-07-23T18:00:00,475aa79097a440fc3ee0310c4def68c6,0,4.67,0
2026-06-25T18:00:00,2026-07-23T18:00:00,47801e5537d6e569e2152032e240e3f7,0,40.58,4
2026-06-25T18:00:00,2026-07-23T18:00:00,485b7dd5e41af62ca134bc55112c3a24,0,6.30,0
2026-06-25T18:00:00,2026-07-23T18:00:00,488dab7778f2b76cfb2dda3bf4f55a96,0,1.10,0
2026-06-25T18:00:00,2026-07-23T18:00:00,48dbe87614d3fcfb349b7f7fdde475f0,0,281.65,24
2026-06-25T18:00:00,2026-07-23T18:00:00,493c428739d1f074a42f02a7f57cbfe7,0,195.47,19
2026-06-25T18:00:00,2026-07-23T18:00:00,498956c778550aa09d1f62bf25a09b9c,0,2411.07,122
2026-06-25T18:00:00,2026-07-23T18:00:00,4a4c43e34f5c8cb1183fb3f637c975aa,0,2956.22,111
2026-06-25T18:00:00,2026-07-23T18:00:00,4ade6fde83dea380dda7bbf959af94f4,0,523.93,31
2026-06-25T18:00:00,2026-07-23T18:00:00,4b662fbe18ed65dfa12f0c87f271ceea,0,28.23,2
2026-06-25T18:00:00,2026-07-23T18:00:00,4d38c52bfc5843cdf142c9e44e1080d7,0,3.27,0
2026-06-25T18:00:00,2026-07-23T18:00:00,4d62f64c809a5a3e5fd11c082d9ab688,0,0.93,0
2026-06-25T18:00:00,2026-07-23T18:00:00,4e100be5060f9d5b6669a7e5fb30753d,0,4.45,0
2026-06-25T18:00:00,2026-07-23T18:00:00,4f202fe8eed5ab7e41c5855b0ceaf10f,0,0.15,0
2026-06-25T18:00:00,2026-07-23T18:00:00,4f732d54e1a653fe5f425960b5410883,0,78.03,7
2026-06-25T18:00:00,2026-07-23T18:00:00,4f931dd02a821d41c75be6f49803704d,0,0.68,0
2026-06-25T18:00:00,2026-07-23T18:00:00,505c6bb8154210a98a9db612e221ae1d,0,0.27,0
2026-06-25T18:00:00,2026-07-23T18:00:00,516020d9fb62ebc849ab346c0eb64676,0,84.98,7
2026-06-25T18:00:00,2026-07-23T18:00:00,5225aff78406cf5ce82f566ec3c3177f,0,569.92,53
2026-06-25T18:00:00,2026-07-23T18:00:00,52339f0ba6d71714c9bdf60420e30a32,0,4.67,0
2026-06-25T18:00:00,2026-07-23T18:00:00,526cfba0d1305aed2ff7ac2efd2dcede,0,272.17,26
2026-06-25T18:00:00,2026-07-23T18:00:00,5311d316198379f0eddb668e9cd8f040,0,2.62,0
2026-06-25T18:00:00,2026-07-23T18:00:00,533e4be50c839452aae3739db78b9671,0,5.33,0
2026-06-25T18:00:00,2026-07-23T18:00:00,537704120cb3994f26e368ec87e6dc8a,0,26.10,2
2026-06-25T18:00:00,2026-07-23T18:00:00,54a7871b78c3757f8745701f6bbcac7d,0,4.18,0
2026-06-25T18:00:00,2026-07-23T18:00:00,54b3858fdce4a4c2516b56172e782c5c,0,18.53,1
2026-06-25T18:00:00,2026-07-23T18:00:00,5569ecf244aa67e0dc81e222746b52d2,0,342.65,33
2026-06-25T18:00:00,2026-07-23T18:00:00,561f3c2100a0a5127bd4f5762f0fc67a,0,69.93,6
2026-06-25T18:00:00,2026-07-23T18:00:00,57d1e8e27caa1d2e3a2c2e5d39c2bfcd,0,828.88,59
2026-06-25T18:00:00,2026-07-23T18:00:00,59fc5e51ba4949a0564610a391b7caca,0,76.90,7
2026-06-25T18:00:00,2026-07-23T18:00:00,5af4686b8784a8aecc040909a36f47da,0,0.77,0
2026-06-25T18:00:00,2026-07-23T18:00:00,5afa8cc5ae2b9fac84c9ec6d790044bd,0,13.30,1
2026-06-25T18:00:00,2026-07-23T18:00:00,5b7be3a46fc9a49f0fbf1a4c196515c4,0,29.83,2
2026-06-25T18:00:00,2026-07-23T18:00:00,5d3ba15ac9e7226e40582ec52a4c5775,0,541.57,42
2026-06-25T18:00:00,2026-07-23T18:00:00,5e13c7d6b24a72795c74e08a773dc829,0,3.83,0
2026-06-25T18:00:00,2026-07-23T18:00:00,5fe6c2a01926531f849c0ba4980a5a47,0,145.17,14
2026-06-25T18:00:00,2026-07-23T18:00:00,6025117ecccd5079c0c4966cf483ef16,0,1.20,0
2026-06-25T18:00:00,2026-07-23T18:00:00,61fd77c37fdf3c0426ff9b2e6ccba126,0,7.40,0
2026-06-25T18:00:00,2026-07-23T18:00:00,6386efd072147ed057c05b898161d6d8,0,174.38,16
2026-06-25T18:00:00,2026-07-23T18:00:00,642f0480ab14885045768e54b8ccb6e6,0,22.30,2
2026-06-25T18:00:00,2026-07-23T18:00:00,64f45b104bb74d3ad2a6d9a46714de7d,0,788.27,72
2026-06-25T18:00:00,2026-07-23T18:00:00,66f3a194e93d3ee6ed64d5fe91f5037a,0,4.15,0
2026-06-25T18:00:00,2026-07-23T18:00:00,66fc9cdda853afa4b0761ec29926ef3a,0,0.28,0
2026-06-25T18:00:00,2026-07-23T18:00:00,696fdeee9ce46742e9adbe80f206c807,0,24.40,1
2026-06-25T18:00:00,2026-07-23T18:00:00,69c5341153a2ea3222b0b25d4a08f1e3,0,121.08,11
2026-06-25T18:00:00,2026-07-23T18:00:00,69d0dcc2843e1d475fbe0e84f96bb43e,0,458.00,30
2026-06-25T18:00:00,2026-07-23T18:00:00,6acc705421ffa91d5760d36b34dd2fe1,0,385.52,35
2026-06-25T18:00:00,2026-07-23T18:00:00,6b1f101e30b640ebb1eacc58b9ac72ce,0,132.20,11
2026-06-25T18:00:00,2026-07-23T18:00:00,6bc982bca3a7ff5cbf98b7c8bb45e7b2,0,307.93,29
2026-06-25T18:00:00,2026-07-23T18:00:00,6be50b69cd06614d66092f93020701b7,0,2.28,0
2026-06-25T18:00:00,2026-07-23T18:00:00,6bf32ba65b6a89121bf50f48060241f3,0,503.83,41
2026-06-25T18:00:00,2026-07-23T18:00:00,6c6e4733d13b1907c7f5490e778b69a8,0,3.72,0
2026-06-25T18:00:00,2026-07-23T18:00:00,6cedbc6db625ab14c226d3697d589d97,0,39.73,3
2026-06-25T18:00:00,2026-07-23T18:00:00,6d5dc79eef70f6f84bd38e725e319d45,0,60.88,6
2026-06-25T18:00:00,2026-07-23T18:00:00,6e8073d006c1fb5c7793535d49d7b28f,0,159.68,15
2026-06-25T18:00:00,2026-07-23T18:00:00,6e8d16c487cdb71d21575552f9635907,0,7.32,0
2026-06-25T18:00:00,2026-07-23T18:00:00,6f5dcf19c83631eb200a16b86acca534,0,130.02,13
2026-06-25T18:00:00,2026-07-23T18:00:00,6f9379fa2c56bcd90d24b7d000eb8af3,0,11.30,1
2026-06-25T18:00:00,2026-07-23T18:00:00,70567cde551992497fd6efa9e172cd40,0,1.45,0
2026-06-25T18:00:00,2026-07-23T18:00:00,70692e9e69531407498a6e9d677b6e62,0,546.73,38
2026-06-25T18:00:00,2026-07-23T18:00:00,7090e19b8f1e6e273b657f9d2dbb15f2,0,68.03,6
2026-06-25T18:00:00,2026-07-23T18:00:00,709d02d6be75c5cd061827d70853b7fd,0,2270.08,117
2026-06-25T18:00:00,2026-07-23T18:00:00,71b85eddce9b7aa674fa5fc2bb80c650,0,29.57,2
2026-06-25T18:00:00,2026-07-23T18:00:00,71de00c37d9a070e5f6b236ccbdcba0c,0,45.00,4
2026-06-25T18:00:00,2026-07-23T18:00:00,71faefcdbe73249737541c918b5f892a,0,12.18,1
2026-06-25T18:00:00,2026-07-23T18:00:00,723fc28a7dfe4b2252053f21285f4538,0,0.70,0
2026-06-25T18:00:00,2026-07-23T18:00:00,7279f51d8f46f72e037f79bfa94638ce,0,35.43,3
2026-06-25T18:00:00,2026-07-23T18:00:00,72827d07287cc626427105b8c2d12143,0,2.62,0
2026-06-25T18:00:00,2026-07-23T18:00:00,7403350c3b10e249dfc3f83fa2bd7d2f,0,245.02,23
2026-06-25T18:00:00,2026-07-23T18:00:00,74a6308dc6da9d40d01ef9512583b03c,0,649.58,60
2026-06-25T18:00:00,2026-07-23T18:00:00,74f4a80dba70dd146b9fb5700c677a27,0,1768.38,122
2026-06-25T18:00:00,2026-07-23T18:00:00,7552be7e2f5db557b9307f69bfc3538b,0,1053.55,79
2026-06-25T18:00:00,2026-07-23T18:00:00,76a6e6054038f4c08e5b26f3ba49cfe2,0,560.03,39
2026-06-25T18:00:00,2026-07-23T18:00:00,76f5160cd625e0e9da27e8e551d658eb,0,1.38,0
2026-06-25T18:00:00,2026-07-23T18:00:00,773a8a870ae78eb95f97f4de2a630009,0,0.95,0
2026-06-25T18:00:00,2026-07-23T18:00:00,7822c98271b3de3601f2e307dbaf0ffc,0,811.58,72
2026-06-25T18:00:00,2026-07-23T18:00:00,798a01e35a89071c796a00a79cb8385f,0,244.53,23
2026-06-25T18:00:00,2026-07-23T18:00:00,79b7fcd3ce5fed044a02c1c90f852878,0,34.05,3
2026-06-25T18:00:00,2026-07-23T18:00:00,79e04b3fbf5fddf456ed4009844ad373,0,31.25,3
2026-06-25T18:00:00,2026-07-23T18:00:00,7acbe7fb6e7ae2161d4e9669214911a5,0,14.40,1
2026-06-25T18:00:00,2026-07-23T18:00:00,7b137e8dbcb7c14df77c30aa7a5b8719,0,13.18,1
2026-06-25T18:00:00,2026-07-23T18:00:00,7b765c734271b45cb56201d59591175f,0,14.97,1
2026-06-25T18:00:00,2026-07-23T18:00:00,7b88e3445705c883ee9b9c3395bd319c,0,1025.93,67
2026-06-25T18:00:00,2026-07-23T18:00:00,7ca046be309fee780f33894da17ede45,0,0.12,0
2026-06-25T18:00:00,2026-07-23T18:00:00,7d7e44073979d7f6a95b239a8957288e,0,9.03,0
2026-06-25T18:00:00,2026-07-23T18:00:00,7ef4d9cff401ca99ce708f42755b9472,0,0.43,0
2026-06-25T18:00:00,2026-07-23T18:00:00,7fd0895ae1b343d8a85ac5b0d835a1aa,0,24.78,2
2026-06-25T18:00:00,2026-07-23T18:00:00,800a55fe232c3d2021bdaef15736a570,0,103.28,10
2026-06-25T18:00:00,2026-07-23T18:00:00,8046fe40c78da7e756f2e140528ebfe2,0,808.00,67
2026-06-25T18:00:00,2026-07-23T18:00:00,80b73881ade0e2aee5df135bebd50387,0,393.57,31
2026-06-25T18:00:00,2026-07-23T18:00:00,80fa7438cbd59d6a593c8959aac8b9f5,0,0.10,0
2026-06-25T18:00:00,2026-07-23T18:00:00,813822beecadcfb93ea224f2412677f6,0,18.17,1
2026-06-25T18:00:00,2026-07-23T18:00:00,82aefbce4909be4ea4e1fe8f4bcfbcfc,0,0.17,0
2026-06-25T18:00:00,2026-07-23T18:00:00,8363f3f3882ba3460eff3d4feda353aa,0,12.00,1
2026-06-25T18:00:00,2026-07-23T18:00:00,839e3665073a828e7c21b29f18606031,0,25.03,2
2026-06-25T18:00:00,2026-07-23T18:00:00,8535a92caf48287705b36377e2d35e6f,0,98.10,8
2026-06-25T18:00:00,2026-07-23T18:00:00,854ba1cb107e5f2942e443dfeb535534,0,0.03,0
2026-06-25T18:00:00,2026-07-23T18:00:00,859cf13974029897b6bba3a47a490d9e,0,0.25,0
2026-06-25T18:00:00,2026-07-23T18:00:00,85ea8a258490cd0646780953e8cab4b2,0,18.53,1
2026-06-25T18:00:00,2026-07-23T18:00:00,85fc9b7520fcab600db157c281ad7537,0,1.07,0
2026-06-25T18:00:00,2026-07-23T18:00:00,86121948e45edee3fa73930c16af5326,0,897.90,66
2026-06-25T18:00:00,2026-07-23T18:00:00,863c78b0db45e0b92ef50a234809b2c7,0,0.18,0
2026-06-25T18:00:00,2026-07-23T18:00:00,8755358cf86fe508027c709418e07430,0,717.98,39
2026-06-25T18:00:00,2026-07-23T18:00:00,87cc161692ed8c65ebde4f72e44f8fcc,0,91.15,8
2026-06-25T18:00:00,2026-07-23T18:00:00,88d0953937786e73fc7b57263d46d671,0,200.65,17
2026-06-25T18:00:00,2026-07-23T18:00:00,88dee69f8aed158437d73cdd6a78658b,0,8.07,0
2026-06-25T18:00:00,2026-07-23T18:00:00,88e3ccca7711f62122e04662dc7750bc,0,73.83,6
2026-06-25T18:00:00,2026-07-23T18:00:00,8957461fe4f3b9f4aa8643171c270a0f,0,241.10,22
2026-06-25T18:00:00,2026-07-23T18:00:00,8a53b72d2c710974413fa84ffd803b5f,0,76.70,6
2026-06-25T18:00:00,2026-07-23T18:00:00,8a6c6c31b7f6cf9c4f6b8f1948a21435,0,20.75,2
2026-06-25T18:00:00,2026-07-23T18:00:00,8a975cc6d7693f9ff905e8cdab7d8e42,0,601.12,56
2026-06-25T18:00:00,2026-07-23T18:00:00,8b42397bd7f701e4c9154b2dbd16ec06,0,1.17,0
2026-06-25T18:00:00,2026-07-23T18:00:00,8b6191f5cef4dcde60fc67a6de716391,0,4.97,0
2026-06-25T18:00:00,2026-07-23T18:00:00,8b627a77f224042cfa92c7c29c2dd5d8,0,5.67,0
2026-06-25T18:00:00,2026-07-23T18:00:00,8ba793c46db6a1e22c8f435fb730ac26,0,71.18,6
2026-06-25T18:00:00,2026-07-23T18:00:00,8babb7b21ee025c80a08bf9bbf3c69bc,0,88.92,8
2026-06-25T18:00:00,2026-07-23T18:00:00,8bd0744751924f59239c4ecc09f35ea1,0,438.38,40
2026-06-25T18:00:00,2026-07-23T18:00:00,8c10b9c9ad12755b0c454d3b76ce348d,0,1.12,0
2026-06-25T18:00:00,2026-07-23T18:00:00,8d3f33db12d59e39636e2fd1e661206c,0,3.77,0
2026-06-25T18:00:00,2026-07-23T18:00:00,8d48aade32cb70a42e5f10b31cbebe51,0,1.50,0
2026-06-25T18:00:00,2026-07-23T18:00:00,8d96d95fe1759cf187a8ab6601950f11,0,367.40,27
2026-06-25T18:00:00,2026-07-23T18:00:00,8e549368305a79b0bddfa973d02f0f79,0,0.45,0
2026-06-25T18:00:00,2026-07-23T18:00:00,8ec75f2c6fcc036233ae901cefc334fb,0,42.28,4
2026-06-25T18:00:00,2026-07-23T18:00:00,8f2f895ce22a54cba90d23d528364121,0,673.30,42
2026-06-25T18:00:00,2026-07-23T18:00:00,906475e0f1f994fe70ca9be6d2b1ceb5,0,67.93,6
2026-06-25T18:00:00,2026-07-23T18:00:00,90762ff65f33780cb70d8b8f9c8943e1,0,36.00,3
2026-06-25T18:00:00,2026-07-23T18:00:00,90a66c81c981a6335680e0b7f2f97063,0,65.62,5
2026-06-25T18:00:00,2026-07-23T18:00:00,90e07ff13f9aba0840c0642ffd3c2add,0,8.25,0
2026-06-25T18:00:00,2026-07-23T18:00:00,915c90e617bb8ef6e1636f0a5329df3d,0,643.42,39
2026-06-25T18:00:00,2026-07-23T18:00:00,928f408549ea978a7a0cea173cdf738e,0,18.07,1
2026-06-25T18:00:00,2026-07-23T18:00:00,93b2e10c2557d2817c60a73fcb5d3f29,0,0.65,0
2026-06-25T18:00:00,2026-07-23T18:00:00,944378252fa50d0659c4623bebff5822,0,209.73,20
2026-06-25T18:00:00,2026-07-23T18:00:00,958122799128d8f1d044d72030c14c5e,0,12.30,1
2026-06-25T18:00:00,2026-07-23T18:00:00,962cebaf9d8ceca99307253d1a83d28e,0,168.52,15
2026-06-25T18:00:00,2026-07-23T18:00:00,966cd25f2d7ca55ddb10449b9a11d957,0,5.47,0
2026-06-25T18:00:00,2026-07-23T18:00:00,96b683ca942fa1827c237db4be6c6df0,0,383.57,37
2026-06-25T18:00:00,2026-07-23T18:00:00,96eafc0d7791c26a084d6f5c958d28ef,0,11.25,0
2026-06-25T18:00:00,2026-07-23T18:00:00,9739ce69b6adcad29e40a61980a95585,0,11.28,0
2026-06-25T18:00:00,2026-07-23T18:00:00,97eb6f796d3c17be15ed9e5345537dc2,0,3124.07,126
2026-06-25T18:00:00,2026-07-23T18:00:00,985d2feefde2e6a77981ee1e5f089163,0,23.37,2
2026-06-25T18:00:00,2026-07-23T18:00:00,9943972fd4dab17dec8474b9bf5c8e50,0,33.37,3
2026-06-25T18:00:00,2026-07-23T18:00:00,9a27ef47e4dacdf42425543fa6e68561,0,0.13,0
2026-06-25T18:00:00,2026-07-23T18:00:00,9a30401dc5ad31f9e3e697fe2bc89709,0,8.18,0
2026-06-25T18:00:00,2026-07-23T18:00:00,9a7e849115dc90f324bd8664b962b6ca,0,100.70,10
2026-06-25T18:00:00,2026-07-23T18:00:00,9a973947252ae49552fbe88d9558f86b,0,350.45,33
2026-06-25T18:00:00,2026-07-23T18:00:00,9ba79415927e9e26edc5792bad04533c,0,2.30,0
2026-06-25T18:00:00,2026-07-23T18:00:00,9bb502c074f5cefbc8b0092d0147b4e8,0,99.32,9
2026-06-25T18:00:00,2026-07-23T18:00:00,9beb6400dce63e9a3eb1c20fd185a8ca,0,25.20,2
2026-06-25T18:00:00,2026-07-23T18:00:00,9c26d93da4825a1c11da6d92cc060cac,0,48.97,4
2026-06-25T18:00:00,2026-07-23T18:00:00,9d0b0a266a5d71b582f9409c3bf4c45e,0,84.80,8
2026-06-25T18:00:00,2026-07-23T18:00:00,9d8a7511a1dd64a216774e9a34d76373,0,28.18,1
2026-06-25T18:00:00,2026-07-23T18:00:00,9dbc493ebd7d870238e01e4fe4c20b4b,0,0.52,0
2026-06-25T18:00:00,2026-07-23T18:00:00,9e186f534b1e0a275e2e1028e039d530,0,342.62,18
2026-06-25T18:00:00,2026-07-23T18:00:00,9f00b2fd7e78795d4c023a8c72964d8b,0,728.05,60
2026-06-25T18:00:00,2026-07-23T18:00:00,9f24cb1d83e995bc50ace35bdbd15758,0,145.67,14
2026-06-25T18:00:00,2026-07-23T18:00:00,9f3a7a5c04d94e3556062cfa8e217b6e,0,17.45,1
2026-06-25T18:00:00,2026-07-23T18:00:00,9f7a49d1ff76008d47c7c9bf0ac52ec5,0,0.38,0
2026-06-25T18:00:00,2026-07-23T18:00:00,a062b5a46297a75f0a9f0afea713e43d,0,0.17,0
2026-06-25T18:00:00,2026-07-23T18:00:00,a0dbf5c8f064f79bc50f662f34cef39e,0,2.32,0
2026-06-25T18:00:00,2026-07-23T18:00:00,a11008568e03df8a69ca7bf65a8eb016,0,10.23,1
2026-06-25T18:00:00,2026-07-23T18:00:00,a13037f8e0fd3feeb5b79b557c45a2da,0,10.07,0
2026-06-25T18:00:00,2026-07-23T18:00:00,a2050aa4ecbdbc6052246046a595a60c,0,0.57,0
2026-06-25T18:00:00,2026-07-23T18:00:00,a2690b01c4e6f053b633794f0ecc7a34,0,3.15,0
2026-06-25T18:00:00,2026-07-23T18:00:00,a27f2307047303273cf47851d38648a1,0,1.53,0
2026-06-25T18:00:00,2026-07-23T18:00:00,a2b9b974332877f6035b8adace6dd035,0,398.10,38
2026-06-25T18:00:00,2026-07-23T18:00:00,a389578fc6b48733d7ab77ee6433865b,0,24.15,2
2026-06-25T18:00:00,2026-07-23T18:00:00,a3d68b6845f7e445ab99f5c8e2e8114f,0,464.08,44
2026-06-25T18:00:00,2026-07-23T18:00:00,a41f27a871bd875d59472a7c1373e0b2,0,64.53,5
2026-06-25T18:00:00,2026-07-23T18:00:00,a5a06e37187adad020e53b75d8c266f1,0,0.37,0
2026-06-25T18:00:00,2026-07-23T18:00:00,a787ca8847883223629d10f3fb8568f8,0,97.32,9
2026-06-25T18:00:00,2026-07-23T18:00:00,a7ad9f8cda3fc279584c05ba15262b1d,0,23.33,2
2026-06-25T18:00:00,2026-07-23T18:00:00,a7ff58055130e91ac0ebc499651690da,0,0.53,0
2026-06-25T18:00:00,2026-07-23T18:00:00,a80fd16acb7a9414cddebc63c1674ccd,0,34.48,3
2026-06-25T18:00:00,2026-07-23T18:00:00,a85e801fa2912de44a9de25730c6f1aa,0,7.07,0
2026-06-25T18:00:00,2026-07-23T18:00:00,a8749bee36cfa6b5b00b5ff2209124a7,0,0.48,0
2026-06-25T18:00:00,2026-07-23T18:00:00,a87bcea2b3bbe7c7e6885c4b0e2b614a,0,121.58,11
2026-06-25T18:00:00,2026-07-23T18:00:00,a899570d4ced6e1f5214d13aee91c38e,0,46.48,4
2026-06-25T18:00:00,2026-07-23T18:00:00,a954d3762ff0ffa040277ba271efe95a,0,554.37,36
2026-06-25T18:00:00,2026-07-23T18:00:00,a97d86d33e50b9db184b68b1239de654,0,11.48,1
2026-06-25T18:00:00,2026-07-23T18:00:00,aa240f438aea08868f30b16d6fa1501f,0,1220.37,82
2026-06-25T18:00:00,2026-07-23T18:00:00,aa3781dd97029683c963e2d9f47e8be2,0,0.17,0
2026-06-25T18:00:00,2026-07-23T18:00:00,ab7f13a1cf62c9e5302e6a93f168f2b2,0,693.73,65
2026-06-25T18:00:00,2026-07-23T18:00:00,accab54a9b900044a008add844607a42,0,540.60,29
2026-06-25T18:00:00,2026-07-23T18:00:00,b05ee44538d4646550d287b190f3aabc,0,3.60,0
2026-06-25T18:00:00,2026-07-23T18:00:00,b08c5fbd2cf1162fba98efe628b6b084,0,32.37,3
2026-06-25T18:00:00,2026-07-23T18:00:00,b0c51c763c9b2fa3b33eaf87d8214614,0,1.13,0
2026-06-25T18:00:00,2026-07-23T18:00:00,b124bdaddb606ea47c2cd71a5bc230ef,0,324.80,30
2026-06-25T18:00:00,2026-07-23T18:00:00,b17ec0853ccae449661de4c07c6ee342,0,68.68,5
2026-06-25T18:00:00,2026-07-23T18:00:00,b234f6556badfbd7f672dde4a522ffbb,0,42.52,4
2026-06-25T18:00:00,2026-07-23T18:00:00,b2b18ef8744c214b603de10d2958f2a1,0,2795.83,108
2026-06-25T18:00:00,2026-07-23T18:00:00,b33fb22a7e4ee0c6d7ba72160248627c,0,226.63,20
2026-06-25T18:00:00,2026-07-23T18:00:00,b4193b58fe4c3e5e4f3216d2272e51c6,0,326.12,29
2026-06-25T18:00:00,2026-07-23T18:00:00,b558b11488ae5e6ca231db1ff81d490a,0,44.88,4
2026-06-25T18:00:00,2026-07-23T18:00:00,b6ecf2da61bff5b4da84d4a119df6e3a,0,95.42,9
2026-06-25T18:00:00,2026-07-23T18:00:00,b76e055acfa2d53cfa1b15ff148b5a47,0,16.03,1
2026-06-25T18:00:00,2026-07-23T18:00:00,b8b78014a744a99b76efd957aa4a9f23,0,0.93,0
2026-06-25T18:00:00,2026-07-23T18:00:00,b903f3a85817ee8f5828572173da0b18,0,3.82,0
2026-06-25T18:00:00,2026-07-23T18:00:00,b9218e9e967d01272f050482b756d81d,0,7.13,0
2026-06-25T18:00:00,2026-07-23T18:00:00,b94f8becb7437da1f6852403ad6ae7ea,0,82.05,7
2026-06-25T18:00:00,2026-07-23T18:00:00,b9827039995de78301930f3350c24356,0,108.37,10
2026-06-25T18:00:00,2026-07-23T18:00:00,bacd092718717b4eb1784c718205bb4f,0,20.88,1
2026-06-25T18:00:00,2026-07-23T18:00:00,baeb1f17f6665a2c968e02d7aaa91637,0,84.53,7
2026-06-25T18:00:00,2026-07-23T18:00:00,bb2298f80df629328b44d0d3288dc817,0,18.87,1
2026-06-25T18:00:00,2026-07-23T18:00:00,bbce49ee918544eabfe73136323bb5f8,0,49.33,4
2026-06-25T18:00:00,2026-07-23T18:00:00,bd1d9108bc551d2129326c9caa53cbf5,0,174.83,16
2026-06-25T18:00:00,2026-07-23T18:00:00,bd49463957ef43834e864ad5ce76f7f7,0,932.27,77
2026-06-25T18:00:00,2026-07-23T18:00:00,bd76e6d12956dfbe528ee3b797c61416,0,2706.17,108
2026-06-25T18:00:00,2026-07-23T18:00:00,bd8abd12878522fdca47f178ebca29fe,0,0.35,0
2026-06-25T18:00:00,2026-07-23T18:00:00,beca8456ffa8901385c349edd1731837,0,11.00,1
2026-06-25T18:00:00,2026-07-23T18:00:00,bf215340d2a8a8ae93da0ca3409b659a,0,216.48,18
2026-06-25T18:00:00,2026-07-23T18:00:00,bf63979a8e6da99364bdc70ba0b5abdd,0,4.45,0
2026-06-25T18:00:00,2026-07-23T18:00:00,bfde1f1c169e13a28354d1093ec10614,0,799.35,72
2026-06-25T18:00:00,2026-07-23T18:00:00,bff22da88932a08a4b7213bb886da1c3,0,167.42,16
2026-06-25T18:00:00,2026-07-23T18:00:00,c00f93bdf83325185a75c9af7992363e,0,31.78,3
2026-06-25T18:00:00,2026-07-23T18:00:00,c0511ed8e067ba4e9ea4e09ba50ea392,0,77.47,7
2026-06-25T18:00:00,2026-07-23T18:00:00,c0561705683b30fa1180203118fb644b,0,896.75,57
2026-06-25T18:00:00,2026-07-23T18:00:00,c07f57068b9ea30107644271c96897c6,0,80.42,7
2026-06-25T18:00:00,2026-07-23T18:00:00,c0edabd2fa050ccd8d6af04205fcca20,0,736.90,67
2026-06-25T18:00:00,2026-07-23T18:00:00,c1a08e53ac92bcbbd4d2553357225f8b,0,943.80,85
2026-06-25T18:00:00,2026-07-23T18:00:00,c1d7197391140a15fbce153f61b2c045,0,13.88,1
2026-06-25T18:00:00,2026-07-23T18:00:00,c204578299c3369eb3c954aac931ea90,0,0.27,0
2026-06-25T18:00:00,2026-07-23T18:00:00,c230bffb53ac1d749b39f0787d73280f,0,316.42,27
2026-06-25T18:00:00,2026-07-23T18:00:00,c3bd3ef88222f5ef1e3ef7b31560042a,0,26.85,2
2026-06-25T18:00:00,2026-07-23T18:00:00,c4881ce638e4852e7801f197bd900885,0,31.20,3
2026-06-25T18:00:00,2026-07-23T18:00:00,c49833281467e922a306711fc6d0dc4f,0,114.28,11
2026-06-25T18:00:00,2026-07-23T18:00:00,c4aa272536b50c9b2af26d3e551f1f50,0,5.52,0
2026-06-25T18:00:00,2026-07-23T18:00:00,c640f7ad7d9465d26c51c3e18f2ef7b3,0,0.07,0
2026-06-25T18:00:00,2026-07-23T18:00:00,c6a3af5949764df59be4b035926d3693,0,11.75,1
2026-06-25T18:00:00,2026-07-23T18:00:00,c6d19087fd62ffdf6534b5d6e7fb4b49,0,8.47,0
2026-06-25T18:00:00,2026-07-23T18:00:00,c70963bd9ae9d270dbaed4a788e67fdd,0,21.50,2
2026-06-25T18:00:00,2026-07-23T18:00:00,c773862db49fb9d55ed1bbd54da4fb95,0,1581.98,99
2026-06-25T18:00:00,2026-07-23T18:00:00,c7836a46d6ddf5a9ee9bc7da5e692d3f,0,34.07,3
2026-06-25T18:00:00,2026-07-23T18:00:00,c7b4163d53efaa5717dbf0c410ebc106,0,120.88,11
2026-06-25T18:00:00,2026-07-23T18:00:00,c837d3c836938bc12bdb508ffa1f7c2c,0,66.43,5
2026-06-25T18:00:00,2026-07-23T18:00:00,c8bf9c2d56fb7518b2c5e93c1bb8566d,0,5.77,0
2026-06-25T18:00:00,2026-07-23T18:00:00,c8e5e6565dc05a1bf6704b9db7b62f2c,0,44.13,4
2026-06-25T18:00:00,2026-07-23T18:00:00,c93220272f28380621302789472749aa,0,54.93,4
2026-06-25T18:00:00,2026-07-23T18:00:00,c982ba2fb6cb618d3c7122e994722122,0,1.75,0
2026-06-25T18:00:00,2026-07-23T18:00:00,cb12139456c78bf0badf0776471ee415,0,43.27,2
2026-06-25T18:00:00,2026-07-23T18:00:00,cb2e7105d4125fadfa8d17ee59c10c42,0,848.07,79
2026-06-25T18:00:00,2026-07-23T18:00:00,cbf1a82f0310ada788fb43fe8e5a6c28,0,0.85,0
2026-06-25T18:00:00,2026-07-23T18:00:00,cbf9dc18a9be2c5601ebea13ddfa0447,0,0.08,0
2026-06-25T18:00:00,2026-07-23T18:00:00,cc34a16620c8e297f54c8d3deab1529a,0,69.93,6
2026-06-25T18:00:00,2026-07-23T18:00:00,cc78a408fd2280eca83bf6e7581e2fd7,0,28.02,2
2026-06-25T18:00:00,2026-07-23T18:00:00,cd76791a335a86df691d57abcbd57283,0,336.17,31
2026-06-25T18:00:00,2026-07-23T18:00:00,cd7f8a97f1af1dcd8d640a4189f4a5ab,0,27.15,2
2026-06-25T18:00:00,2026-07-23T18:00:00,cdf04f076cac5c288ea189af2b2f3594,0,0.03,0
2026-06-25T18:00:00,2026-07-23T18:00:00,ce3397961bc79e77b071ddd2997422db,0,167.72,16
2026-06-25T18:00:00,2026-07-23T18:00:00,ce48b1b01f43de044dfb1950e2214801,0,122.62,12
2026-06-25T18:00:00,2026-07-23T18:00:00,ce51666f0da9ecfdfc88c34eb0cfef5f,0,345.22,32
2026-06-25T18:00:00,2026-07-23T18:00:00,cf3e43047f8912354716805697b851cc,0,45.02,3
2026-06-25T18:00:00,2026-07-23T18:00:00,cf5f8ad39d34b44896055b90eb13478e,0,205.13,19
2026-06-25T18:00:00,2026-07-23T18:00:00,cfe83d2a00760c34c75d64da45fc0fc2,0,1.48,0
2026-06-25T18:00:00,2026-07-23T18:00:00,d1e1116aa34a1e9021abd5483383375c,0,862.52,70
2026-06-25T18:00:00,2026-07-23T18:00:00,d1e9187765a9a9313745697eda8571d6,0,320.37,18
2026-06-25T18:00:00,2026-07-23T18:00:00,d28df5280e49e107bcd67d16248fd865,0,89.28,8
2026-06-25T18:00:00,2026-07-23T18:00:00,d34bba7dc4428ee7db83c2da8573e335,0,9.13,0
2026-06-25T18:00:00,2026-07-23T18:00:00,d48799f970e6147ab4d02a31d554ff8d,0,674.35,65
2026-06-25T18:00:00,2026-07-23T18:00:00,d52c404989b969646faefcb6484d30f4,0,7.78,0
2026-06-25T18:00:00,2026-07-23T18:00:00,d557db4023168e33cfa0b8b9ac2997d9,0,0.65,0
2026-06-25T18:00:00,2026-07-23T18:00:00,d62848cdabdec1c778136b2a5b2c29cb,0,135.20,13
2026-06-25T18:00:00,2026-07-23T18:00:00,d6b0eb33762ae3d461b8c199dba577cd,0,19.18,1
2026-06-25T18:00:00,2026-07-23T18:00:00,d750772391c9227c0e17a69cd90c4bd8,0,2.70,0
2026-06-25T18:00:00,2026-07-23T18:00:00,d8f2e36c5565a6764a958fac81958798,0,162.70,12
2026-06-25T18:00:00,2026-07-23T18:00:00,d91cce0c7dc9e681eeb7a2f76eb28560,0,36.42,3
2026-06-25T18:00:00,2026-07-23T18:00:00,d9b7e174573a52b57670ba90d39e620f,0,2.67,0
2026-06-25T18:00:00,2026-07-23T18:00:00,da1055539c715dfe4430de43d22c2027,0,1.78,0
2026-06-25T18:00:00,2026-07-23T18:00:00,daaf8212b83e836120bff13f9be76348,0,117.53,11
2026-06-25T18:00:00,2026-07-23T18:00:00,db6b093693e17ccc0b3e35903749faa4,0,248.33,24
2026-06-25T18:00:00,2026-07-23T18:00:00,dd0a87407ba38c9895cf486dbb4ba611,0,15.23,1
2026-06-25T18:00:00,2026-07-23T18:00:00,dd78b655794d02f3f194ac7a825d7ff9,0,6.42,0
2026-06-25T18:00:00,2026-07-23T18:00:00,dd79e85f244f55a94e92d1dfb99409fc,0,15.53,1
2026-06-25T18:00:00,2026-07-23T18:00:00,de2558ae5f53b8038023b871561e98b8,0,29.00,2
2026-06-25T18:00:00,2026-07-23T18:00:00,de9a3d704e5fb18e608576d75a920e83,0,1.97,0
2026-06-25T18:00:00,2026-07-23T18:00:00,df3d8345273548cfa21ce1b62d340eaf,0,11.30,1
2026-06-25T18:00:00,2026-07-23T18:00:00,dfa234579d939c80155f87bdfc44502d,0,133.77,11
2026-06-25T18:00:00,2026-07-23T18:00:00,e09e45d42a173c4366812718bb6f0760,0,7.60,0
2026-06-25T18:00:00,2026-07-23T18:00:00,e0c1e0914a8cf1d9d3f1c9c09d4a3d54,0,8.85,0
2026-06-25T18:00:00,2026-07-23T18:00:00,e0c4dfd6a75b791bf84efa9d5b878d02,0,1884.80,108
2026-06-25T18:00:00,2026-07-23T18:00:00,e0cda5b8f7dc67e792d1caf9c1fbf00f,0,474.62,46
2026-06-25T18:00:00,2026-07-23T18:00:00,e102c54dd9a72dbde6b9d0923bacd2c7,0,96.70,9
2026-06-25T18:00:00,2026-07-23T18:00:00,e1246e0d9af388a59517c290480172b5,0,100.15,10
2026-06-25T18:00:00,2026-07-23T18:00:00,e162dd30a18049defdff1afe580d3510,0,3.08,0
2026-06-25T18:00:00,2026-07-23T18:00:00,e1a4f82d7033b15732539dd4d792d545,0,10.08,1
2026-06-25T18:00:00,2026-07-23T18:00:00,e1dbeb78e1866a9b70fc50a9bef5638b,0,283.32,27
2026-06-25T18:00:00,2026-07-23T18:00:00,e2302e62573c1f82055a80137029694b,0,35.42,3
2026-06-25T18:00:00,2026-07-23T18:00:00,e2bfed5696d537ed3fe592de18c39886,0,61.95,5
2026-06-25T18:00:00,2026-07-23T18:00:00,e32cf93dd717feeddee850fd24dcfad1,0,26.97,2
2026-06-25T18:00:00,2026-07-23T18:00:00,e33d546be01fbbe3e5ad8ef3d17be679,0,72.90,7
2026-06-25T18:00:00,2026-07-23T18:00:00,e3bc1dced4325968cc6377dc202191ad,0,68.35,6
2026-06-25T18:00:00,2026-07-23T18:00:00,e4efeaabf29d96e63aefadbf31e340fc,0,410.37,39
2026-06-25T18:00:00,2026-07-23T18:00:00,e565ed9670b342776484ad85a6f5b9ef,0,12.17,0
2026-06-25T18:00:00,2026-07-23T18:00:00,e5b9d02bb318829dbd8c1830d4b0ccc6,0,141.40,14
2026-06-25T18:00:00,2026-07-23T18:00:00,e6249de5a384cdf7b872a2b16fe99253,0,130.08,11
2026-06-25T18:00:00,2026-07-23T18:00:00,e670ad3169435185801c2a38c809950b,0,20.40,2
2026-06-25T18:00:00,2026-07-23T18:00:00,e6d9e30e67f99f4aa7fdaeba57da7d1b,0,0.77,0
2026-06-25T18:00:00,2026-07-23T18:00:00,e7567a9fb18fddf13b2a1b3b55ea5d6e,0,402.98,39
2026-06-25T18:00:00,2026-07-23T18:00:00,e7a1b5bf9d24ffb8d702f8600b078846,0,16.93,1
2026-06-25T18:00:00,2026-07-23T18:00:00,e7b7b3b3ed0849d307a7a7b23dbfd8f1,0,27.48,2
2026-06-25T18:00:00,2026-07-23T18:00:00,e7f9073785b40c00896d78cf3892ea51,0,0.12,0
2026-06-25T18:00:00,2026-07-23T18:00:00,e8326a3688e50b0a1546a82dfd8dc079,0,16.13,1
2026-06-25T18:00:00,2026-07-23T18:00:00,e935388d6dfa7e2b9d54eee39b06b8f7,0,7.02,0
2026-06-25T18:00:00,2026-07-23T18:00:00,ea4208531ff7f24f420d3fbcdccd5380,0,24.78,2
2026-06-25T18:00:00,2026-07-23T18:00:00,ea89792e7dbcf33e96dd5caff3064c05,0,504.85,47
2026-06-25T18:00:00,2026-07-23T18:00:00,eaefd7c28aeb425f7a896fcbf5050c36,0,18.20,1
2026-06-25T18:00:00,2026-07-23T18:00:00,ecc970f6cf08dcb0f2c15a05360e831e,0,147.58,14
2026-06-25T18:00:00,2026-07-23T18:00:00,ed94f9617944e5cfaa340d93adc073f5,0,3.02,0
2026-06-25T18:00:00,2026-07-23T18:00:00,eec52e4a9c173b3ed45fa44a89448dc8,0,6.82,0
2026-06-25T18:00:00,2026-07-23T18:00:00,eee0931180b70b688786cc639db3b4cc,0,132.57,13
2026-06-25T18:00:00,2026-07-23T18:00:00,efeed86ed3449489954346b872af4298,0,0.03,0
2026-06-25T18:00:00,2026-07-23T18:00:00,f0cd2e015f9feab2be7755b553564d7c,0,0.63,0
2026-06-25T18:00:00,2026-07-23T18:00:00,f10b475f87d10e5dd9155d5311cb6ee5,0,306.38,29
2026-06-25T18:00:00,2026-07-23T18:00:00,f16f917edcf55701202e701619f9b7b1,0,4.60,0
2026-06-25T18:00:00,2026-07-23T18:00:00,f2242cd9245d121412ccac86c5286d60,0,6.02,0
2026-06-25T18:00:00,2026-07-23T18:00:00,f297ba060fa730527f0bd0e6758c66a1,0,95.12,8
2026-06-25T18:00:00,2026-07-23T18:00:00,f2dc535240bc3c82299ce63a74370b61,0,0.87,0
2026-06-25T18:00:00,2026-07-23T18:00:00,f50667d38d17fe297fdfff1791030efe,0,238.03,22
2026-06-25T18:00:00,2026-07-23T18:00:00,f53d74aacf050cf36baa29d871e51a1c,0,32.92,3
2026-06-25T18:00:00,2026-07-23T18:00:00,f6c16f4523eda7b38bc948bc24ec9ed1,0,25.23,2
2026-06-25T18:00:00,2026-07-23T18:00:00,f89b1b27c3a72582b5bdf75e04a06585,0,22.87,1
2026-06-25T18:00:00,2026-07-23T18:00:00,f8b6e6f0e211ff9cd83ae35c79a44c6f,0,1.30,0
2026-06-25T18:00:00,2026-07-23T18:00:00,f9e5eb32402588a2a07c800335f7f803,0,3.55,0
2026-06-25T18:00:00,2026-07-23T18:00:00,fa033f29719568fdffaa0b837b32ed79,0,8.75,0
2026-06-25T18:00:00,2026-07-23T18:00:00,fa4a913158f609dff71b6f0522d17ab3,0,228.08,21
2026-06-25T18:00:00,2026-07-23T18:00:00,fbe78c1d7516e2c17caafe8d559b8511,0,77.17,7
2026-06-25T18:00:00,2026-07-23T18:00:00,fc57572cd74f5d9a117a0ae0da010c90,0,1.87,0
2026-06-25T18:00:00,2026-07-23T18:00:00,fc5e14bde82c6293d82e7b26cc1a39fd,0,15.47,1
2026-06-25T18:00:00,2026-07-23T18:00:00,fca8c832d8bd1aeeafc880f6d0337071,0,0.87,0
2026-06-25T18:00:00,2026-07-23T18:00:00,fcaa84ed0b3f69b776ab89e47babe53a,0,0.32,0
2026-06-25T18:00:00,2026-07-23T18:00:00,fce355f07e65752c8206b6707bf556ae,0,276.98,26
2026-06-25T18:00:00,2026-07-23T18:00:00,fd0cde1ccc5d6ea13308b092dffc6b85,0,336.70,30
2026-06-25T18:00:00,2026-07-23T18:00:00,fd983314002a641d361957e02fd25069,0,1.87,0
2026-06-25T18:00:00,2026-07-23T18:00:00,ff2f9ff77974a468adc907dfa574dad9,0,5.27,0
2026-06-25T18:00:00,2026-07-23T18:00:00,ff537061ecb5caceb0875b7e7dff6017,0,38.15,3
2026-06-25T18:00:00,2026-07-23T18:00:00,ff78eab45a44dda86e192b4121f49c0f,0,10.15,0
2026-06-25T18:00:00,2026-07-23T18:00:00,ff8358ff94c001dad8328c1f3a6f334e,0,116.58,11
2026-06-25T18:00:00,2026-07-23T18:00:00,ffbdeec9602c7bd3bf5a6c52b6648fce,0,2.93,0
2026-06-25T18:00:00,2026-07-23T18:00:00,00dcdf4072584d79f19658aeccdfa24b,1,2.98,0
2026-06-25T18:00:00,2026-07-23T18:00:00,00e52319faf5d969c34109b9107199b2,1,159.83,15
2026-06-25T18:00:00,2026-07-23T18:00:00,01b41ec4c194cfd003dcaa1fe04d8401,1,893.87,48
2026-06-25T18:00:00,2026-07-23T18:00:00,02c4a8420678704c8097a08f05c5a33e,1,7.37,0
2026-06-25T18:00:00,2026-07-23T18:00:00,0358253fd7455b770a6e8e353d7931be,1,1.73,0
2026-06-25T18:00:00,2026-07-23T18:00:00,03a2f3e5c34528062a62a93d55871ce4,1,2.28,0
2026-06-25T18:00:00,2026-07-23T18:00:00,03d76dda74628509649cb129810d5d6b,1,791.67,54
2026-06-25T18:00:00,2026-07-23T18:00:00,0430646fee46348bd1a69ec6aba1c39c,1,189.60,17
2026-06-25T18:00:00,2026-07-23T18:00:00,04968366ec83bf62ab8a33994428ecd0,1,16.85,1
2026-06-25T18:00:00,2026-07-23T18:00:00,078c7f61a73340dd7ff9557e769b9e0d,1,235.22,23
2026-06-25T18:00:00,2026-07-23T18:00:00,08066083810000de842a9f15276d8dc8,1,3.72,0
2026-06-25T18:00:00,2026-07-23T18:00:00,081d96fabd3f494b948b5a4316c540ce,1,14.35,1
2026-06-25T18:00:00,2026-07-23T18:00:00,0a351a614553c5aef862ab227bb9d05f,1,4.12,0
2026-06-25T18:00:00,2026-07-23T18:00:00,0ac3eefba3b90580b8d790e28dc1a6af,1,12.72,1
2026-06-25T18:00:00,2026-07-23T18:00:00,0b38a5977e0301a3440f32eda0bb1e3b,1,421.20,29
2026-06-25T18:00:00,2026-07-23T18:00:00,0b9759350485ba3fbdb1c587539980b1,1,26.00,2
2026-06-25T18:00:00,2026-07-23T18:00:00,0bd89b873b8f42f6ce3bebac45011322,1,10.92,1
2026-06-25T18:00:00,2026-07-23T18:00:00,0bd9e270007b1deceacc22fce3f12b2a,1,79.60,7
2026-06-25T18:00:00,2026-07-23T18:00:00,0bddd415f5f22587099a347bd7f7bf19,1,1416.83,80
2026-06-25T18:00:00,2026-07-23T18:00:00,0cdddf73800de81584048cb36d06d251,1,0.22,0
2026-06-25T18:00:00,2026-07-23T18:00:00,0d0e44bd6f35da0dfddcef6e17ef3e9e,1,29.50,1
2026-06-25T18:00:00,2026-07-23T18:00:00,0d286bd6bffcce255ff9ede98326d14f,1,17.13,1
2026-06-25T18:00:00,2026-07-23T18:00:00,0db04b472aa9bbf63e51b30dac10c056,1,0.97,0
2026-06-25T18:00:00,2026-07-23T18:00:00,0e8466c4fab5a98d19be168e4fe556a4,1,681.62,43
2026-06-25T18:00:00,2026-07-23T18:00:00,0f0d469c57fc4f93fb0c7494f68a2943,1,62.73,6
2026-06-25T18:00:00,2026-07-23T18:00:00,1087833ea69a74856c5530bc04c81d0d,1,537.85,50
2026-06-25T18:00:00,2026-07-23T18:00:00,108c2bd4c792db791d2590ffc518cced,1,6.42,0
2026-06-25T18:00:00,2026-07-23T18:00:00,10baa314cfb5ff4ce1e30ee00d23c2cf,1,40.45,4
2026-06-25T18:00:00,2026-07-23T18:00:00,1112777bdeb3a15d4a936c104a7e983a,1,0.32,0
2026-06-25T18:00:00,2026-07-23T18:00:00,11378c7f4113cd4827c4c526b250c56e,1,64.63,6
2026-06-25T18:00:00,2026-07-23T18:00:00,1176acc5482240910424a133e39c204c,1,229.53,21
2026-06-25T18:00:00,2026-07-23T18:00:00,11885e8f84b562a03fcc0319745d5b74,1,77.08,6
2026-06-25T18:00:00,2026-07-23T18:00:00,11e16fa25d8fd93e88ebe9ca321c0d2a,1,37.23,3
2026-06-25T18:00:00,2026-07-23T18:00:00,129f8a014ee92724c7523e43fd1acb24,1,238.05,18
2026-06-25T18:00:00,2026-07-23T18:00:00,176244465a9b9ef84219e4dfb34379e1,1,41.93,4
2026-06-25T18:00:00,2026-07-23T18:00:00,1798284a0e69f0dd330b844d12c8d5fd,1,11.45,1
2026-06-25T18:00:00,2026-07-23T18:00:00,179ebd39d45d63439cc221107d4c1727,1,4.23,0
2026-06-25T18:00:00,2026-07-23T18:00:00,17bec006270cdd885268964258e720b2,1,1.03,0
2026-06-25T18:00:00,2026-07-23T18:00:00,18070d44e6c254d3f2205c232b87fbc0,1,0.03,0
2026-06-25T18:00:00,2026-07-23T18:00:00,180a2d8e43980a86d03b61a3b3c8ec7c,1,23.98,2
2026-06-25T18:00:00,2026-07-23T18:00:00,19008a86054c0158729c253966cc3379,1,0.65,0
2026-06-25T18:00:00,2026-07-23T18:00:00,1a0f5ab4205d3a24d19ae39b4ba3519f,1,19.47,1
2026-06-25T18:00:00,2026-07-23T18:00:00,1b4acbc74c40b8ed27220513d19099c6,1,1.77,0
2026-06-25T18:00:00,2026-07-23T18:00:00,1bec979fe0256839cc23d2c6a81a91e2,1,1.68,0
2026-06-25T18:00:00,2026-07-23T18:00:00,1d3dc26cc48502cb26f23599d5a244da,1,7.72,0
2026-06-25T18:00:00,2026-07-23T18:00:00,1e2f20a9ba2957e64f1aca8216750ffa,1,12.07,1
2026-06-25T18:00:00,2026-07-23T18:00:00,20630d31b6cfc3f4f6656877357c55c7,1,75.83,7
2026-06-25T18:00:00,2026-07-23T18:00:00,21022547686ba7f76fb67ef1fd83bac2,1,11.77,0
2026-06-25T18:00:00,2026-07-23T18:00:00,2175c6439303416c9ca11727217086ff,1,1.98,0
2026-06-25T18:00:00,2026-07-23T18:00:00,21ca2aaf7ab1a72a70030f9e52abe9c7,1,1361.20,106
2026-06-25T18:00:00,2026-07-23T18:00:00,23461ef1d67068cd76206c5b76ca6e55,1,15.62,1
2026-06-25T18:00:00,2026-07-23T18:00:00,23623563a120b50fc9c3d0642ebb1329,1,3.73,0
2026-06-25T18:00:00,2026-07-23T18:00:00,24908c4dad6ce65a4a6872051cb46255,1,9.67,0
2026-06-25T18:00:00,2026-07-23T18:00:00,24df40c816f8f3ee084a5730ff28b100,1,613.43,42
2026-06-25T18:00:00,2026-07-23T18:00:00,24e96aeb75c2a0ee13ca7a5b3e895fcf,1,611.10,51
2026-06-25T18:00:00,2026-07-23T18:00:00,24f3651474c9b141693f8bd51b3f5c08,1,0.22,0
2026-06-25T18:00:00,2026-07-23T18:00:00,255d7c8ce50394cdf376266d475b4b09,1,36.43,3
2026-06-25T18:00:00,2026-07-23T18:00:00,2609f8c2cbdf5210cd716998356a2004,1,4.80,0
2026-06-25T18:00:00,2026-07-23T18:00:00,26c088e96d0afdb386145c7f77515982,1,259.58,25
2026-06-25T18:00:00,2026-07-23T18:00:00,27bd70f7be14cd8e422bfd08f375d81d,1,4.32,0
2026-06-25T18:00:00,2026-07-23T18:00:00,2888e25fa64570fe3f81385dfa59f9b9,1,0.37,0
2026-06-25T18:00:00,2026-07-23T18:00:00,28db46031e46cbc492b96d5341bdcdfa,1,54.82,5
2026-06-25T18:00:00,2026-07-23T18:00:00,28fea6f3218f2d3da2a3389566ac650b,1,117.55,10
2026-06-25T18:00:00,2026-07-23T18:00:00,29dc38c6029158c44cbe0b7eeecb11f7,1,110.45,10
2026-06-25T18:00:00,2026-07-23T18:00:00,2a44e7b8b3dc98bc33edd1e40978a950,1,88.63,8
2026-06-25T18:00:00,2026-07-23T18:00:00,2a9115e9a1d92285d3bb073976310dbe,1,0.58,0
2026-06-25T18:00:00,2026-07-23T18:00:00,2ae2e4cfd042299d0dda5cbd63af78d9,1,156.97,15
2026-06-25T18:00:00,2026-07-23T18:00:00,2b7ea3804d2994c3941c4b110ab4d7e5,1,15.10,1
2026-06-25T18:00:00,2026-07-23T18:00:00,2c34ed8e5a672ae7ce396457a2d867bf,1,39.25,3
2026-06-25T18:00:00,2026-07-23T18:00:00,2c43f73447483b33f0d1920673f0b952,1,99.07,9
2026-06-25T18:00:00,2026-07-23T18:00:00,2c4ae81fa946ea44d5536d05efa14d84,1,6.33,0
2026-06-25T18:00:00,2026-07-23T18:00:00,2c62d6bf01dd7f9838ab63a2646817a2,1,3.13,0
2026-06-25T18:00:00,2026-07-23T18:00:00,2df38b9cb60ba36544dea0089d80b0ca,1,200.22,19
2026-06-25T18:00:00,2026-07-23T18:00:00,2f2cd68198fc1392c84e9afba44b5c55,1,1.07,0
2026-06-25T18:00:00,2026-07-23T18:00:00,2f99f8058f1030ccb971082423a64c86,1,9.28,0
2026-06-25T18:00:00,2026-07-23T18:00:00,306d7175375b79b9d069fab1563104a1,1,0.18,0
2026-06-25T18:00:00,2026-07-23T18:00:00,318a1fa0531eff6a26fa4f71f2064ff3,1,12.62,1
2026-06-25T18:00:00,2026-07-23T18:00:00,318f2e979b1a594faec98668d3ab88ee,1,48.00,4
2026-06-25T18:00:00,2026-07-23T18:00:00,321f4f4b17ca929d0e896f7a0cdbf313,1,1.73,0
2026-06-25T18:00:00,2026-07-23T18:00:00,327fcc91faf07b0c68b21ba771545099,1,0.10,0
2026-06-25T18:00:00,2026-07-23T18:00:00,32e349a28e497a6b9e84c389a99310ae,1,18.35,1
2026-06-25T18:00:00,2026-07-23T18:00:00,3498e4ee5d7da64e36417f4338a9b20f,1,27.18,2
2026-06-25T18:00:00,2026-07-23T18:00:00,35225da0f2d10668dc9bee55eee19e6e,1,65.20,5
2026-06-25T18:00:00,2026-07-23T18:00:00,35b7a093cfeed8bc5abab7493807f6c5,1,11.70,1
2026-06-25T18:00:00,2026-07-23T18:00:00,36088d4d3c4277630580660050b83d99,1,326.37,23
2026-06-25T18:00:00,2026-07-23T18:00:00,361afc45de523ea8624522b5990209f7,1,86.87,8
2026-06-25T18:00:00,2026-07-23T18:00:00,365d96cb80ae491cfa4c955120fe5cc7,1,401.47,38
2026-06-25T18:00:00,2026-07-23T18:00:00,366fd890547ee7cb70bca6397daba3dc,1,55.35,4
2026-06-25T18:00:00,2026-07-23T18:00:00,37083d18e202a6f37d6c02a2c4d46f36,1,73.13,7
2026-06-25T18:00:00,2026-07-23T18:00:00,371ce7264fbfc9691a60e622c8e45b3d,1,14.77,1
2026-06-25T18:00:00,2026-07-23T18:00:00,380334a8bb469044acd774ffb0213874,1,367.12,35
2026-06-25T18:00:00,2026-07-23T18:00:00,3965a17251852f6aeb30a09fbd559cdc,1,1016.43,69
2026-06-25T18:00:00,2026-07-23T18:00:00,3a38acc06baf3d9a1e7cd03f963637eb,1,5.20,0
2026-06-25T18:00:00,2026-07-23T18:00:00,3a409eac9ec1329c15a6afcd86ef8306,1,2.70,0
2026-06-25T18:00:00,2026-07-23T18:00:00,3b84f0f321556817a8668eabbdef58b0,1,28.73,2
2026-06-25T18:00:00,2026-07-23T18:00:00,3c6a167d58d100b8548bde685b6b4658,1,2.08,0
2026-06-25T18:00:00,2026-07-23T18:00:00,3c7f5aca9eaac7550198f04bf5408798,1,626.80,55
2026-06-25T18:00:00,2026-07-23T18:00:00,3d22b583832aa401604bb4056269b68e,1,89.95,8
2026-06-25T18:00:00,2026-07-23T18:00:00,3d636c346657871d8a2a87191b1fd660,1,14.88,1
2026-06-25T18:00:00,2026-07-23T18:00:00,3dbf162f28cbd26bf8efb1e66ebf97cf,1,0.97,0
2026-06-25T18:00:00,2026-07-23T18:00:00,3f55fdedf2ee46e67aaa4246acf0893f,1,1.43,0
2026-06-25T18:00:00,2026-07-23T18:00:00,3fe3516a43591765c0833668919f0240,1,281.32,27
2026-06-25T18:00:00,2026-07-23T18:00:00,40dfacab8d7b6b5f710a31297d1346e2,1,45.25,4
2026-06-25T18:00:00,2026-07-23T18:00:00,41e0108e2b28245351b1b520add168f3,1,205.45,19
2026-06-25T18:00:00,2026-07-23T18:00:00,41e8890a641380d235baa7b1fe3968a4,1,1.02,0
2026-06-25T18:00:00,2026-07-23T18:00:00,41ef92be6e10181673c326bbb63d6b3d,1,31.10,3
2026-06-25T18:00:00,2026-07-23T18:00:00,42740ac78e4b5656768e81d59ea0950c,1,9.13,0
2026-06-25T18:00:00,2026-07-23T18:00:00,428397c26fe7a8afbabdfd149768ef26,1,1.95,0
2026-06-25T18:00:00,2026-07-23T18:00:00,42d4ba4932f45dd5b9df1d8afb3747db,1,19.12,1
2026-06-25T18:00:00,2026-07-23T18:00:00,432879613d1e026d172040a914c74137,1,731.45,63
2026-06-25T18:00:00,2026-07-23T18:00:00,4342e5c35c79dc034d007a72c481da48,1,111.23,10
2026-06-25T18:00:00,2026-07-23T18:00:00,4444e576285c734040271fcf6d368467,1,0.50,0
2026-06-25T18:00:00,2026-07-23T18:00:00,44d2cdf8c13b1a4fc2d4d9dec8aa06e9,1,94.90,9
2026-06-25T18:00:00,2026-07-23T18:00:00,456d187a1d7621d42511d44ee8b8bf95,1,2.72,0
2026-06-25T18:00:00,2026-07-23T18:00:00,457de24877ba1c0542350d916b3b4bd1,1,0.60,0
2026-06-25T18:00:00,2026-07-23T18:00:00,46846b4339ff71bfe910b1d6957776fe,1,81.07,8
2026-06-25T18:00:00,2026-07-23T18:00:00,469c2d2baf1adccd99f3b70602cb6a8b,1,5.07,0
2026-06-25T18:00:00,2026-07-23T18:00:00,4706549f12fe22bee5721371f148ce17,1,0.43,0
2026-06-25T18:00:00,2026-07-23T18:00:00,470a41f26991dea965f2ced2fd1e6846,1,35.13,3
2026-06-25T18:00:00,2026-07-23T18:00:00,474a1cb2eddd3bb3aef3c64a711f1e1e,1,244.60,18
2026-06-25T18:00:00,2026-07-23T18:00:00,4812387542f6d3ae04dd43d11c3f07e2,1,27.65,2
2026-06-25T18:00:00,2026-07-23T18:00:00,48da86bca9825e2a3629e940455546d0,1,9.48,0
2026-06-25T18:00:00,2026-07-23T18:00:00,493c428739d1f074a42f02a7f57cbfe7,1,176.07,16
2026-06-25T18:00:00,2026-07-23T18:00:00,498956c778550aa09d1f62bf25a09b9c,1,1569.08,105
2026-06-25T18:00:00,2026-07-23T18:00:00,49dbf07b6e290df9e21627c9d1289827,1,395.83,30
2026-06-25T18:00:00,2026-07-23T18:00:00,4a4c43e34f5c8cb1183fb3f637c975aa,1,3641.85,116
2026-06-25T18:00:00,2026-07-23T18:00:00,4aa6a86da2fc7d20b2f120ea0ea34c22,1,19.38,1
2026-06-25T18:00:00,2026-07-23T18:00:00,4ab9c192f1746605c8332e86de96e72e,1,3.25,0
2026-06-25T18:00:00,2026-07-23T18:00:00,4ade6fde83dea380dda7bbf959af94f4,1,98.07,9
2026-06-25T18:00:00,2026-07-23T18:00:00,4b1d40cb62b073d17a76862c1e1cd14c,1,98.98,9
2026-06-25T18:00:00,2026-07-23T18:00:00,4b662fbe18ed65dfa12f0c87f271ceea,1,1.02,0
2026-06-25T18:00:00,2026-07-23T18:00:00,4b7a6e2b434497f12e24c4ebdba7d066,1,8.48,0
2026-06-25T18:00:00,2026-07-23T18:00:00,4c5e0c902dce82aed3a77c1f434a710c,1,241.13,23
2026-06-25T18:00:00,2026-07-23T18:00:00,4cca17dc0bd744a171361830ae61561b,1,13.08,1
2026-06-25T18:00:00,2026-07-23T18:00:00,4d38c52bfc5843cdf142c9e44e1080d7,1,22.85,1
2026-06-25T18:00:00,2026-07-23T18:00:00,4d62f64c809a5a3e5fd11c082d9ab688,1,13.72,1
2026-06-25T18:00:00,2026-07-23T18:00:00,4e100be5060f9d5b6669a7e5fb30753d,1,2.27,0
2026-06-25T18:00:00,2026-07-23T18:00:00,4f732d54e1a653fe5f425960b5410883,1,85.48,7
2026-06-25T18:00:00,2026-07-23T18:00:00,4fa76cb6fb1280b5016b8315141fc898,1,2.15,0
2026-06-25T18:00:00,2026-07-23T18:00:00,509c90d86761f2b9653881816f08b44b,1,1.18,0
2026-06-25T18:00:00,2026-07-23T18:00:00,518e94c27cfafa31f4b8d8c9346e4a48,1,215.20,20
2026-06-25T18:00:00,2026-07-23T18:00:00,5225aff78406cf5ce82f566ec3c3177f,1,356.40,34
2026-06-25T18:00:00,2026-07-23T18:00:00,522d4bf96ca7faeb34d65efadd9a4731,1,435.95,38
2026-06-25T18:00:00,2026-07-23T18:00:00,526cfba0d1305aed2ff7ac2efd2dcede,1,610.12,40
2026-06-25T18:00:00,2026-07-23T18:00:00,54e4fcf58863757b2cef25953f451d51,1,23.13,2
2026-06-25T18:00:00,2026-07-23T18:00:00,5569ecf244aa67e0dc81e222746b52d2,1,13.80,0
2026-06-25T18:00:00,2026-07-23T18:00:00,55c4eb7b1e417de9197501c601fc20c5,1,22.33,2
2026-06-25T18:00:00,2026-07-23T18:00:00,561f3c2100a0a5127bd4f5762f0fc67a,1,23.42,2
2026-06-25T18:00:00,2026-07-23T18:00:00,563fac7a9c9c568e4ecde8d0f6c0b9e7,1,33.37,2
2026-06-25T18:00:00,2026-07-23T18:00:00,5686bd4c2943d2b18dacb31746e2dd23,1,5.25,0
2026-06-25T18:00:00,2026-07-23T18:00:00,57d1e8e27caa1d2e3a2c2e5d39c2bfcd,1,92.73,9
2026-06-25T18:00:00,2026-07-23T18:00:00,59675e0e8058b95d9a304b92b8c29f43,1,0.72,0
2026-06-25T18:00:00,2026-07-23T18:00:00,5994e40b5c9e6249f391bed51b11a54e,1,1.47,0
2026-06-25T18:00:00,2026-07-23T18:00:00,5af4686b8784a8aecc040909a36f47da,1,207.23,19
2026-06-25T18:00:00,2026-07-23T18:00:00,5afa8cc5ae2b9fac84c9ec6d790044bd,1,28.08,2
2026-06-25T18:00:00,2026-07-23T18:00:00,5b0e34ce1b7298af9b339cc1353aa110,1,2.17,0
2026-06-25T18:00:00,2026-07-23T18:00:00,5d3ba15ac9e7226e40582ec52a4c5775,1,332.72,30
2026-06-25T18:00:00,2026-07-23T18:00:00,5db08b12833d45a3f7cc3636703dc388,1,128.72,12
2026-06-25T18:00:00,2026-07-23T18:00:00,5e13c7d6b24a72795c74e08a773dc829,1,8.73,0
2026-06-25T18:00:00,2026-07-23T18:00:00,5f39311e7c8e2ce29c4c8ebaa53ebbbe,1,1.43,0
2026-06-25T18:00:00,2026-07-23T18:00:00,5f545f040bf9d9bba25fd40b05a44c07,1,68.40,6
2026-06-25T18:00:00,2026-07-23T18:00:00,5f7218576dc6c3e22ebbf8f3fa720811,1,140.85,13
2026-06-25T18:00:00,2026-07-23T18:00:00,5fe6c2a01926531f849c0ba4980a5a47,1,1042.22,72
2026-06-25T18:00:00,2026-07-23T18:00:00,6025117ecccd5079c0c4966cf483ef16,1,40.35,4
2026-06-25T18:00:00,2026-07-23T18:00:00,6063ae13a3cb3f3f85f01f5c4f6fe50a,1,0.20,0
2026-06-25T18:00:00,2026-07-23T18:00:00,617b0e712c0931a716f00ed3c16ae0d9,1,22.05,2
2026-06-25T18:00:00,2026-07-23T18:00:00,6255066e3d1294799b28ba1410577108,1,18.67,1
2026-06-25T18:00:00,2026-07-23T18:00:00,62663892035a11a21db76479a3d9c2c4,1,25.50,2
2026-06-25T18:00:00,2026-07-23T18:00:00,637a924f55a3da83740b5362c8dd6579,1,16.05,1
2026-06-25T18:00:00,2026-07-23T18:00:00,643b510c5556997fe35166d635c569b0,1,16.45,1
2026-06-25T18:00:00,2026-07-23T18:00:00,64f45b104bb74d3ad2a6d9a46714de7d,1,460.55,44
2026-06-25T18:00:00,2026-07-23T18:00:00,65990b581fe979aedf1cd56de5a36dd8,1,23.07,2
2026-06-25T18:00:00,2026-07-23T18:00:00,65d2d9423af9560bb10b01a63b7c3544,1,79.72,7
2026-06-25T18:00:00,2026-07-23T18:00:00,65e254b6060c5592f81ce07496988014,1,15.63,1
2026-06-25T18:00:00,2026-07-23T18:00:00,65fae484d001ce2bae914e355072ef85,1,440.00,42
2026-06-25T18:00:00,2026-07-23T18:00:00,69c5341153a2ea3222b0b25d4a08f1e3,1,40.25,4
2026-06-25T18:00:00,2026-07-23T18:00:00,69d0dcc2843e1d475fbe0e84f96bb43e,1,83.30,8
2026-06-25T18:00:00,2026-07-23T18:00:00,6ac5c50d01f810e0923744b55f2ac7dd,1,4.42,0
2026-06-25T18:00:00,2026-07-23T18:00:00,6acc705421ffa91d5760d36b34dd2fe1,1,11.07,1
2026-06-25T18:00:00,2026-07-23T18:00:00,6af27f67c012f4222a97721ea289f247,1,261.60,18
2026-06-25T18:00:00,2026-07-23T18:00:00,6b1f101e30b640ebb1eacc58b9ac72ce,1,243.40,22
2026-06-25T18:00:00,2026-07-23T18:00:00,6bc982bca3a7ff5cbf98b7c8bb45e7b2,1,52.40,5
2026-06-25T18:00:00,2026-07-23T18:00:00,6be50b69cd06614d66092f93020701b7,1,3.33,0
2026-06-25T18:00:00,2026-07-23T18:00:00,6bf5cd43691700e2a3044085aa0128d2,1,59.02,5
2026-06-25T18:00:00,2026-07-23T18:00:00,6c13b36f57d9e1c1da94fb89cd7eab97,1,2.48,0
2026-06-25T18:00:00,2026-07-23T18:00:00,6c206102b26546a57261070d1d1d7482,1,35.35,2
2026-06-25T18:00:00,2026-07-23T18:00:00,6c3818d7c65416c8a0d8fec6da0a4c1a,1,1065.33,72
2026-06-25T18:00:00,2026-07-23T18:00:00,6d6cb5f5c026ff5efde4c42617cf5d9c,1,2.40,0
2026-06-25T18:00:00,2026-07-23T18:00:00,6d96760766cce10f456642c2be2440e4,1,4.20,0
2026-06-25T18:00:00,2026-07-23T18:00:00,6e644906dfea31c4c6d6c42bf53eee49,1,29.73,2
2026-06-25T18:00:00,2026-07-23T18:00:00,6e8d16c487cdb71d21575552f9635907,1,52.27,3
2026-06-25T18:00:00,2026-07-23T18:00:00,6f9379fa2c56bcd90d24b7d000eb8af3,1,75.17,6
2026-06-25T18:00:00,2026-07-23T18:00:00,6f9991664aa5439eff9bae9b6fa8dac1,1,24.00,2
2026-06-25T18:00:00,2026-07-23T18:00:00,6fa8a181fd364f412c670fcd0d228139,1,6.12,0
2026-06-25T18:00:00,2026-07-23T18:00:00,7090e19b8f1e6e273b657f9d2dbb15f2,1,0.67,0
2026-06-25T18:00:00,2026-07-23T18:00:00,709d02d6be75c5cd061827d70853b7fd,1,1554.02,98
2026-06-25T18:00:00,2026-07-23T18:00:00,70c9a721fabcfaf38f1041831323bf65,1,21.87,2
2026-06-25T18:00:00,2026-07-23T18:00:00,715df8216acc4a063dae06921d2116bf,1,7.05,0
2026-06-25T18:00:00,2026-07-23T18:00:00,71c5f38e45d58d40b40d95ae95250ad7,1,0.53,0
2026-06-25T18:00:00,2026-07-23T18:00:00,71cec018d4b550cd0c08eb727a7faf8c,1,135.17,13
2026-06-25T18:00:00,2026-07-23T18:00:00,7210d40403300443608fc1fbce868a2a,1,23.92,2
2026-06-25T18:00:00,2026-07-23T18:00:00,7279f51d8f46f72e037f79bfa94638ce,1,46.42,4
2026-06-25T18:00:00,2026-07-23T18:00:00,72e5e8adfc327df96f88d021768417d3,1,22.28,2
2026-06-25T18:00:00,2026-07-23T18:00:00,73fe08565a50724366fa9d17a5271e21,1,28.58,2
2026-06-25T18:00:00,2026-07-23T18:00:00,7403350c3b10e249dfc3f83fa2bd7d2f,1,11.80,1
2026-06-25T18:00:00,2026-07-23T18:00:00,741c89353631023864598dcf22894c2e,1,80.63,8
2026-06-25T18:00:00,2026-07-23T18:00:00,7486f061b73923ca7a773ba17a878639,1,5.75,0
2026-06-25T18:00:00,2026-07-23T18:00:00,74895d4a8fa84ecee9d7cbd62220661e,1,13.10,1
2026-06-25T18:00:00,2026-07-23T18:00:00,74a6308dc6da9d40d01ef9512583b03c,1,1468.48,88
2026-06-25T18:00:00,2026-07-23T18:00:00,74f4a80dba70dd146b9fb5700c677a27,1,1140.58,57
2026-06-25T18:00:00,2026-07-23T18:00:00,7552be7e2f5db557b9307f69bfc3538b,1,1162.83,85
2026-06-25T18:00:00,2026-07-23T18:00:00,75beff1d90e0c1cc9b573cf93dab1763,1,25.52,2
2026-06-25T18:00:00,2026-07-23T18:00:00,760fb33051b7b5d09a5f39e8e85ff28a,1,54.28,4
2026-06-25T18:00:00,2026-07-23T18:00:00,773a8a870ae78eb95f97f4de2a630009,1,82.15,8
2026-06-25T18:00:00,2026-07-23T18:00:00,779bd7884381326ad67caad3458fc726,1,5.38,0
2026-06-25T18:00:00,2026-07-23T18:00:00,7822c98271b3de3601f2e307dbaf0ffc,1,375.42,36
2026-06-25T18:00:00,2026-07-23T18:00:00,78e5dcf4826ba1b2c5dbda5b50ecd1a7,1,1.27,0
2026-06-25T18:00:00,2026-07-23T18:00:00,798a01e35a89071c796a00a79cb8385f,1,2.32,0
2026-06-25T18:00:00,2026-07-23T18:00:00,7a034055bff111a1fe28e106470956d1,1,57.10,5
2026-06-25T18:00:00,2026-07-23T18:00:00,7a0d8e7ddae75f6cba4092350f931976,1,1.68,0
2026-06-25T18:00:00,2026-07-23T18:00:00,7b137e8dbcb7c14df77c30aa7a5b8719,1,24.72,2
2026-06-25T18:00:00,2026-07-23T18:00:00,7b3535f10a0825e6755a6dd76e493d16,1,14.28,1
2026-06-25T18:00:00,2026-07-23T18:00:00,7b88e3445705c883ee9b9c3395bd319c,1,1130.73,89
2026-06-25T18:00:00,2026-07-23T18:00:00,7ca046be309fee780f33894da17ede45,1,1.45,0
2026-06-25T18:00:00,2026-07-23T18:00:00,7cb5c3700efc3300396b2eeeaa5be228,1,205.42,19
2026-06-25T18:00:00,2026-07-23T18:00:00,7d7e44073979d7f6a95b239a8957288e,1,181.18,16
2026-06-25T18:00:00,2026-07-23T18:00:00,7dfcb3b22b45d33d4f38dd790e35c7ee,1,7.65,0
2026-06-25T18:00:00,2026-07-23T18:00:00,7e243a93526d0e5d3bef96b67468d170,1,1.45,0
2026-06-25T18:00:00,2026-07-23T18:00:00,7ef4d9cff401ca99ce708f42755b9472,1,10.90,0
2026-06-25T18:00:00,2026-07-23T18:00:00,8046fe40c78da7e756f2e140528ebfe2,1,586.93,40
2026-06-25T18:00:00,2026-07-23T18:00:00,80b73881ade0e2aee5df135bebd50387,1,487.30,47
2026-06-25T18:00:00,2026-07-23T18:00:00,80fa7438cbd59d6a593c8959aac8b9f5,1,0.28,0
2026-06-25T18:00:00,2026-07-23T18:00:00,813822beecadcfb93ea224f2412677f6,1,85.55,7
2026-06-25T18:00:00,2026-07-23T18:00:00,82e9019b9a546b5801155f07536c6e7e,1,79.58,7
2026-06-25T18:00:00,2026-07-23T18:00:00,82f7131827d9e248f2c57651d4482ea4,1,335.08,23
2026-06-25T18:00:00,2026-07-23T18:00:00,846b512109e5e690df622cb5fbad5041,1,0.22,0
2026-06-25T18:00:00,2026-07-23T18:00:00,84d33485e9601603f968f77f35077286,1,16.38,1
2026-06-25T18:00:00,2026-07-23T18:00:00,84ed992fd809ec5c1701fbbf66dbb76b,1,4.22,0
2026-06-25T18:00:00,2026-07-23T18:00:00,8535a92caf48287705b36377e2d35e6f,1,22.27,2
2026-06-25T18:00:00,2026-07-23T18:00:00,86121948e45edee3fa73930c16af5326,1,2742.43,126
2026-06-25T18:00:00,2026-07-23T18:00:00,8641b04fdeace11d85478a47ef25a109,1,4.55,0
2026-06-25T18:00:00,2026-07-23T18:00:00,86470cc76e4b5bea6f0f91ae5692e9f9,1,1.83,0
2026-06-25T18:00:00,2026-07-23T18:00:00,8722c53ec5032413372a925671ced191,1,7.72,0
2026-06-25T18:00:00,2026-07-23T18:00:00,87267006be622efe77a156338cb1ce7b,1,70.05,7
2026-06-25T18:00:00,2026-07-23T18:00:00,8755358cf86fe508027c709418e07430,1,220.15,19
2026-06-25T18:00:00,2026-07-23T18:00:00,87cc161692ed8c65ebde4f72e44f8fcc,1,57.50,4
2026-06-25T18:00:00,2026-07-23T18:00:00,88d0953937786e73fc7b57263d46d671,1,18.72,0
2026-06-25T18:00:00,2026-07-23T18:00:00,88e3ccca7711f62122e04662dc7750bc,1,2.22,0
2026-06-25T18:00:00,2026-07-23T18:00:00,8957461fe4f3b9f4aa8643171c270a0f,1,98.75,9
2026-06-25T18:00:00,2026-07-23T18:00:00,8a307f2ceb7211208e2b87d6df28ea55,1,1.85,0
2026-06-25T18:00:00,2026-07-23T18:00:00,8a53b72d2c710974413fa84ffd803b5f,1,297.90,28
2026-06-25T18:00:00,2026-07-23T18:00:00,8a975cc6d7693f9ff905e8cdab7d8e42,1,495.20,33
2026-06-25T18:00:00,2026-07-23T18:00:00,8b6191f5cef4dcde60fc67a6de716391,1,6.98,0
2026-06-25T18:00:00,2026-07-23T18:00:00,8ba793c46db6a1e22c8f435fb730ac26,1,448.32,43
2026-06-25T18:00:00,2026-07-23T18:00:00,8bd0744751924f59239c4ecc09f35ea1,1,712.07,44
2026-06-25T18:00:00,2026-07-23T18:00:00,8c400151e6d3f6901ec724f4eef584cb,1,5.03,0
2026-06-25T18:00:00,2026-07-23T18:00:00,8d48aade32cb70a42e5f10b31cbebe51,1,136.68,13
2026-06-25T18:00:00,2026-07-23T18:00:00,8d96d95fe1759cf187a8ab6601950f11,1,164.27,15
2026-06-25T18:00:00,2026-07-23T18:00:00,8db033a7d2deb1ae68f3158ef099c68d,1,17.03,1
2026-06-25T18:00:00,2026-07-23T18:00:00,8e671c573caf4cea2ac0188bc11727cd,1,5.50,0
2026-06-25T18:00:00,2026-07-23T18:00:00,8f2f895ce22a54cba90d23d528364121,1,1102.08,94
2026-06-25T18:00:00,2026-07-23T18:00:00,90a66c81c981a6335680e0b7f2f97063,1,307.80,27
2026-06-25T18:00:00,2026-07-23T18:00:00,915c90e617bb8ef6e1636f0a5329df3d,1,31.27,3
2026-06-25T18:00:00,2026-07-23T18:00:00,92cd8c1611c351c66175caa62f4260b9,1,75.35,7
2026-06-25T18:00:00,2026-07-23T18:00:00,92f003b8df111ba301164802eece8f1f,1,18.05,1
2026-06-25T18:00:00,2026-07-23T18:00:00,93b2e10c2557d2817c60a73fcb5d3f29,1,197.15,17
2026-06-25T18:00:00,2026-07-23T18:00:00,944378252fa50d0659c4623bebff5822,1,201.13,19
2026-06-25T18:00:00,2026-07-23T18:00:00,957eff70bdef3f8ad80e00682d2b89ca,1,10.98,1
2026-06-25T18:00:00,2026-07-23T18:00:00,958122799128d8f1d044d72030c14c5e,1,25.72,2
2026-06-25T18:00:00,2026-07-23T18:00:00,962cebaf9d8ceca99307253d1a83d28e,1,188.60,17
2026-06-25T18:00:00,2026-07-23T18:00:00,966cd25f2d7ca55ddb10449b9a11d957,1,0.07,0
2026-06-25T18:00:00,2026-07-23T18:00:00,96b683ca942fa1827c237db4be6c6df0,1,72.53,7
2026-06-25T18:00:00,2026-07-23T18:00:00,97b44b7d0828c911c3681aaf2fd8b2aa,1,18.85,1
2026-06-25T18:00:00,2026-07-23T18:00:00,97eb6f796d3c17be15ed9e5345537dc2,1,2731.97,123
2026-06-25T18:00:00,2026-07-23T18:00:00,98448a2b830f81a68f185f31335a6cf2,1,122.33,12
2026-06-25T18:00:00,2026-07-23T18:00:00,985d2feefde2e6a77981ee1e5f089163,1,1.37,0
2026-06-25T18:00:00,2026-07-23T18:00:00,9a30401dc5ad31f9e3e697fe2bc89709,1,10.35,0
2026-06-25T18:00:00,2026-07-23T18:00:00,9a973947252ae49552fbe88d9558f86b,1,2.03,0
2026-06-25T18:00:00,2026-07-23T18:00:00,9a9fe42e4a54b12b69b0f495733a281c,1,113.53,10
2026-06-25T18:00:00,2026-07-23T18:00:00,9ab3660ee79c49d6f4cbdb553a3953b7,1,128.67,12
2026-06-25T18:00:00,2026-07-23T18:00:00,9afd179d5648a35c811b68d9fb3f468b,1,11.97,1
2026-06-25T18:00:00,2026-07-23T18:00:00,9ba79415927e9e26edc5792bad04533c,1,3.57,0
2026-06-25T18:00:00,2026-07-23T18:00:00,9c26d93da4825a1c11da6d92cc060cac,1,39.80,3
2026-06-25T18:00:00,2026-07-23T18:00:00,9cb3dab591550bc691b2e306508eea8f,1,12.28,0
2026-06-25T18:00:00,2026-07-23T18:00:00,9d0b0a266a5d71b582f9409c3bf4c45e,1,69.82,6
2026-06-25T18:00:00,2026-07-23T18:00:00,9d0c4e9774a66142e68bf6696e6e6275,1,0.08,0
2026-06-25T18:00:00,2026-07-23T18:00:00,9d2eec5acfc0ab52e0858071ce7d5d3d,1,8.82,0
2026-06-25T18:00:00,2026-07-23T18:00:00,9d73cb4420e9a52b73122facaf729551,1,178.50,17
2026-06-25T18:00:00,2026-07-23T18:00:00,9d8a7511a1dd64a216774e9a34d76373,1,0.72,0
2026-06-25T18:00:00,2026-07-23T18:00:00,9dbc493ebd7d870238e01e4fe4c20b4b,1,27.63,2
2026-06-25T18:00:00,2026-07-23T18:00:00,9e72b5bd67e6a5163027f5b93b18964c,1,1.93,0
2026-06-25T18:00:00,2026-07-23T18:00:00,9f00b2fd7e78795d4c023a8c72964d8b,1,858.68,45
2026-06-25T18:00:00,2026-07-23T18:00:00,9f0192bb8827cadffe500debad0b120c,1,2.82,0
2026-06-25T18:00:00,2026-07-23T18:00:00,9fb45078730ac15a5280ce3ac9add7f5,1,0.27,0
2026-06-25T18:00:00,2026-07-23T18:00:00,a0dbf5c8f064f79bc50f662f34cef39e,1,25.12,2
2026-06-25T18:00:00,2026-07-23T18:00:00,a17ff0da250c06a7314042f514335759,1,1.57,0
2026-06-25T18:00:00,2026-07-23T18:00:00,a1aa35933e572069ff8b65cb7e728b96,1,79.20,7
2026-06-25T18:00:00,2026-07-23T18:00:00,a21e47e69176c78e569a017c12cfd8d4,1,98.47,9
2026-06-25T18:00:00,2026-07-23T18:00:00,a2b9b974332877f6035b8adace6dd035,1,279.95,25
2026-06-25T18:00:00,2026-07-23T18:00:00,a2df3f13ef85e1f78255bf2fc333e2c8,1,0.23,0
2026-06-25T18:00:00,2026-07-23T18:00:00,a3d68b6845f7e445ab99f5c8e2e8114f,1,449.62,42
2026-06-25T18:00:00,2026-07-23T18:00:00,a41f27a871bd875d59472a7c1373e0b2,1,13.77,1
2026-06-25T18:00:00,2026-07-23T18:00:00,a4d688d4341f6f90d140ef14cd40c944,1,75.53,7
2026-06-25T18:00:00,2026-07-23T18:00:00,a5558476bba246475d1dc91619730532,1,127.87,12
2026-06-25T18:00:00,2026-07-23T18:00:00,a6ea702f815062f6c790fee9af9cae89,1,62.95,6
2026-06-25T18:00:00,2026-07-23T18:00:00,a787ca8847883223629d10f3fb8568f8,1,19.82,1
2026-06-25T18:00:00,2026-07-23T18:00:00,a7906381c6537f1725f1c62a7f5b0494,1,0.88,0
2026-06-25T18:00:00,2026-07-23T18:00:00,a796407a7178c7353aeba7145a2c26e8,1,83.13,8
2026-06-25T18:00:00,2026-07-23T18:00:00,a7ff58055130e91ac0ebc499651690da,1,13.80,1
2026-06-25T18:00:00,2026-07-23T18:00:00,a87bcea2b3bbe7c7e6885c4b0e2b614a,1,50.17,5
2026-06-25T18:00:00,2026-07-23T18:00:00,a92bb3e34b5f6211c5354991a4bf1166,1,5.85,0
2026-06-25T18:00:00,2026-07-23T18:00:00,a954d3762ff0ffa040277ba271efe95a,1,164.22,14
2026-06-25T18:00:00,2026-07-23T18:00:00,a9885484aee23cb252e7a65f30d2ff53,1,6.43,0
2026-06-25T18:00:00,2026-07-23T18:00:00,a9b2e289e1a342933ea5602ca0fe5a0e,1,2.03,0
2026-06-25T18:00:00,2026-07-23T18:00:00,aa240f438aea08868f30b16d6fa1501f,1,283.32,27
2026-06-25T18:00:00,2026-07-23T18:00:00,aa3781dd97029683c963e2d9f47e8be2,1,107.98,10
2026-06-25T18:00:00,2026-07-23T18:00:00,aa81234fb6edb4417065c62fee5e1369,1,0.97,0
2026-06-25T18:00:00,2026-07-23T18:00:00,ab309a017c5ef57e09eb0fd682d10fc2,1,28.85,2
2026-06-25T18:00:00,2026-07-23T18:00:00,ab7f13a1cf62c9e5302e6a93f168f2b2,1,440.17,41
2026-06-25T18:00:00,2026-07-23T18:00:00,ab8f828beac9a4beaef98defdb7c91c8,1,57.87,5
2026-06-25T18:00:00,2026-07-23T18:00:00,ad9ffb2c422726a37c0797ecb7134a87,1,14.25,1
2026-06-25T18:00:00,2026-07-23T18:00:00,aef3b2aa81c508d8b20cd9b6807c3384,1,0.18,0
2026-06-25T18:00:00,2026-07-23T18:00:00,af0a193f8c8d2b2bed24ca811cb3a029,1,26.12,1
2026-06-25T18:00:00,2026-07-23T18:00:00,b0222244e7ab3f9056e89c5af0c6b91e,1,50.73,4
2026-06-25T18:00:00,2026-07-23T18:00:00,b08c5fbd2cf1162fba98efe628b6b084,1,2.82,0
2026-06-25T18:00:00,2026-07-23T18:00:00,b0c51c763c9b2fa3b33eaf87d8214614,1,13.03,1
2026-06-25T18:00:00,2026-07-23T18:00:00,b124bdaddb606ea47c2cd71a5bc230ef,1,1017.03,75
2026-06-25T18:00:00,2026-07-23T18:00:00,b17ec0853ccae449661de4c07c6ee342,1,141.22,11
2026-06-25T18:00:00,2026-07-23T18:00:00,b1b8677217659148266587639ebadd3e,1,0.23,0
2026-06-25T18:00:00,2026-07-23T18:00:00,b237370f525121a102daff2857d21706,1,14.20,1
2026-06-25T18:00:00,2026-07-23T18:00:00,b275d8cd40c07426f51023448ea67e51,1,36.35,2
2026-06-25T18:00:00,2026-07-23T18:00:00,b2b18ef8744c214b603de10d2958f2a1,1,2296.62,123
2026-06-25T18:00:00,2026-07-23T18:00:00,b2f1a5f6b20112b8c1c485de876c9bef,1,16.30,1
2026-06-25T18:00:00,2026-07-23T18:00:00,b33a22b406bd31fb83faf979601be41c,1,1.48,0
2026-06-25T18:00:00,2026-07-23T18:00:00,b33fb22a7e4ee0c6d7ba72160248627c,1,328.35,29
2026-06-25T18:00:00,2026-07-23T18:00:00,b3c456e4e172add9fff2fa1cda3ff736,1,610.85,51
2026-06-25T18:00:00,2026-07-23T18:00:00,b4193b58fe4c3e5e4f3216d2272e51c6,1,30.97,3
2026-06-25T18:00:00,2026-07-23T18:00:00,b525068776fa0e002d34cfc077bfe2b9,1,1.58,0
2026-06-25T18:00:00,2026-07-23T18:00:00,b64de1de62a02996ed8417db341de354,1,1.22,0
2026-06-25T18:00:00,2026-07-23T18:00:00,b70c27b8f353276684ba9b35c776bfe7,1,34.45,2
2026-06-25T18:00:00,2026-07-23T18:00:00,b775e624ad9dc6ea743fba9fb269d164,1,0.18,0
2026-06-25T18:00:00,2026-07-23T18:00:00,b823d3a2e260dff8342abbb49c652e9d,1,27.38,2
2026-06-25T18:00:00,2026-07-23T18:00:00,b843dfa96ccc07a524f65b43bc1cbcd6,1,2.73,0
2026-06-25T18:00:00,2026-07-23T18:00:00,b903f3a85817ee8f5828572173da0b18,1,24.22,2
2026-06-25T18:00:00,2026-07-23T18:00:00,b94f8becb7437da1f6852403ad6ae7ea,1,10.25,1
2026-06-25T18:00:00,2026-07-23T18:00:00,b9827039995de78301930f3350c24356,1,3.83,0
2026-06-25T18:00:00,2026-07-23T18:00:00,bacd092718717b4eb1784c718205bb4f,1,40.15,3
2026-06-25T18:00:00,2026-07-23T18:00:00,baeb1f17f6665a2c968e02d7aaa91637,1,62.82,6
2026-06-25T18:00:00,2026-07-23T18:00:00,bb32a38c0a92f93c94a8562b487b2edd,1,0.03,0
2026-06-25T18:00:00,2026-07-23T18:00:00,bb36ca66b82c2e4806f99ef388691c6b,1,48.27,4
2026-06-25T18:00:00,2026-07-23T18:00:00,bb529dc809483151707ffac6197f7ad3,1,264.95,18
2026-06-25T18:00:00,2026-07-23T18:00:00,bca959333aa36131f0cfb1c5fdb09c22,1,27.32,2
2026-06-25T18:00:00,2026-07-23T18:00:00,bd1d9108bc551d2129326c9caa53cbf5,1,52.58,5
2026-06-25T18:00:00,2026-07-23T18:00:00,bd49463957ef43834e864ad5ce76f7f7,1,1708.05,105
2026-06-25T18:00:00,2026-07-23T18:00:00,bd76e6d12956dfbe528ee3b797c61416,1,2374.43,122
2026-06-25T18:00:00,2026-07-23T18:00:00,bef266cad1a50ba0e7b2e4c87f57329c,1,0.68,0
2026-06-25T18:00:00,2026-07-23T18:00:00,bfde1f1c169e13a28354d1093ec10614,1,487.08,33
2026-06-25T18:00:00,2026-07-23T18:00:00,bfe1b27ce043ff11dd39aa5b631ff880,1,10.05,1
2026-06-25T18:00:00,2026-07-23T18:00:00,c0511ed8e067ba4e9ea4e09ba50ea392,1,0.23,0
2026-06-25T18:00:00,2026-07-23T18:00:00,c05fcfc4049c5fb3076486c4460ae165,1,14.00,1
2026-06-25T18:00:00,2026-07-23T18:00:00,c093c916118b15ff7697c822803623de,1,31.73,3
2026-06-25T18:00:00,2026-07-23T18:00:00,c0edabd2fa050ccd8d6af04205fcca20,1,1151.62,77
2026-06-25T18:00:00,2026-07-23T18:00:00,c19e0a7f968c91e69120b5ec9c5c7083,1,17.17,1
2026-06-25T18:00:00,2026-07-23T18:00:00,c1a08e53ac92bcbbd4d2553357225f8b,1,20.10,2
2026-06-25T18:00:00,2026-07-23T18:00:00,c1d7197391140a15fbce153f61b2c045,1,9.08,0
2026-06-25T18:00:00,2026-07-23T18:00:00,c230bffb53ac1d749b39f0787d73280f,1,261.62,18
2026-06-25T18:00:00,2026-07-23T18:00:00,c2ae2ed247b0edbdcc741523e3df9919,1,13.07,0
2026-06-25T18:00:00,2026-07-23T18:00:00,c2dfa68180503c4ed5bb618057262cd2,1,0.57,0
2026-06-25T18:00:00,2026-07-23T18:00:00,c2feddc26463c652b9dcefbd94908617,1,139.55,13
2026-06-25T18:00:00,2026-07-23T18:00:00,c4599ad426b7c9f598671f476df15a35,1,7.00,0
2026-06-25T18:00:00,2026-07-23T18:00:00,c4af8252950ae8983a82e4031fd6de76,1,2.03,0
2026-06-25T18:00:00,2026-07-23T18:00:00,c5540e05e77013b14019843df37e87a2,1,14.93,1
2026-06-25T18:00:00,2026-07-23T18:00:00,c5abcd979f9cbd5b7ee18006f1fec262,1,16.05,1
2026-06-25T18:00:00,2026-07-23T18:00:00,c61913da3a000d6b185f442d82d2c038,1,6.67,0
2026-06-25T18:00:00,2026-07-23T18:00:00,c6d19087fd62ffdf6534b5d6e7fb4b49,1,0.23,0
2026-06-25T18:00:00,2026-07-23T18:00:00,c70963bd9ae9d270dbaed4a788e67fdd,1,80.32,8
2026-06-25T18:00:00,2026-07-23T18:00:00,c773862db49fb9d55ed1bbd54da4fb95,1,6.67,0
2026-06-25T18:00:00,2026-07-23T18:00:00,c7b4163d53efaa5717dbf0c410ebc106,1,159.62,13
2026-06-25T18:00:00,2026-07-23T18:00:00,c837d3c836938bc12bdb508ffa1f7c2c,1,8.30,0
2026-06-25T18:00:00,2026-07-23T18:00:00,c8bf9c2d56fb7518b2c5e93c1bb8566d,1,79.32,7
2026-06-25T18:00:00,2026-07-23T18:00:00,c93220272f28380621302789472749aa,1,173.38,16
2026-06-25T18:00:00,2026-07-23T18:00:00,c982ba2fb6cb618d3c7122e994722122,1,5.18,0
2026-06-25T18:00:00,2026-07-23T18:00:00,ca2dde13ce42a3060af5b66b5fe1c003,1,997.27,73
2026-06-25T18:00:00,2026-07-23T18:00:00,ca520e5d72e4fc80210fce3205114906,1,10.82,1
2026-06-25T18:00:00,2026-07-23T18:00:00,cb12139456c78bf0badf0776471ee415,1,29.47,2
2026-06-25T18:00:00,2026-07-23T18:00:00,cb2e7105d4125fadfa8d17ee59c10c42,1,152.87,14
2026-06-25T18:00:00,2026-07-23T18:00:00,cc34a16620c8e297f54c8d3deab1529a,1,502.00,41
2026-06-25T18:00:00,2026-07-23T18:00:00,cc78a408fd2280eca83bf6e7581e2fd7,1,4.58,0
2026-06-25T18:00:00,2026-07-23T18:00:00,cc90dd7bd2c1f790b6d2d443274e7fef,1,19.27,0
2026-06-25T18:00:00,2026-07-23T18:00:00,cc9202c592270e22bccd9f0a69d60581,1,21.15,2
2026-06-25T18:00:00,2026-07-23T18:00:00,cca61339ee23cb18446f61876fe3f3bf,1,0.35,0
2026-06-25T18:00:00,2026-07-23T18:00:00,cd2ea220cc6767f86595e74cd4151f18,1,191.35,18
2026-06-25T18:00:00,2026-07-23T18:00:00,cd76791a335a86df691d57abcbd57283,1,30.97,3
2026-06-25T18:00:00,2026-07-23T18:00:00,cd7f8a97f1af1dcd8d640a4189f4a5ab,1,334.97,27
2026-06-25T18:00:00,2026-07-23T18:00:00,cdf04f076cac5c288ea189af2b2f3594,1,141.22,12
2026-06-25T18:00:00,2026-07-23T18:00:00,ce51666f0da9ecfdfc88c34eb0cfef5f,1,265.25,24
2026-06-25T18:00:00,2026-07-23T18:00:00,ce8d8015a4a06835cbd60eaf71f7cc3a,1,2.45,0
2026-06-25T18:00:00,2026-07-23T18:00:00,cf1f81dc9b02dfaf64c77bb522c406f3,1,12.95,1
2026-06-25T18:00:00,2026-07-23T18:00:00,cf3e43047f8912354716805697b851cc,1,0.08,0
2026-06-25T18:00:00,2026-07-23T18:00:00,cf5f8ad39d34b44896055b90eb13478e,1,139.58,13
2026-06-25T18:00:00,2026-07-23T18:00:00,cf70ad56e9fa20af7c7740ef32c14c4b,1,4.80,0
2026-06-25T18:00:00,2026-07-23T18:00:00,d07958c11ad17564ccc78daec1a20c92,1,2.35,0
2026-06-25T18:00:00,2026-07-23T18:00:00,d0ecd2d4f034713fb8891efddd4b2b06,1,73.68,7
2026-06-25T18:00:00,2026-07-23T18:00:00,d1583f4d658054089c4060679ab59c32,1,0.05,0
2026-06-25T18:00:00,2026-07-23T18:00:00,d1aa031c0d81ee2cb43a8b54e1d0b286,1,34.57,3
2026-06-25T18:00:00,2026-07-23T18:00:00,d1e9187765a9a9313745697eda8571d6,1,209.28,20
2026-06-25T18:00:00,2026-07-23T18:00:00,d22d15064662f92f12035467f7d3ab67,1,0.40,0
2026-06-25T18:00:00,2026-07-23T18:00:00,d34bba7dc4428ee7db83c2da8573e335,1,6.75,0
2026-06-25T18:00:00,2026-07-23T18:00:00,d48799f970e6147ab4d02a31d554ff8d,1,529.92,49
2026-06-25T18:00:00,2026-07-23T18:00:00,d52c404989b969646faefcb6484d30f4,1,41.35,4
2026-06-25T18:00:00,2026-07-23T18:00:00,d557db4023168e33cfa0b8b9ac2997d9,1,6.98,0
2026-06-25T18:00:00,2026-07-23T18:00:00,d5c0f3d155bc184efd91bf30d38cc9b4,1,93.85,8
2026-06-25T18:00:00,2026-07-23T18:00:00,d5fcb8e365116e4cda5228c60b9ce57f,1,32.38,3
2026-06-25T18:00:00,2026-07-23T18:00:00,d68e3882c933e48b9bafca4f0073aef4,1,0.58,0
2026-06-25T18:00:00,2026-07-23T18:00:00,d79850f275a37cfe918e6e62064e2240,1,94.38,9
2026-06-25T18:00:00,2026-07-23T18:00:00,d8f2e36c5565a6764a958fac81958798,1,30.70,1
2026-06-25T18:00:00,2026-07-23T18:00:00,d958891da5ad9d9f68215e24b0833cdc,1,9.95,0
2026-06-25T18:00:00,2026-07-23T18:00:00,da1055539c715dfe4430de43d22c2027,1,17.60,1
2026-06-25T18:00:00,2026-07-23T18:00:00,da40c0de2563da1d81e58de216bfd4f4,1,21.32,1
2026-06-25T18:00:00,2026-07-23T18:00:00,da4f415e4ad4f349f5c311617cf584c8,1,50.62,5
2026-06-25T18:00:00,2026-07-23T18:00:00,daaf8212b83e836120bff13f9be76348,1,25.62,2
2026-06-25T18:00:00,2026-07-23T18:00:00,db6b093693e17ccc0b3e35903749faa4,1,378.78,35
2026-06-25T18:00:00,2026-07-23T18:00:00,db8e4ab5b03c02b96e98c6d4954b23cb,1,8.67,0
2026-06-25T18:00:00,2026-07-23T18:00:00,dc71191b18ae1cbf8a4b685dfe6d6978,1,28.15,2
2026-06-25T18:00:00,2026-07-23T18:00:00,dd0a87407ba38c9895cf486dbb4ba611,1,81.00,7
2026-06-25T18:00:00,2026-07-23T18:00:00,dd79e85f244f55a94e92d1dfb99409fc,1,2.83,0
2026-06-25T18:00:00,2026-07-23T18:00:00,dd896ef87aa23a47681e7059f4236732,1,89.37,8
2026-06-25T18:00:00,2026-07-23T18:00:00,ded123441a85b9f4ba494b6409d96a5d,1,88.87,8
2026-06-25T18:00:00,2026-07-23T18:00:00,dee6a19d69ad7eaccc3d58b7319f81bb,1,22.30,2
2026-06-25T18:00:00,2026-07-23T18:00:00,df3d8345273548cfa21ce1b62d340eaf,1,78.12,7
2026-06-25T18:00:00,2026-07-23T18:00:00,dfa234579d939c80155f87bdfc44502d,1,64.40,5
2026-06-25T18:00:00,2026-07-23T18:00:00,e0087e959a0aba6a92772e44a2defb21,1,67.98,6
2026-06-25T18:00:00,2026-07-23T18:00:00,e036493692288af3173af7d8d4a69cf2,1,0.37,0
2026-06-25T18:00:00,2026-07-23T18:00:00,e0c1e0914a8cf1d9d3f1c9c09d4a3d54,1,403.65,37
2026-06-25T18:00:00,2026-07-23T18:00:00,e0c4dfd6a75b791bf84efa9d5b878d02,1,1390.12,97
2026-06-25T18:00:00,2026-07-23T18:00:00,e0cda5b8f7dc67e792d1caf9c1fbf00f,1,504.62,47
2026-06-25T18:00:00,2026-07-23T18:00:00,e102c54dd9a72dbde6b9d0923bacd2c7,1,64.42,6
2026-06-25T18:00:00,2026-07-23T18:00:00,e1dbeb78e1866a9b70fc50a9bef5638b,1,0.30,0
2026-06-25T18:00:00,2026-07-23T18:00:00,e27600d00c80fbda6c25b100000b9e2a,1,189.20,17
2026-06-25T18:00:00,2026-07-23T18:00:00,e2bfed5696d537ed3fe592de18c39886,1,297.83,28
2026-06-25T18:00:00,2026-07-23T18:00:00,e33d546be01fbbe3e5ad8ef3d17be679,1,6.53,0
2026-06-25T18:00:00,2026-07-23T18:00:00,e3b103a0a4c5bb19c6d196e72fcd0a92,1,16.93,1
2026-06-25T18:00:00,2026-07-23T18:00:00,e3ff5ef14240011dd8f48dd9f2dc41b9,1,3.12,0
2026-06-25T18:00:00,2026-07-23T18:00:00,e421e60bf775c9c7cb84172d378d56e3,1,27.50,2
2026-06-25T18:00:00,2026-07-23T18:00:00,e5b9d02bb318829dbd8c1830d4b0ccc6,1,60.98,6
2026-06-25T18:00:00,2026-07-23T18:00:00,e6249de5a384cdf7b872a2b16fe99253,1,16.53,1
2026-06-25T18:00:00,2026-07-23T18:00:00,e6d9e30e67f99f4aa7fdaeba57da7d1b,1,18.75,1
2026-06-25T18:00:00,2026-07-23T18:00:00,e71323a459b3f5144090acf3bf079a02,1,0.28,0
2026-06-25T18:00:00,2026-07-23T18:00:00,e7567a9fb18fddf13b2a1b3b55ea5d6e,1,381.80,31
2026-06-25T18:00:00,2026-07-23T18:00:00,e7b7b3b3ed0849d307a7a7b23dbfd8f1,1,14.97,1
2026-06-25T18:00:00,2026-07-23T18:00:00,e7cc899c9ac72f7e2a4b4db6a30c9df2,1,287.75,28
2026-06-25T18:00:00,2026-07-23T18:00:00,e8e06368373ae31a4430597f94529844,1,265.73,18
2026-06-25T18:00:00,2026-07-23T18:00:00,e9aa908637a3507aa84054812d03189f,1,12.25,1
2026-06-25T18:00:00,2026-07-23T18:00:00,ea89792e7dbcf33e96dd5caff3064c05,1,423.27,39
2026-06-25T18:00:00,2026-07-23T18:00:00,ebd19348a184ba95f489c0a8506e1fd5,1,19.95,1
2026-06-25T18:00:00,2026-07-23T18:00:00,ebea5d9b11474f5e6039e8db296e7261,1,8.43,0
2026-06-25T18:00:00,2026-07-23T18:00:00,ecc970f6cf08dcb0f2c15a05360e831e,1,1.42,0
2026-06-25T18:00:00,2026-07-23T18:00:00,ed2abd045ade51fc472a243317519515,1,1.33,0
2026-06-25T18:00:00,2026-07-23T18:00:00,ed647a1fb4c3c3f797985832b62823dc,1,18.57,1
2026-06-25T18:00:00,2026-07-23T18:00:00,edd080072317ba00d96b50457dec4250,1,66.68,6
2026-06-25T18:00:00,2026-07-23T18:00:00,ef7e2da179d0ff495a76ab093ff5d722,1,502.97,42
2026-06-25T18:00:00,2026-07-23T18:00:00,efc299611e6f0a07cfa8b4b27f01566b,1,37.23,3
2026-06-25T18:00:00,2026-07-23T18:00:00,f0cd2e015f9feab2be7755b553564d7c,1,3.13,0
2026-06-25T18:00:00,2026-07-23T18:00:00,f10b475f87d10e5dd9155d5311cb6ee5,1,89.75,8
2026-06-25T18:00:00,2026-07-23T18:00:00,f1275997f4079ad91733eb956fd70895,1,479.27,29
2026-06-25T18:00:00,2026-07-23T18:00:00,f14b231f35f35124c704a181a0f3d55e,1,26.05,2
2026-06-25T18:00:00,2026-07-23T18:00:00,f16f917edcf55701202e701619f9b7b1,1,13.00,1
2026-06-25T18:00:00,2026-07-23T18:00:00,f1906b9f385ae14d028ecbff404bbdcb,1,0.58,0
2026-06-25T18:00:00,2026-07-23T18:00:00,f297ba060fa730527f0bd0e6758c66a1,1,3.08,0
2026-06-25T18:00:00,2026-07-23T18:00:00,f2dc535240bc3c82299ce63a74370b61,1,0.43,0
2026-06-25T18:00:00,2026-07-23T18:00:00,f3c3751a38910e274ff7d34cd242797d,1,1.30,0
2026-06-25T18:00:00,2026-07-23T18:00:00,f3da978d4649f3f3ec3887bf6f7dfabf,1,2.92,0
2026-06-25T18:00:00,2026-07-23T18:00:00,f50667d38d17fe297fdfff1791030efe,1,649.17,59
2026-06-25T18:00:00,2026-07-23T18:00:00,f523180ab0d2e53cb86733e81b9015b0,1,16.43,1
2026-06-25T18:00:00,2026-07-23T18:00:00,f53d74aacf050cf36baa29d871e51a1c,1,0.47,0
2026-06-25T18:00:00,2026-07-23T18:00:00,f6c16f4523eda7b38bc948bc24ec9ed1,1,6.42,0
2026-06-25T18:00:00,2026-07-23T18:00:00,f6d721e4d718fa7a58cfbda36469bd95,1,2.27,0
2026-06-25T18:00:00,2026-07-23T18:00:00,f6e1c3f9ea1422e554aa34e977229cce,1,21.07,2
2026-06-25T18:00:00,2026-07-23T18:00:00,f6fc6289850de45b52409df2afb67201,1,66.13,6
2026-06-25T18:00:00,2026-07-23T18:00:00,f7c9f27c353251668a3c2cbc5b8076e6,1,9.97,0
2026-06-25T18:00:00,2026-07-23T18:00:00,f87d0f099d39f0175d2d544ee2b9ecba,1,13.30,0
2026-06-25T18:00:00,2026-07-23T18:00:00,f89b1b27c3a72582b5bdf75e04a06585,1,32.57,3
2026-06-25T18:00:00,2026-07-23T18:00:00,f9e5eb32402588a2a07c800335f7f803,1,0.15,0
2026-06-25T18:00:00,2026-07-23T18:00:00,f9fd10562859f5cce2b27c63e2e941a3,1,2.03,0
2026-06-25T18:00:00,2026-07-23T18:00:00,fa033f29719568fdffaa0b837b32ed79,1,5.57,0
2026-06-25T18:00:00,2026-07-23T18:00:00,fa589c10ce424caf7ad32573795c8d3d,1,0.10,0
2026-06-25T18:00:00,2026-07-23T18:00:00,fbc936161f8825cc4dcb0249f208a792,1,1.45,0
2026-06-25T18:00:00,2026-07-23T18:00:00,fc75af9c913c4f646b3665265b7d947f,1,743.40,65
2026-06-25T18:00:00,2026-07-23T18:00:00,fce355f07e65752c8206b6707bf556ae,1,69.50,6
2026-06-25T18:00:00,2026-07-23T18:00:00,fd017c411b731b39c3f7b9a2d7a29f0d,1,33.78,3
2026-06-25T18:00:00,2026-07-23T18:00:00,fd0cde1ccc5d6ea13308b092dffc6b85,1,234.70,21
2026-06-25T18:00:00,2026-07-23T18:00:00,fe79c79a69a85ea46dec9524663319d3,1,22.27,2
2026-06-25T18:00:00,2026-07-23T18:00:00,fe956ecd204318c98986f513df76ba44,1,35.22,3
2026-06-25T18:00:00,2026-07-23T18:00:00,ff2f9ff77974a468adc907dfa574dad9,1,225.68,21
2026-06-25T18:00:00,2026-07-23T18:00:00,ff78eab45a44dda86e192b4121f49c0f,1,14.62,0
2026-06-25T18:00:00,2026-07-23T18:00:00,ff8358ff94c001dad8328c1f3a6f334e,1,106.37,10
2026-06-25T18:00:00,2026-07-23T18:00:00,0029e96488cf3b2e9980fae1de4984b0,2,53.32,5
2026-06-25T18:00:00,2026-07-23T18:00:00,00dcdf4072584d79f19658aeccdfa24b,2,6.58,0
2026-06-25T18:00:00,2026-07-23T18:00:00,00f1d8952e3f414fc24851655c36be3a,2,0.38,0
2026-06-25T18:00:00,2026-07-23T18:00:00,012cdd54569b0c417a3ea0c2bbdabc4b,2,1.72,0
2026-06-25T18:00:00,2026-07-23T18:00:00,01b41ec4c194cfd003dcaa1fe04d8401,2,103.97,9
2026-06-25T18:00:00,2026-07-23T18:00:00,02940bd14c4917dd338a061d22001154,2,0.07,0
2026-06-25T18:00:00,2026-07-23T18:00:00,02c4a8420678704c8097a08f05c5a33e,2,45.95,4
2026-06-25T18:00:00,2026-07-23T18:00:00,03d76dda74628509649cb129810d5d6b,2,91.90,8
2026-06-25T18:00:00,2026-07-23T18:00:00,03f44c2e15710359163057b43beb2665,2,46.53,4
2026-06-25T18:00:00,2026-07-23T18:00:00,0430646fee46348bd1a69ec6aba1c39c,2,10.82,1
2026-06-25T18:00:00,2026-07-23T18:00:00,04968366ec83bf62ab8a33994428ecd0,2,0.93,0
2026-06-25T18:00:00,2026-07-23T18:00:00,073ccdfc1840f78806cc0817cf48344a,2,39.45,3
2026-06-25T18:00:00,2026-07-23T18:00:00,07404b1875a30e9bf08e3adc42c08a56,2,251.63,23
2026-06-25T18:00:00,2026-07-23T18:00:00,078c7f61a73340dd7ff9557e769b9e0d,2,263.50,20
2026-06-25T18:00:00,2026-07-23T18:00:00,07bb2d11dfe4268f2fb18d23f0c98879,2,17.32,1
2026-06-25T18:00:00,2026-07-23T18:00:00,07c9381419c9223c5439f25947200398,2,0.80,0
2026-06-25T18:00:00,2026-07-23T18:00:00,081d96fabd3f494b948b5a4316c540ce,2,51.60,4
2026-06-25T18:00:00,2026-07-23T18:00:00,08f4924f01750455084b2b35ef2d8aff,2,0.68,0
2026-06-25T18:00:00,2026-07-23T18:00:00,09bd35bfa0fe6523e0acafb45bd4a3df,2,13.55,1
2026-06-25T18:00:00,2026-07-23T18:00:00,0a337b1d78ea90b62282a47f6185a4a9,2,1.75,0
2026-06-25T18:00:00,2026-07-23T18:00:00,0afe660098026931e76becb0423c5bd0,2,68.48,6
2026-06-25T18:00:00,2026-07-23T18:00:00,0b38a5977e0301a3440f32eda0bb1e3b,2,116.87,11
2026-06-25T18:00:00,2026-07-23T18:00:00,0bd89b873b8f42f6ce3bebac45011322,2,102.45,9
2026-06-25T18:00:00,2026-07-23T18:00:00,0bd9e270007b1deceacc22fce3f12b2a,2,32.88,3
2026-06-25T18:00:00,2026-07-23T18:00:00,0bddd415f5f22587099a347bd7f7bf19,2,159.63,14
2026-06-25T18:00:00,2026-07-23T18:00:00,0c594b83f0e521d3f7dcc753650836d6,2,344.60,21
2026-06-25T18:00:00,2026-07-23T18:00:00,0c75fbe9c52e37c1041b7a45432f1005,2,6.82,0
2026-06-25T18:00:00,2026-07-23T18:00:00,0cb0676e709766fe4048fb708d5913d6,2,23.97,2
2026-06-25T18:00:00,2026-07-23T18:00:00,0d286bd6bffcce255ff9ede98326d14f,2,0.30,0
2026-06-25T18:00:00,2026-07-23T18:00:00,0d59711c8e71818773747820d51257d1,2,0.53,0
2026-06-25T18:00:00,2026-07-23T18:00:00,0e05481203f5e46fa3374dbf7f4c52d2,2,28.62,2
2026-06-25T18:00:00,2026-07-23T18:00:00,0e31c259a97f7808b34acc70a9b8ce1f,2,11.48,1
2026-06-25T18:00:00,2026-07-23T18:00:00,0e54d9a497ba8a6a10583e11276ed76e,2,191.03,18
2026-06-25T18:00:00,2026-07-23T18:00:00,0fab70fc21cb0061eba7f02670268b1a,2,408.20,22
2026-06-25T18:00:00,2026-07-23T18:00:00,1087833ea69a74856c5530bc04c81d0d,2,810.72,58
2026-06-25T18:00:00,2026-07-23T18:00:00,10baa314cfb5ff4ce1e30ee00d23c2cf,2,76.30,7
2026-06-25T18:00:00,2026-07-23T18:00:00,1176acc5482240910424a133e39c204c,2,90.85,8
2026-06-25T18:00:00,2026-07-23T18:00:00,11885e8f84b562a03fcc0319745d5b74,2,14.37,1
2026-06-25T18:00:00,2026-07-23T18:00:00,12ea9ba9eb0f86206037e3897b2469ee,2,0.60,0
2026-06-25T18:00:00,2026-07-23T18:00:00,1336f9e63e6aef82f356abdf63a8eedd,2,0.65,0
2026-06-25T18:00:00,2026-07-23T18:00:00,14a22b9126fadb4896bc96a70894f761,2,234.92,18
2026-06-25T18:00:00,2026-07-23T18:00:00,1a0f5ab4205d3a24d19ae39b4ba3519f,2,166.47,16
2026-06-25T18:00:00,2026-07-23T18:00:00,1b4acbc74c40b8ed27220513d19099c6,2,1.77,0
2026-06-25T18:00:00,2026-07-23T18:00:00,1bec979fe0256839cc23d2c6a81a91e2,2,86.37,8
2026-06-25T18:00:00,2026-07-23T18:00:00,1bf647e07168fec3edc20773f5063d00,2,619.07,25
2026-06-25T18:00:00,2026-07-23T18:00:00,1cda40aaa72924780356bce64e66987c,2,9.17,0
2026-06-25T18:00:00,2026-07-23T18:00:00,1dc3d82d2d78f4e41b114cf97a015f5c,2,32.63,3
2026-06-25T18:00:00,2026-07-23T18:00:00,1e0a1d49f33b328548ab2f60426c7228,2,304.65,18
2026-06-25T18:00:00,2026-07-23T18:00:00,1e2f20a9ba2957e64f1aca8216750ffa,2,37.52,2
2026-06-25T18:00:00,2026-07-23T18:00:00,1e82c88abde5c641f6c4b089aa1bf629,2,4.30,0
2026-06-25T18:00:00,2026-07-23T18:00:00,1ea0f2fa2bfad05e922b2ddf4350461d,2,8.10,0
2026-06-25T18:00:00,2026-07-23T18:00:00,1ebfb485071aa8406195d825d6402455,2,44.50,4
2026-06-25T18:00:00,2026-07-23T18:00:00,1f163fafa570f97382edcd2c8fac12f0,2,155.08,14
2026-06-25T18:00:00,2026-07-23T18:00:00,21022547686ba7f76fb67ef1fd83bac2,2,2.38,0
2026-06-25T18:00:00,2026-07-23T18:00:00,2156adc854474d5d0d3ecd5b1bab0117,2,24.93,2
2026-06-25T18:00:00,2026-07-23T18:00:00,217ba2ff140eed78e97af092c48cdb56,2,0.62,0
2026-06-25T18:00:00,2026-07-23T18:00:00,21ca2aaf7ab1a72a70030f9e52abe9c7,2,121.78,12
2026-06-25T18:00:00,2026-07-23T18:00:00,2354baea97f7eb7bff99d0910b4a312c,2,1.48,0
2026-06-25T18:00:00,2026-07-23T18:00:00,23d527defa6d8dc04d93535868148dd9,2,1.43,0
2026-06-25T18:00:00,2026-07-23T18:00:00,24e96aeb75c2a0ee13ca7a5b3e895fcf,2,255.25,24
2026-06-25T18:00:00,2026-07-23T18:00:00,24f3651474c9b141693f8bd51b3f5c08,2,53.07,5
2026-06-25T18:00:00,2026-07-23T18:00:00,253e7104072a2388ef172fb75761501c,2,6.45,0
2026-06-25T18:00:00,2026-07-23T18:00:00,26dd4b8c77bbb8e20e186f324bdbddc6,2,54.87,4
2026-06-25T18:00:00,2026-07-23T18:00:00,27afa92aab47fc3c141dc9ab9c7a382e,2,139.62,13
2026-06-25T18:00:00,2026-07-23T18:00:00,27bfe52bd0853bd3f11092007677bfb9,2,12.12,1
2026-06-25T18:00:00,2026-07-23T18:00:00,280b6752c408085707a707f5a47c09c2,2,132.85,12
2026-06-25T18:00:00,2026-07-23T18:00:00,28db46031e46cbc492b96d5341bdcdfa,2,6.72,0
2026-06-25T18:00:00,2026-07-23T18:00:00,29084122d4ce1458f61b25f9cb90eaea,2,0.62,0
2026-06-25T18:00:00,2026-07-23T18:00:00,29dc38c6029158c44cbe0b7eeecb11f7,2,0.03,0
2026-06-25T18:00:00,2026-07-23T18:00:00,29fb8faa0832782b569806cda13c5992,2,8.82,0
2026-06-25T18:00:00,2026-07-23T18:00:00,2a10107e17cfe0f510c442f4e3852c3c,2,42.82,4
2026-06-25T18:00:00,2026-07-23T18:00:00,2a1b79c5e21cd569c2cbdef2e48cc9df,2,0.73,0
2026-06-25T18:00:00,2026-07-23T18:00:00,2a269ca093092fc92d0419d0ea3e2821,2,29.20,2
2026-06-25T18:00:00,2026-07-23T18:00:00,2a8f610c8c47e80604c31a390ee0b989,2,123.52,12
2026-06-25T18:00:00,2026-07-23T18:00:00,2a9115e9a1d92285d3bb073976310dbe,2,0.83,0
2026-06-25T18:00:00,2026-07-23T18:00:00,2ae2e4cfd042299d0dda5cbd63af78d9,2,68.75,6
2026-06-25T18:00:00,2026-07-23T18:00:00,2c62d6bf01dd7f9838ab63a2646817a2,2,7.52,0
2026-06-25T18:00:00,2026-07-23T18:00:00,2c75b467d9ee282ac1e17508d1d77f12,2,1.88,0
2026-06-25T18:00:00,2026-07-23T18:00:00,2c84151b8212eb532d459d5511d3bf87,2,2.47,0
2026-06-25T18:00:00,2026-07-23T18:00:00,2df38b9cb60ba36544dea0089d80b0ca,2,703.17,63
2026-06-25T18:00:00,2026-07-23T18:00:00,2f053772110a726f222f1ced77ab37a3,2,73.67,7
2026-06-25T18:00:00,2026-07-23T18:00:00,2f99f8058f1030ccb971082423a64c86,2,11.63,0
2026-06-25T18:00:00,2026-07-23T18:00:00,2fe39e766468a7cfadecc4b2efd482d8,2,15.28,1
2026-06-25T18:00:00,2026-07-23T18:00:00,318a1fa0531eff6a26fa4f71f2064ff3,2,6.18,0
2026-06-25T18:00:00,2026-07-23T18:00:00,32e349a28e497a6b9e84c389a99310ae,2,441.42,41
2026-06-25T18:00:00,2026-07-23T18:00:00,35225da0f2d10668dc9bee55eee19e6e,2,94.07,8
2026-06-25T18:00:00,2026-07-23T18:00:00,36088d4d3c4277630580660050b83d99,2,119.50,11
2026-06-25T18:00:00,2026-07-23T18:00:00,365d96cb80ae491cfa4c955120fe5cc7,2,334.67,32
2026-06-25T18:00:00,2026-07-23T18:00:00,366fd890547ee7cb70bca6397daba3dc,2,26.63,2
2026-06-25T18:00:00,2026-07-23T18:00:00,37083d18e202a6f37d6c02a2c4d46f36,2,1.38,0
2026-06-25T18:00:00,2026-07-23T18:00:00,380334a8bb469044acd774ffb0213874,2,25.25,2
2026-06-25T18:00:00,2026-07-23T18:00:00,38169d01f3f7cef196676bbb2d1050d4,2,0.37,0
2026-06-25T18:00:00,2026-07-23T18:00:00,3931f26e65a436066364c1448f73f37e,2,0.50,0
2026-06-25T18:00:00,2026-07-23T18:00:00,3965a17251852f6aeb30a09fbd559cdc,2,361.63,35
2026-06-25T18:00:00,2026-07-23T18:00:00,3a409eac9ec1329c15a6afcd86ef8306,2,1.45,0
2026-06-25T18:00:00,2026-07-23T18:00:00,3c7f5aca9eaac7550198f04bf5408798,2,240.63,22
2026-06-25T18:00:00,2026-07-23T18:00:00,3d22b583832aa401604bb4056269b68e,2,4.55,0
2026-06-25T18:00:00,2026-07-23T18:00:00,3dbf162f28cbd26bf8efb1e66ebf97cf,2,6.52,0
2026-06-25T18:00:00,2026-07-23T18:00:00,3fe3516a43591765c0833668919f0240,2,786.62,38
2026-06-25T18:00:00,2026-07-23T18:00:00,41e0108e2b28245351b1b520add168f3,2,0.90,0
2026-06-25T18:00:00,2026-07-23T18:00:00,428397c26fe7a8afbabdfd149768ef26,2,20.05,2
2026-06-25T18:00:00,2026-07-23T18:00:00,432879613d1e026d172040a914c74137,2,140.77,11
2026-06-25T18:00:00,2026-07-23T18:00:00,4342e5c35c79dc034d007a72c481da48,2,94.45,9
2026-06-25T18:00:00,2026-07-23T18:00:00,43a4161dc782156d0531e552eef82bd8,2,2.57,0
2026-06-25T18:00:00,2026-07-23T18:00:00,456d187a1d7621d42511d44ee8b8bf95,2,155.13,13
2026-06-25T18:00:00,2026-07-23T18:00:00,469c2d2baf1adccd99f3b70602cb6a8b,2,21.50,2
2026-06-25T18:00:00,2026-07-23T18:00:00,4734dde8c9c55f313b0f3975fdbc18b9,2,0.72,0
2026-06-25T18:00:00,2026-07-23T18:00:00,475aa79097a440fc3ee0310c4def68c6,2,2.30,0
2026-06-25T18:00:00,2026-07-23T18:00:00,48dbe87614d3fcfb349b7f7fdde475f0,2,183.50,18
2026-06-25T18:00:00,2026-07-23T18:00:00,48e623e83265373659a60e9fa165ef71,2,4.32,0
2026-06-25T18:00:00,2026-07-23T18:00:00,493c428739d1f074a42f02a7f57cbfe7,2,473.23,43
2026-06-25T18:00:00,2026-07-23T18:00:00,498956c778550aa09d1f62bf25a09b9c,2,633.92,57
2026-06-25T18:00:00,2026-07-23T18:00:00,49b7848add8ea50f5a82070d07e7d1cf,2,3.07,0
2026-06-25T18:00:00,2026-07-23T18:00:00,4a4c43e34f5c8cb1183fb3f637c975aa,2,1.93,0
2026-06-25T18:00:00,2026-07-23T18:00:00,4ade6fde83dea380dda7bbf959af94f4,2,147.12,14
2026-06-25T18:00:00,2026-07-23T18:00:00,4ae4a2848881bf826d47116a3d900df1,2,0.88,0
2026-06-25T18:00:00,2026-07-23T18:00:00,4b662fbe18ed65dfa12f0c87f271ceea,2,84.35,7
2026-06-25T18:00:00,2026-07-23T18:00:00,4bdccd4617ec69a287d4b5759dff9196,2,100.47,8
2026-06-25T18:00:00,2026-07-23T18:00:00,4c5e0c902dce82aed3a77c1f434a710c,2,708.98,61
2026-06-25T18:00:00,2026-07-23T18:00:00,4d38c52bfc5843cdf142c9e44e1080d7,2,82.10,7
2026-06-25T18:00:00,2026-07-23T18:00:00,4e100be5060f9d5b6669a7e5fb30753d,2,12.85,1
2026-06-25T18:00:00,2026-07-23T18:00:00,4f68bdf621864b9fe92855cba1123d74,2,11.20,0
2026-06-25T18:00:00,2026-07-23T18:00:00,4f732d54e1a653fe5f425960b5410883,2,331.55,31
2026-06-25T18:00:00,2026-07-23T18:00:00,500c337820e9ecb8a1dc5cfaa5014348,2,0.10,0
2026-06-25T18:00:00,2026-07-23T18:00:00,503890b592c26d1be0ddc21b30bc7e44,2,110.27,11
2026-06-25T18:00:00,2026-07-23T18:00:00,505c6bb8154210a98a9db612e221ae1d,2,0.92,0
2026-06-25T18:00:00,2026-07-23T18:00:00,514fef3b0d07cc9a65bd6510a3df2827,2,196.90,19
2026-06-25T18:00:00,2026-07-23T18:00:00,516020d9fb62ebc849ab346c0eb64676,2,1.57,0
2026-06-25T18:00:00,2026-07-23T18:00:00,518e94c27cfafa31f4b8d8c9346e4a48,2,636.43,59
2026-06-25T18:00:00,2026-07-23T18:00:00,5225aff78406cf5ce82f566ec3c3177f,2,220.80,20
2026-06-25T18:00:00,2026-07-23T18:00:00,522d4bf96ca7faeb34d65efadd9a4731,2,110.20,11
2026-06-25T18:00:00,2026-07-23T18:00:00,526cfba0d1305aed2ff7ac2efd2dcede,2,13.18,1
2026-06-25T18:00:00,2026-07-23T18:00:00,543b81fa54ccf9291716f0b43542f740,2,0.03,0
2026-06-25T18:00:00,2026-07-23T18:00:00,54d535e7c7a92b14e153e37d4958dd6d,2,102.68,10
2026-06-25T18:00:00,2026-07-23T18:00:00,5569ecf244aa67e0dc81e222746b52d2,2,201.02,19
2026-06-25T18:00:00,2026-07-23T18:00:00,56df75079bb7c6abefae882e8fcbac6f,2,0.97,0
2026-06-25T18:00:00,2026-07-23T18:00:00,57d1e8e27caa1d2e3a2c2e5d39c2bfcd,2,478.75,45
2026-06-25T18:00:00,2026-07-23T18:00:00,57ed9820ab040cf72ded81e5a2857d6c,2,27.33,2
2026-06-25T18:00:00,2026-07-23T18:00:00,59c024bcb5331795f03a9d5e3cc0a7bc,2,0.07,0
2026-06-25T18:00:00,2026-07-23T18:00:00,5af4686b8784a8aecc040909a36f47da,2,81.90,8
2026-06-25T18:00:00,2026-07-23T18:00:00,5afa8cc5ae2b9fac84c9ec6d790044bd,2,0.15,0
2026-06-25T18:00:00,2026-07-23T18:00:00,5b7be3a46fc9a49f0fbf1a4c196515c4,2,4.25,0
2026-06-25T18:00:00,2026-07-23T18:00:00,5bcb922a90543435e24f7d58fae97faa,2,7.72,0
2026-06-25T18:00:00,2026-07-23T18:00:00,5c0089a8eefde425599888ee10a4d6b2,2,90.50,7
2026-06-25T18:00:00,2026-07-23T18:00:00,5d3ba15ac9e7226e40582ec52a4c5775,2,452.53,42
2026-06-25T18:00:00,2026-07-23T18:00:00,5db08b12833d45a3f7cc3636703dc388,2,8.93,0
2026-06-25T18:00:00,2026-07-23T18:00:00,5e13c7d6b24a72795c74e08a773dc829,2,1.20,0
2026-06-25T18:00:00,2026-07-23T18:00:00,5e5796506314b4d7096c0c5c9ccd6cf9,2,28.72,2
2026-06-25T18:00:00,2026-07-23T18:00:00,5f39311e7c8e2ce29c4c8ebaa53ebbbe,2,49.65,4
2026-06-25T18:00:00,2026-07-23T18:00:00,5f814abcac952e9d60678675aa8d80cd,2,44.53,4
2026-06-25T18:00:00,2026-07-23T18:00:00,5fe6c2a01926531f849c0ba4980a5a47,2,629.45,52
2026-06-25T18:00:00,2026-07-23T18:00:00,6025117ecccd5079c0c4966cf483ef16,2,47.95,4
2026-06-25T18:00:00,2026-07-23T18:00:00,617b0e712c0931a716f00ed3c16ae0d9,2,4.87,0
2026-06-25T18:00:00,2026-07-23T18:00:00,6184af3f8f99f6493af9b5cb001b484a,2,44.73,4
2026-06-25T18:00:00,2026-07-23T18:00:00,61c9730395ee5d44022edf0c02a90105,2,30.47,3
2026-06-25T18:00:00,2026-07-23T18:00:00,6241e35a7ebb09f9d12a32ad01cc832f,2,0.45,0
2026-06-25T18:00:00,2026-07-23T18:00:00,643b510c5556997fe35166d635c569b0,2,19.77,1
2026-06-25T18:00:00,2026-07-23T18:00:00,648164f631d80def0f17e9593fbc1143,2,5.38,0
2026-06-25T18:00:00,2026-07-23T18:00:00,64a8dc9edb89111b47bdfb16125a8107,2,1.63,0
2026-06-25T18:00:00,2026-07-23T18:00:00,64f45b104bb74d3ad2a6d9a46714de7d,2,33.72,2
2026-06-25T18:00:00,2026-07-23T18:00:00,65990b581fe979aedf1cd56de5a36dd8,2,14.25,1
2026-06-25T18:00:00,2026-07-23T18:00:00,65d2d9423af9560bb10b01a63b7c3544,2,148.65,14
2026-06-25T18:00:00,2026-07-23T18:00:00,65fae484d001ce2bae914e355072ef85,2,221.98,21
2026-06-25T18:00:00,2026-07-23T18:00:00,66909955c03d2d36fb10f500cd38c779,2,53.17,5
2026-06-25T18:00:00,2026-07-23T18:00:00,6730570f54988accf3a7cb80958b71b8,2,112.60,11
2026-06-25T18:00:00,2026-07-23T18:00:00,6ac5c50d01f810e0923744b55f2ac7dd,2,13.75,1
2026-06-25T18:00:00,2026-07-23T18:00:00,6acc705421ffa91d5760d36b34dd2fe1,2,73.47,7
2026-06-25T18:00:00,2026-07-23T18:00:00,6b1f101e30b640ebb1eacc58b9ac72ce,2,33.80,3
2026-06-25T18:00:00,2026-07-23T18:00:00,6bf5cd43691700e2a3044085aa0128d2,2,315.68,28
2026-06-25T18:00:00,2026-07-23T18:00:00,6c3818d7c65416c8a0d8fec6da0a4c1a,2,747.72,68
2026-06-25T18:00:00,2026-07-23T18:00:00,6cedbc6db625ab14c226d3697d589d97,2,8.52,0
2026-06-25T18:00:00,2026-07-23T18:00:00,6cf885f65c2fe9f01be281bd81134583,2,1.28,0
2026-06-25T18:00:00,2026-07-23T18:00:00,6d1a185d397caaf2fdc2c062f82d5e87,2,56.80,5
2026-06-25T18:00:00,2026-07-23T18:00:00,6e644906dfea31c4c6d6c42bf53eee49,2,21.02,2
2026-06-25T18:00:00,2026-07-23T18:00:00,6e6d7eef34b5da56e64104d2f4e687ed,2,1.42,0
2026-06-25T18:00:00,2026-07-23T18:00:00,6e8d16c487cdb71d21575552f9635907,2,14.43,1
2026-06-25T18:00:00,2026-07-23T18:00:00,6f3a08b86a72e3affdc53dcc791c3fce,2,29.37,2
2026-06-25T18:00:00,2026-07-23T18:00:00,6f5514e7c27868a6bb3c3eb1ff6edbb5,2,80.22,8
2026-06-25T18:00:00,2026-07-23T18:00:00,6f9379fa2c56bcd90d24b7d000eb8af3,2,5.03,0
2026-06-25T18:00:00,2026-07-23T18:00:00,6fa490b53c77375d899569d5ae66c940,2,46.27,4
2026-06-25T18:00:00,2026-07-23T18:00:00,706c5f8c04794e92a006a0fdd7b71f05,2,7.55,0
2026-06-25T18:00:00,2026-07-23T18:00:00,709d02d6be75c5cd061827d70853b7fd,2,874.47,71
2026-06-25T18:00:00,2026-07-23T18:00:00,70d580190ad2f9fc393d5381472d7f0f,2,3.30,0
2026-06-25T18:00:00,2026-07-23T18:00:00,70daf6dc5780261d956e260b87cef5ee,2,20.03,1
2026-06-25T18:00:00,2026-07-23T18:00:00,719694d7b85ae33d283853171a565f57,2,7.72,0
2026-06-25T18:00:00,2026-07-23T18:00:00,721cb520d45ac2bb623603b08f549cc7,2,103.50,10
2026-06-25T18:00:00,2026-07-23T18:00:00,73fe08565a50724366fa9d17a5271e21,2,1.02,0
2026-06-25T18:00:00,2026-07-23T18:00:00,740b21dcec0859cc5dc7e7c88f5c514a,2,51.28,5
2026-06-25T18:00:00,2026-07-23T18:00:00,74a6308dc6da9d40d01ef9512583b03c,2,471.80,36
2026-06-25T18:00:00,2026-07-23T18:00:00,74dff011134be33f0127737cfe5a2a7c,2,66.27,6
2026-06-25T18:00:00,2026-07-23T18:00:00,74f0bee65c06b7d0985bc56a9dd1640c,2,8.82,0
2026-06-25T18:00:00,2026-07-23T18:00:00,74f4a80dba70dd146b9fb5700c677a27,2,15.47,1
2026-06-25T18:00:00,2026-07-23T18:00:00,7552be7e2f5db557b9307f69bfc3538b,2,477.60,44
2026-06-25T18:00:00,2026-07-23T18:00:00,76f5160cd625e0e9da27e8e551d658eb,2,6.33,0
2026-06-25T18:00:00,2026-07-23T18:00:00,779bd7884381326ad67caad3458fc726,2,58.98,4
2026-06-25T18:00:00,2026-07-23T18:00:00,7822c98271b3de3601f2e307dbaf0ffc,2,211.60,20
2026-06-25T18:00:00,2026-07-23T18:00:00,798a01e35a89071c796a00a79cb8385f,2,174.80,17
2026-06-25T18:00:00,2026-07-23T18:00:00,79b7fcd3ce5fed044a02c1c90f852878,2,37.47,3
2026-06-25T18:00:00,2026-07-23T18:00:00,7a1f237c3a852c469ab28cc529f783be,2,484.85,46
2026-06-25T18:00:00,2026-07-23T18:00:00,7b137e8dbcb7c14df77c30aa7a5b8719,2,69.92,6
2026-06-25T18:00:00,2026-07-23T18:00:00,7b3a4e499219ba2dcb9d9b1c5b7d598b,2,20.72,2
2026-06-25T18:00:00,2026-07-23T18:00:00,7b88e3445705c883ee9b9c3395bd319c,2,1662.98,88
2026-06-25T18:00:00,2026-07-23T18:00:00,7dfcb3b22b45d33d4f38dd790e35c7ee,2,70.98,7
2026-06-25T18:00:00,2026-07-23T18:00:00,7e243a93526d0e5d3bef96b67468d170,2,11.10,1
2026-06-25T18:00:00,2026-07-23T18:00:00,7ef4d9cff401ca99ce708f42755b9472,2,15.93,1
2026-06-25T18:00:00,2026-07-23T18:00:00,7fd0895ae1b343d8a85ac5b0d835a1aa,2,56.72,5
2026-06-25T18:00:00,2026-07-23T18:00:00,8046fe40c78da7e756f2e140528ebfe2,2,271.75,25
2026-06-25T18:00:00,2026-07-23T18:00:00,80b73881ade0e2aee5df135bebd50387,2,364.55,35
2026-06-25T18:00:00,2026-07-23T18:00:00,80fa7438cbd59d6a593c8959aac8b9f5,2,43.83,4
2026-06-25T18:00:00,2026-07-23T18:00:00,813822beecadcfb93ea224f2412677f6,2,73.27,7
2026-06-25T18:00:00,2026-07-23T18:00:00,82aefbce4909be4ea4e1fe8f4bcfbcfc,2,29.53,2
2026-06-25T18:00:00,2026-07-23T18:00:00,82f7131827d9e248f2c57651d4482ea4,2,142.35,13
2026-06-25T18:00:00,2026-07-23T18:00:00,83422a4002401d75309e461e2a93db23,2,27.67,2
2026-06-25T18:00:00,2026-07-23T18:00:00,8383f65cba058c07779d5b1b2ff16ee6,2,15.28,1
2026-06-25T18:00:00,2026-07-23T18:00:00,846b512109e5e690df622cb5fbad5041,2,137.45,13
2026-06-25T18:00:00,2026-07-23T18:00:00,8535a92caf48287705b36377e2d35e6f,2,16.68,1
2026-06-25T18:00:00,2026-07-23T18:00:00,86121948e45edee3fa73930c16af5326,2,1322.50,91
2026-06-25T18:00:00,2026-07-23T18:00:00,86470cc76e4b5bea6f0f91ae5692e9f9,2,4.10,0
2026-06-25T18:00:00,2026-07-23T18:00:00,8755358cf86fe508027c709418e07430,2,394.83,34
2026-06-25T18:00:00,2026-07-23T18:00:00,87cc161692ed8c65ebde4f72e44f8fcc,2,45.07,4
2026-06-25T18:00:00,2026-07-23T18:00:00,88d0953937786e73fc7b57263d46d671,2,26.17,1
2026-06-25T18:00:00,2026-07-23T18:00:00,8957461fe4f3b9f4aa8643171c270a0f,2,15.28,1
2026-06-25T18:00:00,2026-07-23T18:00:00,8a53b72d2c710974413fa84ffd803b5f,2,162.75,15
2026-06-25T18:00:00,2026-07-23T18:00:00,8a975cc6d7693f9ff905e8cdab7d8e42,2,436.57,42
2026-06-25T18:00:00,2026-07-23T18:00:00,8af1e01647e47046d524095df4e06053,2,19.03,1
2026-06-25T18:00:00,2026-07-23T18:00:00,8b6191f5cef4dcde60fc67a6de716391,2,0.77,0
2026-06-25T18:00:00,2026-07-23T18:00:00,8bd0744751924f59239c4ecc09f35ea1,2,560.68,49
2026-06-25T18:00:00,2026-07-23T18:00:00,8c10b9c9ad12755b0c454d3b76ce348d,2,2.33,0
2026-06-25T18:00:00,2026-07-23T18:00:00,8c400151e6d3f6901ec724f4eef584cb,2,33.48,3
2026-06-25T18:00:00,2026-07-23T18:00:00,8cdcf69053ee636784255e9ce07c585d,2,5.70,0
2026-06-25T18:00:00,2026-07-23T18:00:00,8d96d95fe1759cf187a8ab6601950f11,2,30.57,3
2026-06-25T18:00:00,2026-07-23T18:00:00,8da0aeddd6ae2874393e286d2157eec3,2,16.90,1
2026-06-25T18:00:00,2026-07-23T18:00:00,8e671c573caf4cea2ac0188bc11727cd,2,37.97,3
2026-06-25T18:00:00,2026-07-23T18:00:00,8e81670e86303c7ff0136da198d322cd,2,0.10,0
2026-06-25T18:00:00,2026-07-23T18:00:00,8f2f895ce22a54cba90d23d528364121,2,1201.50,59
2026-06-25T18:00:00,2026-07-23T18:00:00,904715872764c1fd0f4a4ea5b5e1cfb6,2,86.23,8
2026-06-25T18:00:00,2026-07-23T18:00:00,915c90e617bb8ef6e1636f0a5329df3d,2,125.10,10
2026-06-25T18:00:00,2026-07-23T18:00:00,92cd8c1611c351c66175caa62f4260b9,2,65.37,5
2026-06-25T18:00:00,2026-07-23T18:00:00,92f003b8df111ba301164802eece8f1f,2,5.78,0
2026-06-25T18:00:00,2026-07-23T18:00:00,93b2e10c2557d2817c60a73fcb5d3f29,2,2.17,0
2026-06-25T18:00:00,2026-07-23T18:00:00,94e27be0709a50d34f773f2d57903633,2,136.68,13
2026-06-25T18:00:00,2026-07-23T18:00:00,965aed315e4e41814e85e3afa954b7c1,2,0.45,0
2026-06-25T18:00:00,2026-07-23T18:00:00,966cd25f2d7ca55ddb10449b9a11d957,2,98.55,8
2026-06-25T18:00:00,2026-07-23T18:00:00,96c499fc889d5e3bf1b34c5351db904c,2,74.53,6
2026-06-25T18:00:00,2026-07-23T18:00:00,97af940e15edca890baa46379b60a541,2,102.53,10
2026-06-25T18:00:00,2026-07-23T18:00:00,97dfb04da2eafe7cbf6aa26d20060219,2,10.67,1
2026-06-25T18:00:00,2026-07-23T18:00:00,97e045ea6b711249ad2fe019178e4e3f,2,2.45,0
2026-06-25T18:00:00,2026-07-23T18:00:00,97eb6f796d3c17be15ed9e5345537dc2,2,431.47,39
2026-06-25T18:00:00,2026-07-23T18:00:00,98490f096f9075b4fea865fb618c41f4,2,91.35,9
2026-06-25T18:00:00,2026-07-23T18:00:00,990c80b514a41ffac0d8e2b4886fdf0a,2,1.15,0
2026-06-25T18:00:00,2026-07-23T18:00:00,991af208aa766606d8519ed0d37fc80e,2,3.78,0
2026-06-25T18:00:00,2026-07-23T18:00:00,9943972fd4dab17dec8474b9bf5c8e50,2,92.72,8
2026-06-25T18:00:00,2026-07-23T18:00:00,9a973947252ae49552fbe88d9558f86b,2,244.40,19
2026-06-25T18:00:00,2026-07-23T18:00:00,9a9fe42e4a54b12b69b0f495733a281c,2,8.08,0
2026-06-25T18:00:00,2026-07-23T18:00:00,9ab3660ee79c49d6f4cbdb553a3953b7,2,120.75,12
2026-06-25T18:00:00,2026-07-23T18:00:00,9ba79415927e9e26edc5792bad04533c,2,95.27,9
2026-06-25T18:00:00,2026-07-23T18:00:00,9c26d93da4825a1c11da6d92cc060cac,2,2.45,0
2026-06-25T18:00:00,2026-07-23T18:00:00,9cb3dab591550bc691b2e306508eea8f,2,0.88,0
2026-06-25T18:00:00,2026-07-23T18:00:00,9d2eec5acfc0ab52e0858071ce7d5d3d,2,1.20,0
2026-06-25T18:00:00,2026-07-23T18:00:00,9d8a7511a1dd64a216774e9a34d76373,2,7.83,0
2026-06-25T18:00:00,2026-07-23T18:00:00,9f00b2fd7e78795d4c023a8c72964d8b,2,222.60,21
2026-06-25T18:00:00,2026-07-23T18:00:00,9f3a7a5c04d94e3556062cfa8e217b6e,2,41.63,4
2026-06-25T18:00:00,2026-07-23T18:00:00,a0733971c82d386d42f029ad30d9c758,2,3.53,0
2026-06-25T18:00:00,2026-07-23T18:00:00,a0dbf5c8f064f79bc50f662f34cef39e,2,0.80,0
2026-06-25T18:00:00,2026-07-23T18:00:00,a1b1e41690dbd74aeb5ba5540d952d13,2,4.70,0
2026-06-25T18:00:00,2026-07-23T18:00:00,a26bce6cb6a96bd4ab5385a4cda987a4,2,87.70,8
2026-06-25T18:00:00,2026-07-23T18:00:00,a2b9b974332877f6035b8adace6dd035,2,358.12,33
2026-06-25T18:00:00,2026-07-23T18:00:00,a2d8ca4a6b46392c8a475737a2ccc662,2,118.92,11
2026-06-25T18:00:00,2026-07-23T18:00:00,a30197becc301880cff3bb3275d74369,2,0.52,0
2026-06-25T18:00:00,2026-07-23T18:00:00,a389578fc6b48733d7ab77ee6433865b,2,0.52,0
2026-06-25T18:00:00,2026-07-23T18:00:00,a3d68b6845f7e445ab99f5c8e2e8114f,2,1133.82,63
2026-06-25T18:00:00,2026-07-23T18:00:00,a3ee141280737d1ed98971a9849463bd,2,98.93,9
2026-06-25T18:00:00,2026-07-23T18:00:00,a41f27a871bd875d59472a7c1373e0b2,2,0.87,0
2026-06-25T18:00:00,2026-07-23T18:00:00,a5d448bc5b4085ba34049337b2e4bd49,2,323.97,31
2026-06-25T18:00:00,2026-07-23T18:00:00,a796407a7178c7353aeba7145a2c26e8,2,358.33,27
2026-06-25T18:00:00,2026-07-23T18:00:00,a7ae53cebbc3623d385cc2bb5a455494,2,4.03,0
2026-06-25T18:00:00,2026-07-23T18:00:00,a85e801fa2912de44a9de25730c6f1aa,2,184.05,18
2026-06-25T18:00:00,2026-07-23T18:00:00,a87bcea2b3bbe7c7e6885c4b0e2b614a,2,217.23,21
2026-06-25T18:00:00,2026-07-23T18:00:00,a954d3762ff0ffa040277ba271efe95a,2,20.80,2
2026-06-25T18:00:00,2026-07-23T18:00:00,a97d86d33e50b9db184b68b1239de654,2,131.30,13
2026-06-25T18:00:00,2026-07-23T18:00:00,aa240f438aea08868f30b16d6fa1501f,2,15.58,1
2026-06-25T18:00:00,2026-07-23T18:00:00,aa3781dd97029683c963e2d9f47e8be2,2,5.30,0
2026-06-25T18:00:00,2026-07-23T18:00:00,ab7f13a1cf62c9e5302e6a93f168f2b2,2,77.97,6
2026-06-25T18:00:00,2026-07-23T18:00:00,ac632620f1853199b2ec7f991cfd9939,2,61.55,6
2026-06-25T18:00:00,2026-07-23T18:00:00,ac75b69f44e1459989f80bea92762622,2,0.72,0
2026-06-25T18:00:00,2026-07-23T18:00:00,ac92f53c0e1bacbe5c81d3448a160767,2,4.50,0
2026-06-25T18:00:00,2026-07-23T18:00:00,ac93aca469a2074b5060e5c97c46b3f8,2,36.02,3
2026-06-25T18:00:00,2026-07-23T18:00:00,accab54a9b900044a008add844607a42,2,139.40,13
2026-06-25T18:00:00,2026-07-23T18:00:00,ace9d2e801750a8718bfd9ec4c46b103,2,56.22,5
2026-06-25T18:00:00,2026-07-23T18:00:00,ad383a430dd9b92a89f4b898855fc882,2,266.17,24
2026-06-25T18:00:00,2026-07-23T18:00:00,af0a193f8c8d2b2bed24ca811cb3a029,2,29.37,2
2026-06-25T18:00:00,2026-07-23T18:00:00,af538074efec3c20d843729f0acd59b8,2,27.17,2
2026-06-25T18:00:00,2026-07-23T18:00:00,b0222244e7ab3f9056e89c5af0c6b91e,2,60.08,5
2026-06-25T18:00:00,2026-07-23T18:00:00,b08c5fbd2cf1162fba98efe628b6b084,2,20.00,1
2026-06-25T18:00:00,2026-07-23T18:00:00,b124bdaddb606ea47c2cd71a5bc230ef,2,178.28,16
2026-06-25T18:00:00,2026-07-23T18:00:00,b17ec0853ccae449661de4c07c6ee342,2,2.82,0
2026-06-25T18:00:00,2026-07-23T18:00:00,b2b18ef8744c214b603de10d2958f2a1,2,583.90,37
2026-06-25T18:00:00,2026-07-23T18:00:00,b33fb22a7e4ee0c6d7ba72160248627c,2,556.65,53
2026-06-25T18:00:00,2026-07-23T18:00:00,b3c456e4e172add9fff2fa1cda3ff736,2,253.30,24
2026-06-25T18:00:00,2026-07-23T18:00:00,b4193b58fe4c3e5e4f3216d2272e51c6,2,140.95,14
2026-06-25T18:00:00,2026-07-23T18:00:00,b525068776fa0e002d34cfc077bfe2b9,2,0.58,0
2026-06-25T18:00:00,2026-07-23T18:00:00,b60e13db12e64d1f3287b7de4c10264e,2,0.18,0
2026-06-25T18:00:00,2026-07-23T18:00:00,b62c210d391d52491e879aeda17ce4c3,2,0.65,0
2026-06-25T18:00:00,2026-07-23T18:00:00,b70c27b8f353276684ba9b35c776bfe7,2,0.13,0
2026-06-25T18:00:00,2026-07-23T18:00:00,b76e055acfa2d53cfa1b15ff148b5a47,2,51.52,4
2026-06-25T18:00:00,2026-07-23T18:00:00,b80fede41c09942e1849fea5dea5e2ae,2,5.63,0
2026-06-25T18:00:00,2026-07-23T18:00:00,b823d3a2e260dff8342abbb49c652e9d,2,6.40,0
2026-06-25T18:00:00,2026-07-23T18:00:00,b941f9a889c20899ae2d463829bce7f9,2,20.90,2
2026-06-25T18:00:00,2026-07-23T18:00:00,b946217bfe8ee7a8df2ed710d1088638,2,0.20,0
2026-06-25T18:00:00,2026-07-23T18:00:00,b94f8becb7437da1f6852403ad6ae7ea,2,44.58,4
2026-06-25T18:00:00,2026-07-23T18:00:00,b9827039995de78301930f3350c24356,2,1.17,0
2026-06-25T18:00:00,2026-07-23T18:00:00,bacd092718717b4eb1784c718205bb4f,2,39.85,3
2026-06-25T18:00:00,2026-07-23T18:00:00,baeb1f17f6665a2c968e02d7aaa91637,2,44.48,4
2026-06-25T18:00:00,2026-07-23T18:00:00,bb529dc809483151707ffac6197f7ad3,2,521.10,43
2026-06-25T18:00:00,2026-07-23T18:00:00,bc3a1cf5f07e1e50143e900980c23d6c,2,11.55,1
2026-06-25T18:00:00,2026-07-23T18:00:00,bccfdca7d2cce7ff238be0b5b2169788,2,108.90,10
2026-06-25T18:00:00,2026-07-23T18:00:00,bd49463957ef43834e864ad5ce76f7f7,2,131.98,12
2026-06-25T18:00:00,2026-07-23T18:00:00,bd7691dca290b66762f2598aaa1ca822,2,45.67,4
2026-06-25T18:00:00,2026-07-23T18:00:00,bd76e6d12956dfbe528ee3b797c61416,2,685.12,35
2026-06-25T18:00:00,2026-07-23T18:00:00,bd76eee18b823d6aabff71afa896be2c,2,0.68,0
2026-06-25T18:00:00,2026-07-23T18:00:00,bd8abd12878522fdca47f178ebca29fe,2,30.38,3
2026-06-25T18:00:00,2026-07-23T18:00:00,bef266cad1a50ba0e7b2e4c87f57329c,2,0.18,0
2026-06-25T18:00:00,2026-07-23T18:00:00,bfde1f1c169e13a28354d1093ec10614,2,241.85,22
2026-06-25T18:00:00,2026-07-23T18:00:00,c02343d2c5a995edea5e0c7b1f161a13,2,31.85,3
2026-06-25T18:00:00,2026-07-23T18:00:00,c0511ed8e067ba4e9ea4e09ba50ea392,2,82.88,8
2026-06-25T18:00:00,2026-07-23T18:00:00,c07f57068b9ea30107644271c96897c6,2,8.88,0
2026-06-25T18:00:00,2026-07-23T18:00:00,c0b4a5f57a6073657e32d86e2b721a7b,2,2.92,0
2026-06-25T18:00:00,2026-07-23T18:00:00,c0edabd2fa050ccd8d6af04205fcca20,2,646.17,60
2026-06-25T18:00:00,2026-07-23T18:00:00,c19e0a7f968c91e69120b5ec9c5c7083,2,0.57,0
2026-06-25T18:00:00,2026-07-23T18:00:00,c1a08e53ac92bcbbd4d2553357225f8b,2,1.40,0
2026-06-25T18:00:00,2026-07-23T18:00:00,c1d2565d533053651493192d596cecd8,2,62.07,6
2026-06-25T18:00:00,2026-07-23T18:00:00,c204578299c3369eb3c954aac931ea90,2,249.53,23
2026-06-25T18:00:00,2026-07-23T18:00:00,c230bffb53ac1d749b39f0787d73280f,2,127.58,12
2026-06-25T18:00:00,2026-07-23T18:00:00,c25d372ada52127678f227785b8f68e2,2,3.80,0
2026-06-25T18:00:00,2026-07-23T18:00:00,c29605f826ed7c66577cc2eac9dab645,2,13.47,0
2026-06-25T18:00:00,2026-07-23T18:00:00,c2ae2ed247b0edbdcc741523e3df9919,2,112.92,9
2026-06-25T18:00:00,2026-07-23T18:00:00,c3bd3ef88222f5ef1e3ef7b31560042a,2,0.57,0
2026-06-25T18:00:00,2026-07-23T18:00:00,c3f00b9b3e43e391b3100a8a60e435cd,2,55.57,5
2026-06-25T18:00:00,2026-07-23T18:00:00,c4823c5b94890e6b979db40cd98391a8,2,3.70,0
2026-06-25T18:00:00,2026-07-23T18:00:00,c6d19087fd62ffdf6534b5d6e7fb4b49,2,6.97,0
2026-06-25T18:00:00,2026-07-23T18:00:00,c70963bd9ae9d270dbaed4a788e67fdd,2,13.95,1
2026-06-25T18:00:00,2026-07-23T18:00:00,c773862db49fb9d55ed1bbd54da4fb95,2,63.23,5
2026-06-25T18:00:00,2026-07-23T18:00:00,c7836a46d6ddf5a9ee9bc7da5e692d3f,2,15.22,1
2026-06-25T18:00:00,2026-07-23T18:00:00,c7b4163d53efaa5717dbf0c410ebc106,2,0.85,0
2026-06-25T18:00:00,2026-07-23T18:00:00,c8bf9c2d56fb7518b2c5e93c1bb8566d,2,22.07,2
2026-06-25T18:00:00,2026-07-23T18:00:00,c93220272f28380621302789472749aa,2,10.02,1
2026-06-25T18:00:00,2026-07-23T18:00:00,c982ba2fb6cb618d3c7122e994722122,2,72.77,7
2026-06-25T18:00:00,2026-07-23T18:00:00,ca2dde13ce42a3060af5b66b5fe1c003,2,0.53,0
2026-06-25T18:00:00,2026-07-23T18:00:00,cb05cce22a4005582b7906b78a0e423c,2,70.75,7
2026-06-25T18:00:00,2026-07-23T18:00:00,cb2e7105d4125fadfa8d17ee59c10c42,2,85.72,8
2026-06-25T18:00:00,2026-07-23T18:00:00,cbba53d5a3670b5afbdcbbef3ca2ba80,2,2.40,0
2026-06-25T18:00:00,2026-07-23T18:00:00,cbf1a82f0310ada788fb43fe8e5a6c28,2,0.27,0
2026-06-25T18:00:00,2026-07-23T18:00:00,cc34a16620c8e297f54c8d3deab1529a,2,30.58,2
2026-06-25T18:00:00,2026-07-23T18:00:00,cd1f37ffd379a29235dc7f3f296c0508,2,315.55,18
2026-06-25T18:00:00,2026-07-23T18:00:00,cd2ea220cc6767f86595e74cd4151f18,2,57.15,5
2026-06-25T18:00:00,2026-07-23T18:00:00,cd76791a335a86df691d57abcbd57283,2,46.73,4
2026-06-25T18:00:00,2026-07-23T18:00:00,cd7f8a97f1af1dcd8d640a4189f4a5ab,2,298.35,25
2026-06-25T18:00:00,2026-07-23T18:00:00,cddef51de16ee6126c694ffd2367a06e,2,7.97,0
2026-06-25T18:00:00,2026-07-23T18:00:00,cdf04f076cac5c288ea189af2b2f3594,2,16.68,0
2026-06-25T18:00:00,2026-07-23T18:00:00,ce51666f0da9ecfdfc88c34eb0cfef5f,2,93.92,9
2026-06-25T18:00:00,2026-07-23T18:00:00,cedf79d3261749d027847e76dfff20cc,2,13.82,1
2026-06-25T18:00:00,2026-07-23T18:00:00,cf3e43047f8912354716805697b851cc,2,115.60,10
2026-06-25T18:00:00,2026-07-23T18:00:00,cf5f8ad39d34b44896055b90eb13478e,2,37.07,3
2026-06-25T18:00:00,2026-07-23T18:00:00,cff08f7044e151de317c5399d0eee78d,2,406.80,39
2026-06-25T18:00:00,2026-07-23T18:00:00,d053fecb76ec1771b2123737ca581c48,2,0.58,0
2026-06-25T18:00:00,2026-07-23T18:00:00,d0ecd2d4f034713fb8891efddd4b2b06,2,77.10,7
2026-06-25T18:00:00,2026-07-23T18:00:00,d1583f4d658054089c4060679ab59c32,2,1.57,0
2026-06-25T18:00:00,2026-07-23T18:00:00,d1d993c696339e7dbf6456b4197439cd,2,58.10,5
2026-06-25T18:00:00,2026-07-23T18:00:00,d1e9187765a9a9313745697eda8571d6,2,17.95,1
2026-06-25T18:00:00,2026-07-23T18:00:00,d1ebebf623a76c9034d05e067fa00c53,2,7.47,0
2026-06-25T18:00:00,2026-07-23T18:00:00,d22d15064662f92f12035467f7d3ab67,2,10.25,1
2026-06-25T18:00:00,2026-07-23T18:00:00,d48799f970e6147ab4d02a31d554ff8d,2,644.43,55
2026-06-25T18:00:00,2026-07-23T18:00:00,d52c404989b969646faefcb6484d30f4,2,4.47,0
2026-06-25T18:00:00,2026-07-23T18:00:00,d5c0f3d155bc184efd91bf30d38cc9b4,2,360.42,34
2026-06-25T18:00:00,2026-07-23T18:00:00,d61fa20ee02664e08ca7fd8ab2f3f94c,2,199.92,18
2026-06-25T18:00:00,2026-07-23T18:00:00,d62848cdabdec1c778136b2a5b2c29cb,2,121.58,10
2026-06-25T18:00:00,2026-07-23T18:00:00,d68e3882c933e48b9bafca4f0073aef4,2,12.37,1
2026-06-25T18:00:00,2026-07-23T18:00:00,d69f737d10dcfdc90f44e9b9003d2aa4,2,37.72,2
2026-06-25T18:00:00,2026-07-23T18:00:00,d6b0eb33762ae3d461b8c199dba577cd,2,66.52,6
2026-06-25T18:00:00,2026-07-23T18:00:00,d750772391c9227c0e17a69cd90c4bd8,2,0.27,0
2026-06-25T18:00:00,2026-07-23T18:00:00,d8299c7a96d5840635d0a53c604558c0,2,11.40,1
2026-06-25T18:00:00,2026-07-23T18:00:00,d8f2e36c5565a6764a958fac81958798,2,24.32,2
2026-06-25T18:00:00,2026-07-23T18:00:00,db4a3c04f310024e03c002e31c51363c,2,1.15,0
2026-06-25T18:00:00,2026-07-23T18:00:00,db6b093693e17ccc0b3e35903749faa4,2,727.00,63
2026-06-25T18:00:00,2026-07-23T18:00:00,dd0a87407ba38c9895cf486dbb4ba611,2,83.23,8
2026-06-25T18:00:00,2026-07-23T18:00:00,df674f110bef55fb9c08c60830e29481,2,12.15,1
2026-06-25T18:00:00,2026-07-23T18:00:00,dfa234579d939c80155f87bdfc44502d,2,291.20,27
2026-06-25T18:00:00,2026-07-23T18:00:00,e0c1e0914a8cf1d9d3f1c9c09d4a3d54,2,549.32,53
2026-06-25T18:00:00,2026-07-23T18:00:00,e0c4dfd6a75b791bf84efa9d5b878d02,2,683.85,47
2026-06-25T18:00:00,2026-07-23T18:00:00,e0cda5b8f7dc67e792d1caf9c1fbf00f,2,373.25,33
2026-06-25T18:00:00,2026-07-23T18:00:00,e102c54dd9a72dbde6b9d0923bacd2c7,2,112.38,10
2026-06-25T18:00:00,2026-07-23T18:00:00,e1246e0d9af388a59517c290480172b5,2,1.13,0
2026-06-25T18:00:00,2026-07-23T18:00:00,e231dc422efc7b49f34031cf695fc841,2,0.02,0
2026-06-25T18:00:00,2026-07-23T18:00:00,e23fab879dd8a1187569fe6d7824fe6c,2,22.58,2
2026-06-25T18:00:00,2026-07-23T18:00:00,e27600d00c80fbda6c25b100000b9e2a,2,140.32,12
2026-06-25T18:00:00,2026-07-23T18:00:00,e2bfed5696d537ed3fe592de18c39886,2,178.38,17
2026-06-25T18:00:00,2026-07-23T18:00:00,e2fe54920dc2e6fc051e34f09ae6bb93,2,2.72,0
2026-06-25T18:00:00,2026-07-23T18:00:00,e30fcd73ec0d454e5e01823c508fb979,2,0.98,0
2026-06-25T18:00:00,2026-07-23T18:00:00,e32cf93dd717feeddee850fd24dcfad1,2,16.77,1
2026-06-25T18:00:00,2026-07-23T18:00:00,e3e00be44742f2e9f2919dc57a52ca8c,2,28.52,2
2026-06-25T18:00:00,2026-07-23T18:00:00,e4b47642e249e2cbb9e9516cea6d3d60,2,155.82,15
2026-06-25T18:00:00,2026-07-23T18:00:00,e6249de5a384cdf7b872a2b16fe99253,2,10.02,0
2026-06-25T18:00:00,2026-07-23T18:00:00,e684414f3293d6d3cd52af0bae951d58,2,3.33,0
2026-06-25T18:00:00,2026-07-23T18:00:00,e6d9e30e67f99f4aa7fdaeba57da7d1b,2,1.07,0
2026-06-25T18:00:00,2026-07-23T18:00:00,e7567a9fb18fddf13b2a1b3b55ea5d6e,2,505.88,43
2026-06-25T18:00:00,2026-07-23T18:00:00,e7b7b3b3ed0849d307a7a7b23dbfd8f1,2,17.83,1
2026-06-25T18:00:00,2026-07-23T18:00:00,e7cc899c9ac72f7e2a4b4db6a30c9df2,2,20.13,2
2026-06-25T18:00:00,2026-07-23T18:00:00,e862ee10591c9ceb98cecf71a98cfdb0,2,20.13,2
2026-06-25T18:00:00,2026-07-23T18:00:00,e935388d6dfa7e2b9d54eee39b06b8f7,2,306.37,28
2026-06-25T18:00:00,2026-07-23T18:00:00,e96886a408f497d5941be96b38526a1c,2,0.22,0
2026-06-25T18:00:00,2026-07-23T18:00:00,e9aa908637a3507aa84054812d03189f,2,5.60,0
2026-06-25T18:00:00,2026-07-23T18:00:00,ea89792e7dbcf33e96dd5caff3064c05,2,330.28,30
2026-06-25T18:00:00,2026-07-23T18:00:00,eb688610570ba94024ba101543c4ca4d,2,3.03,0
2026-06-25T18:00:00,2026-07-23T18:00:00,ebca7639a19324ac3081ef94462b8b50,2,18.35,1
2026-06-25T18:00:00,2026-07-23T18:00:00,ebd19348a184ba95f489c0a8506e1fd5,2,55.95,5
2026-06-25T18:00:00,2026-07-23T18:00:00,ec220a0d1d984af63be7863a0061a92d,2,1.07,0
2026-06-25T18:00:00,2026-07-23T18:00:00,ecc970f6cf08dcb0f2c15a05360e831e,2,0.42,0
2026-06-25T18:00:00,2026-07-23T18:00:00,ed647a1fb4c3c3f797985832b62823dc,2,86.10,8
2026-06-25T18:00:00,2026-07-23T18:00:00,ed9c43dfea8c53984091aeb77ffc5a53,2,0.25,0
2026-06-25T18:00:00,2026-07-23T18:00:00,edd080072317ba00d96b50457dec4250,2,143.32,14
2026-06-25T18:00:00,2026-07-23T18:00:00,edfa050cc973d4eb55bee481bec631fe,2,3.98,0
2026-06-25T18:00:00,2026-07-23T18:00:00,eea97f95cc0de663dfb8b30d5407397e,2,54.35,5
2026-06-25T18:00:00,2026-07-23T18:00:00,eeebbdcf168036d74cc1ddc86c0472ab,2,0.05,0
2026-06-25T18:00:00,2026-07-23T18:00:00,ef7e2da179d0ff495a76ab093ff5d722,2,244.10,22
2026-06-25T18:00:00,2026-07-23T18:00:00,f0196a3d1563727c6978c29653a58ed1,2,3.10,0
2026-06-25T18:00:00,2026-07-23T18:00:00,f01df3c8559492bcb99ba6dc75bff12e,2,256.82,24
2026-06-25T18:00:00,2026-07-23T18:00:00,f10b475f87d10e5dd9155d5311cb6ee5,2,16.68,1
2026-06-25T18:00:00,2026-07-23T18:00:00,f1275997f4079ad91733eb956fd70895,2,359.15,34
2026-06-25T18:00:00,2026-07-23T18:00:00,f14b231f35f35124c704a181a0f3d55e,2,13.23,1
2026-06-25T18:00:00,2026-07-23T18:00:00,f297ba060fa730527f0bd0e6758c66a1,2,34.85,3
2026-06-25T18:00:00,2026-07-23T18:00:00,f3c03a00acf43305de318c812f0c042e,2,1.02,0
2026-06-25T18:00:00,2026-07-23T18:00:00,f3da978d4649f3f3ec3887bf6f7dfabf,2,56.87,5
2026-06-25T18:00:00,2026-07-23T18:00:00,f3f3c1b4ca20b2d51e371c14333230fb,2,0.50,0
2026-06-25T18:00:00,2026-07-23T18:00:00,f50667d38d17fe297fdfff1791030efe,2,275.93,18
2026-06-25T18:00:00,2026-07-23T18:00:00,f6fc6289850de45b52409df2afb67201,2,65.87,6
2026-06-25T18:00:00,2026-07-23T18:00:00,f73c5b76d5581d13129d73de634e7df9,2,3.98,0
2026-06-25T18:00:00,2026-07-23T18:00:00,f87d0f099d39f0175d2d544ee2b9ecba,2,0.20,0
2026-06-25T18:00:00,2026-07-23T18:00:00,f89b1b27c3a72582b5bdf75e04a06585,2,79.38,6
2026-06-25T18:00:00,2026-07-23T18:00:00,f9fd10562859f5cce2b27c63e2e941a3,2,2.52,0
2026-06-25T18:00:00,2026-07-23T18:00:00,fa4a913158f609dff71b6f0522d17ab3,2,47.65,4
2026-06-25T18:00:00,2026-07-23T18:00:00,fa693a4555823badf04b02453f0ccb1e,2,77.18,7
2026-06-25T18:00:00,2026-07-23T18:00:00,faad31f1c7aa49ac7f1757ce9bb20f89,2,36.18,3
2026-06-25T18:00:00,2026-07-23T18:00:00,fb868406ab1f2a629582ad783ec32352,2,2.08,0
2026-06-25T18:00:00,2026-07-23T18:00:00,fc75af9c913c4f646b3665265b7d947f,2,879.77,54
2026-06-25T18:00:00,2026-07-23T18:00:00,fc8c3ae42b4df81679dbb4acc516d2e3,2,1.43,0
2026-06-25T18:00:00,2026-07-23T18:00:00,fce355f07e65752c8206b6707bf556ae,2,55.02,5
2026-06-25T18:00:00,2026-07-23T18:00:00,fd0cde1ccc5d6ea13308b092dffc6b85,2,220.58,21
2026-06-25T18:00:00,2026-07-23T18:00:00,fe79c79a69a85ea46dec9524663319d3,2,91.30,9
2026-06-25T18:00:00,2026-07-23T18:00:00,fe956ecd204318c98986f513df76ba44,2,33.07,3
2026-06-25T18:00:00,2026-07-23T18:00:00,ff2f9ff77974a468adc907dfa574dad9,2,50.37,1
2026-06-25T18:00:00,2026-07-23T18:00:00,ff35e05d4ab1497326dfc484279a394b,2,5.85,0
2026-06-25T18:00:00,2026-07-23T18:00:00,ff78eab45a44dda86e192b4121f49c0f,2,17.00,0
2026-06-25T18:00:00,2026-07-23T18:00:00,ff8358ff94c001dad8328c1f3a6f334e,2,246.15,24
2026-06-25T18:00:00,2026-07-23T18:00:00,018ef434ed0fbd4bcc00b40cb115d0e6,3,66.08,6
2026-06-25T18:00:00,2026-07-23T18:00:00,01b41ec4c194cfd003dcaa1fe04d8401,3,102.47,9
2026-06-25T18:00:00,2026-07-23T18:00:00,03d76dda74628509649cb129810d5d6b,3,25.72,2
2026-06-25T18:00:00,2026-07-23T18:00:00,0430646fee46348bd1a69ec6aba1c39c,3,370.28,28
2026-06-25T18:00:00,2026-07-23T18:00:00,04968366ec83bf62ab8a33994428ecd0,3,3.88,0
2026-06-25T18:00:00,2026-07-23T18:00:00,05752fb8c484042478fbe5624556a77e,3,59.57,5
2026-06-25T18:00:00,2026-07-23T18:00:00,07141d51cc819254005369e00dc49868,3,1.93,0
2026-06-25T18:00:00,2026-07-23T18:00:00,07404b1875a30e9bf08e3adc42c08a56,3,1168.88,100
2026-06-25T18:00:00,2026-07-23T18:00:00,078c7f61a73340dd7ff9557e769b9e0d,3,1.07,0
2026-06-25T18:00:00,2026-07-23T18:00:00,07b27434ac5ea762f09cea821a580a88,3,0.43,0
2026-06-25T18:00:00,2026-07-23T18:00:00,07bb2d11dfe4268f2fb18d23f0c98879,3,0.35,0
2026-06-25T18:00:00,2026-07-23T18:00:00,081d96fabd3f494b948b5a4316c540ce,3,15.55,0
2026-06-25T18:00:00,2026-07-23T18:00:00,08774013753dbfedb95df2480ffe0f3c,3,2.90,0
2026-06-25T18:00:00,2026-07-23T18:00:00,08e65422ff0dfeb2d7e531fd0e3e82a3,3,12.85,1
2026-06-25T18:00:00,2026-07-23T18:00:00,0a337b1d78ea90b62282a47f6185a4a9,3,1.77,0
2026-06-25T18:00:00,2026-07-23T18:00:00,0afe660098026931e76becb0423c5bd0,3,20.73,2
2026-06-25T18:00:00,2026-07-23T18:00:00,0b38a5977e0301a3440f32eda0bb1e3b,3,69.25,6
2026-06-25T18:00:00,2026-07-23T18:00:00,0bd89b873b8f42f6ce3bebac45011322,3,327.73,27
2026-06-25T18:00:00,2026-07-23T18:00:00,0bd9e270007b1deceacc22fce3f12b2a,3,119.05,10
2026-06-25T18:00:00,2026-07-23T18:00:00,0bddd415f5f22587099a347bd7f7bf19,3,415.70,33
2026-06-25T18:00:00,2026-07-23T18:00:00,0bedec5d3dd7bf41bbc67ddcd6f6b829,3,12.93,1
2026-06-25T18:00:00,2026-07-23T18:00:00,0c0b488181542e57ce43926f7dcaa445,3,264.17,18
2026-06-25T18:00:00,2026-07-23T18:00:00,0c594b83f0e521d3f7dcc753650836d6,3,577.82,51
2026-06-25T18:00:00,2026-07-23T18:00:00,0c75fbe9c52e37c1041b7a45432f1005,3,5.92,0
2026-06-25T18:00:00,2026-07-23T18:00:00,0d286bd6bffcce255ff9ede98326d14f,3,91.92,9
2026-06-25T18:00:00,2026-07-23T18:00:00,0fab70fc21cb0061eba7f02670268b1a,3,558.55,49
2026-06-25T18:00:00,2026-07-23T18:00:00,1087833ea69a74856c5530bc04c81d0d,3,507.72,49
2026-06-25T18:00:00,2026-07-23T18:00:00,108c2bd4c792db791d2590ffc518cced,3,90.62,9
2026-06-25T18:00:00,2026-07-23T18:00:00,10fa48f29d66e5c3429a7033aad94ac4,3,0.05,0
2026-06-25T18:00:00,2026-07-23T18:00:00,1176acc5482240910424a133e39c204c,3,222.68,20
2026-06-25T18:00:00,2026-07-23T18:00:00,12676a7b618729da0f0e2e36f672acb3,3,2.98,0
2026-06-25T18:00:00,2026-07-23T18:00:00,127ea5eb60282ecb6cb5819220981335,3,62.80,6
2026-06-25T18:00:00,2026-07-23T18:00:00,129f8a014ee92724c7523e43fd1acb24,3,33.55,3
2026-06-25T18:00:00,2026-07-23T18:00:00,12c7ba3b2d789a11a913427493633a07,3,1.38,0
2026-06-25T18:00:00,2026-07-23T18:00:00,12ea9ba9eb0f86206037e3897b2469ee,3,0.25,0
2026-06-25T18:00:00,2026-07-23T18:00:00,139fec55582537d787ea6d0b981688d3,3,0.18,0
2026-06-25T18:00:00,2026-07-23T18:00:00,143915a7dc1868b7819edcccf519600f,3,1.27,0
2026-06-25T18:00:00,2026-07-23T18:00:00,14f5350d56bd1aebd21a009058dd4d66,3,1.63,0
2026-06-25T18:00:00,2026-07-23T18:00:00,15b8511b2f9737665bd49e0a1a3b6168,3,2.15,0
2026-06-25T18:00:00,2026-07-23T18:00:00,1628ac1222e3fbac85fe8eb1747f8218,3,88.05,8
2026-06-25T18:00:00,2026-07-23T18:00:00,16751d9d6d1f939898106e5e8f2ae2e8,3,100.20,10
2026-06-25T18:00:00,2026-07-23T18:00:00,16834444cde6759f174110b107b6b8b8,3,57.77,4
2026-06-25T18:00:00,2026-07-23T18:00:00,1798284a0e69f0dd330b844d12c8d5fd,3,0.78,0
2026-06-25T18:00:00,2026-07-23T18:00:00,179ebd39d45d63439cc221107d4c1727,3,11.27,1
2026-06-25T18:00:00,2026-07-23T18:00:00,17bec006270cdd885268964258e720b2,3,1.63,0
2026-06-25T18:00:00,2026-07-23T18:00:00,1b4acbc74c40b8ed27220513d19099c6,3,3.40,0
2026-06-25T18:00:00,2026-07-23T18:00:00,1bec979fe0256839cc23d2c6a81a91e2,3,27.12,2
2026-06-25T18:00:00,2026-07-23T18:00:00,1cda40aaa72924780356bce64e66987c,3,15.63,1
2026-06-25T18:00:00,2026-07-23T18:00:00,1d5fcd51843a36b13595c8dc434d10d4,3,30.38,3
2026-06-25T18:00:00,2026-07-23T18:00:00,1e2f20a9ba2957e64f1aca8216750ffa,3,102.03,8
2026-06-25T18:00:00,2026-07-23T18:00:00,1f03a72c87536b7ceae31309b347d7e8,3,1.52,0
2026-06-25T18:00:00,2026-07-23T18:00:00,1f163fafa570f97382edcd2c8fac12f0,3,20.05,1
2026-06-25T18:00:00,2026-07-23T18:00:00,218add990cac1ae93b65f2ac6ec57c6f,3,3.07,0
2026-06-25T18:00:00,2026-07-23T18:00:00,21ca2aaf7ab1a72a70030f9e52abe9c7,3,266.13,25
2026-06-25T18:00:00,2026-07-23T18:00:00,23d527defa6d8dc04d93535868148dd9,3,187.52,18
2026-06-25T18:00:00,2026-07-23T18:00:00,24ab3f12715ef266a9f58171d43ac077,3,11.28,1
2026-06-25T18:00:00,2026-07-23T18:00:00,24ace3385ad1d601cf91bcf016396eba,3,0.05,0
2026-06-25T18:00:00,2026-07-23T18:00:00,24df40c816f8f3ee084a5730ff28b100,3,4.92,0
2026-06-25T18:00:00,2026-07-23T18:00:00,253e7104072a2388ef172fb75761501c,3,67.92,6
2026-06-25T18:00:00,2026-07-23T18:00:00,255d7c8ce50394cdf376266d475b4b09,3,106.87,10
2026-06-25T18:00:00,2026-07-23T18:00:00,25834c42c6c930d5cb20891f5c14d488,3,7.42,0
2026-06-25T18:00:00,2026-07-23T18:00:00,25b0d18dad400948291ea7569420ef0b,3,59.60,5
2026-06-25T18:00:00,2026-07-23T18:00:00,26dd4b8c77bbb8e20e186f324bdbddc6,3,144.58,14
2026-06-25T18:00:00,2026-07-23T18:00:00,27bfe52bd0853bd3f11092007677bfb9,3,6.73,0
2026-06-25T18:00:00,2026-07-23T18:00:00,280b6752c408085707a707f5a47c09c2,3,0.45,0
2026-06-25T18:00:00,2026-07-23T18:00:00,281c3a62aef1c6504d60af1666cddbdc,3,7.00,0
2026-06-25T18:00:00,2026-07-23T18:00:00,28fea6f3218f2d3da2a3389566ac650b,3,97.87,9
2026-06-25T18:00:00,2026-07-23T18:00:00,29084122d4ce1458f61b25f9cb90eaea,3,0.25,0
2026-06-25T18:00:00,2026-07-23T18:00:00,29dc38c6029158c44cbe0b7eeecb11f7,3,0.22,0
2026-06-25T18:00:00,2026-07-23T18:00:00,29fb8faa0832782b569806cda13c5992,3,4.63,0
2026-06-25T18:00:00,2026-07-23T18:00:00,2a1b79c5e21cd569c2cbdef2e48cc9df,3,1.38,0
2026-06-25T18:00:00,2026-07-23T18:00:00,2ae2e4cfd042299d0dda5cbd63af78d9,3,1.25,0
2026-06-25T18:00:00,2026-07-23T18:00:00,2c4ae81fa946ea44d5536d05efa14d84,3,49.95,4
2026-06-25T18:00:00,2026-07-23T18:00:00,2c84151b8212eb532d459d5511d3bf87,3,0.03,0
2026-06-25T18:00:00,2026-07-23T18:00:00,2cca2b8148216f4a78c326c8e2757838,3,31.87,3
2026-06-25T18:00:00,2026-07-23T18:00:00,2d728c83acd9c162a2b5f8eafb99b6e7,3,7.50,0
2026-06-25T18:00:00,2026-07-23T18:00:00,2dc02428b95ff5a487875ef6f73169db,3,364.72,18
2026-06-25T18:00:00,2026-07-23T18:00:00,2df38b9cb60ba36544dea0089d80b0ca,3,794.68,60
2026-06-25T18:00:00,2026-07-23T18:00:00,2eb6a926097b0b64236ae3c2f32225bb,3,29.42,2
2026-06-25T18:00:00,2026-07-23T18:00:00,2f053772110a726f222f1ced77ab37a3,3,119.23,11
2026-06-25T18:00:00,2026-07-23T18:00:00,2f99f8058f1030ccb971082423a64c86,3,7.48,0
2026-06-25T18:00:00,2026-07-23T18:00:00,303bcec652319102c15bb00963799a0f,3,0.95,0
2026-06-25T18:00:00,2026-07-23T18:00:00,309d2c66315181fd728967948da6b8a0,3,45.52,4
2026-06-25T18:00:00,2026-07-23T18:00:00,30e0a80ff758eaf38749aeb93bd68363,3,24.70,2
2026-06-25T18:00:00,2026-07-23T18:00:00,318a1fa0531eff6a26fa4f71f2064ff3,3,142.85,14
2026-06-25T18:00:00,2026-07-23T18:00:00,318df043090da2bffc03e236ab49b305,3,8.55,0
2026-06-25T18:00:00,2026-07-23T18:00:00,31d2b5d0393fbc3d84e16e8817a5ef37,3,22.60,2
2026-06-25T18:00:00,2026-07-23T18:00:00,321deb4d08c2753f4805f3a9d4bce0e3,3,69.08,6
2026-06-25T18:00:00,2026-07-23T18:00:00,327fcc91faf07b0c68b21ba771545099,3,22.77,2
2026-06-25T18:00:00,2026-07-23T18:00:00,32dfd7a8d9575247c356bed605c5627a,3,23.60,2
2026-06-25T18:00:00,2026-07-23T18:00:00,32e349a28e497a6b9e84c389a99310ae,3,1075.87,86
2026-06-25T18:00:00,2026-07-23T18:00:00,35225da0f2d10668dc9bee55eee19e6e,3,4.82,0
2026-06-25T18:00:00,2026-07-23T18:00:00,36088d4d3c4277630580660050b83d99,3,591.42,48
2026-06-25T18:00:00,2026-07-23T18:00:00,361afc45de523ea8624522b5990209f7,3,327.92,18
2026-06-25T18:00:00,2026-07-23T18:00:00,365d96cb80ae491cfa4c955120fe5cc7,3,157.68,15
2026-06-25T18:00:00,2026-07-23T18:00:00,366fd890547ee7cb70bca6397daba3dc,3,90.42,8
2026-06-25T18:00:00,2026-07-23T18:00:00,37083d18e202a6f37d6c02a2c4d46f36,3,8.27,0
2026-06-25T18:00:00,2026-07-23T18:00:00,3729ec249f764b8d6f3dd497d57586b4,3,0.80,0
2026-06-25T18:00:00,2026-07-23T18:00:00,373eb2f3e686b8b0d3cc8f3f84ff19a4,3,4.38,0
2026-06-25T18:00:00,2026-07-23T18:00:00,37ec7b61dd5ac9fc3937d5ad773d1adf,3,0.60,0
2026-06-25T18:00:00,2026-07-23T18:00:00,380334a8bb469044acd774ffb0213874,3,173.73,16
2026-06-25T18:00:00,2026-07-23T18:00:00,3965a17251852f6aeb30a09fbd559cdc,3,209.92,18
2026-06-25T18:00:00,2026-07-23T18:00:00,3a16a17952b390b814e13a86630c1184,3,30.25,3
2026-06-25T18:00:00,2026-07-23T18:00:00,3a38acc06baf3d9a1e7cd03f963637eb,3,2.78,0
2026-06-25T18:00:00,2026-07-23T18:00:00,3c5d58773ffd05bd73319681c82ec1e0,3,45.95,4
2026-06-25T18:00:00,2026-07-23T18:00:00,3c6a167d58d100b8548bde685b6b4658,3,1.63,0
2026-06-25T18:00:00,2026-07-23T18:00:00,3c7f5aca9eaac7550198f04bf5408798,3,340.53,32
2026-06-25T18:00:00,2026-07-23T18:00:00,3cbbd5c908df7ea098c71c5305b9178a,3,6.77,0
2026-06-25T18:00:00,2026-07-23T18:00:00,3d6faca3e1b8b2d9653fd53852ff4a87,3,0.43,0
2026-06-25T18:00:00,2026-07-23T18:00:00,3dbf162f28cbd26bf8efb1e66ebf97cf,3,34.65,3
2026-06-25T18:00:00,2026-07-23T18:00:00,3f55fdedf2ee46e67aaa4246acf0893f,3,88.40,7
2026-06-25T18:00:00,2026-07-23T18:00:00,3f8a33918d0f99afeef8987996ef6c51,3,15.83,1
2026-06-25T18:00:00,2026-07-23T18:00:00,3fa4f03e18eca35a84616f36f90e68ff,3,0.28,0
2026-06-25T18:00:00,2026-07-23T18:00:00,41e0108e2b28245351b1b520add168f3,3,43.25,3
2026-06-25T18:00:00,2026-07-23T18:00:00,42d4ba4932f45dd5b9df1d8afb3747db,3,121.28,12
2026-06-25T18:00:00,2026-07-23T18:00:00,432879613d1e026d172040a914c74137,3,107.80,9
2026-06-25T18:00:00,2026-07-23T18:00:00,4342e5c35c79dc034d007a72c481da48,3,56.33,5
2026-06-25T18:00:00,2026-07-23T18:00:00,4375f3b70d840785e31eedb71eaf0aee,3,1.00,0
2026-06-25T18:00:00,2026-07-23T18:00:00,44ff55ba1c594e9fd8866140ada68a02,3,16.90,1
2026-06-25T18:00:00,2026-07-23T18:00:00,456d187a1d7621d42511d44ee8b8bf95,3,5.18,0
2026-06-25T18:00:00,2026-07-23T18:00:00,4689bd7438e9e2a56c3fb68fbec16420,3,0.27,0
2026-06-25T18:00:00,2026-07-23T18:00:00,475aa79097a440fc3ee0310c4def68c6,3,0.88,0
2026-06-25T18:00:00,2026-07-23T18:00:00,477e6b2439373ef2cf8e73bf0226e534,3,46.13,4
2026-06-25T18:00:00,2026-07-23T18:00:00,479fde05e759ac031ae5c0c27bd48e75,3,0.48,0
2026-06-25T18:00:00,2026-07-23T18:00:00,47a0df1490a8611afeee3bf1b8e58920,3,1.10,0
2026-06-25T18:00:00,2026-07-23T18:00:00,47cb87305a70bcb78e39d776de567ddc,3,15.03,1
2026-06-25T18:00:00,2026-07-23T18:00:00,47dd400212715531420d39d69220bca6,3,1.73,0
2026-06-25T18:00:00,2026-07-23T18:00:00,481f633de7d8f10f6ebf1e7894c2a6d6,3,0.03,0
2026-06-25T18:00:00,2026-07-23T18:00:00,48630af4a8fa1476f598f1a4339e843d,3,0.05,0
2026-06-25T18:00:00,2026-07-23T18:00:00,48dbe87614d3fcfb349b7f7fdde475f0,3,517.17,51
2026-06-25T18:00:00,2026-07-23T18:00:00,48e623e83265373659a60e9fa165ef71,3,4.67,0
2026-06-25T18:00:00,2026-07-23T18:00:00,493c428739d1f074a42f02a7f57cbfe7,3,672.88,63
2026-06-25T18:00:00,2026-07-23T18:00:00,4952dc368e3f36bf24797e92cd41f080,3,0.02,0
2026-06-25T18:00:00,2026-07-23T18:00:00,498956c778550aa09d1f62bf25a09b9c,3,686.62,66
2026-06-25T18:00:00,2026-07-23T18:00:00,49b7848add8ea50f5a82070d07e7d1cf,3,2.10,0
2026-06-25T18:00:00,2026-07-23T18:00:00,4a4c43e34f5c8cb1183fb3f637c975aa,3,330.02,31
2026-06-25T18:00:00,2026-07-23T18:00:00,4ade6fde83dea380dda7bbf959af94f4,3,425.20,31
2026-06-25T18:00:00,2026-07-23T18:00:00,4ae4a2848881bf826d47116a3d900df1,3,0.63,0
2026-06-25T18:00:00,2026-07-23T18:00:00,4b1d40cb62b073d17a76862c1e1cd14c,3,181.25,18
2026-06-25T18:00:00,2026-07-23T18:00:00,4bdccd4617ec69a287d4b5759dff9196,3,3.27,0
2026-06-25T18:00:00,2026-07-23T18:00:00,4c5e0c902dce82aed3a77c1f434a710c,3,401.13,22
2026-06-25T18:00:00,2026-07-23T18:00:00,4d3feba3702738235c0c37505da908c0,3,187.65,18
2026-06-25T18:00:00,2026-07-23T18:00:00,4d4291e2ba8665543344d2b0c83780cc,3,6.53,0
2026-06-25T18:00:00,2026-07-23T18:00:00,4e100be5060f9d5b6669a7e5fb30753d,3,111.18,10
2026-06-25T18:00:00,2026-07-23T18:00:00,4e4057a142dd542245fccfb2f08d3ce5,3,105.60,10
2026-06-25T18:00:00,2026-07-23T18:00:00,4f2d0f0015500badc2c739500d1ec7e7,3,0.03,0
2026-06-25T18:00:00,2026-07-23T18:00:00,4f732d54e1a653fe5f425960b5410883,3,380.95,31
2026-06-25T18:00:00,2026-07-23T18:00:00,514fef3b0d07cc9a65bd6510a3df2827,3,247.02,24
2026-06-25T18:00:00,2026-07-23T18:00:00,516020d9fb62ebc849ab346c0eb64676,3,3.13,0
2026-06-25T18:00:00,2026-07-23T18:00:00,518e94c27cfafa31f4b8d8c9346e4a48,3,419.92,34
2026-06-25T18:00:00,2026-07-23T18:00:00,5225aff78406cf5ce82f566ec3c3177f,3,909.88,70
2026-06-25T18:00:00,2026-07-23T18:00:00,522d4bf96ca7faeb34d65efadd9a4731,3,37.98,3
2026-06-25T18:00:00,2026-07-23T18:00:00,526cfba0d1305aed2ff7ac2efd2dcede,3,132.07,11
2026-06-25T18:00:00,2026-07-23T18:00:00,52aa62cc03cb576885dacc3d544e07c5,3,1547.10,98
2026-06-25T18:00:00,2026-07-23T18:00:00,53b263e45bc9dd0426f0af62114c41bb,3,4.42,0
2026-06-25T18:00:00,2026-07-23T18:00:00,543b81fa54ccf9291716f0b43542f740,3,5.83,0
2026-06-25T18:00:00,2026-07-23T18:00:00,548318d58347436d892597419a7c0945,3,733.95,50
2026-06-25T18:00:00,2026-07-23T18:00:00,54d535e7c7a92b14e153e37d4958dd6d,3,14.20,1
2026-06-25T18:00:00,2026-07-23T18:00:00,563fac7a9c9c568e4ecde8d0f6c0b9e7,3,45.00,4
2026-06-25T18:00:00,2026-07-23T18:00:00,56b2c6bc74035fd95704b84d352fd5a5,3,0.17,0
2026-06-25T18:00:00,2026-07-23T18:00:00,56da78ec6cd704bb9b94ae68ad145ed4,3,60.38,6
2026-06-25T18:00:00,2026-07-23T18:00:00,57d1e8e27caa1d2e3a2c2e5d39c2bfcd,3,96.47,9
2026-06-25T18:00:00,2026-07-23T18:00:00,5af4686b8784a8aecc040909a36f47da,3,11.07,1
2026-06-25T18:00:00,2026-07-23T18:00:00,5afa8cc5ae2b9fac84c9ec6d790044bd,3,6.58,0
2026-06-25T18:00:00,2026-07-23T18:00:00,5c0089a8eefde425599888ee10a4d6b2,3,780.60,69
2026-06-25T18:00:00,2026-07-23T18:00:00,5c637dfa69cfc1bdb129559ca5051e03,3,9.20,0
2026-06-25T18:00:00,2026-07-23T18:00:00,5d3ba15ac9e7226e40582ec52a4c5775,3,66.43,6
2026-06-25T18:00:00,2026-07-23T18:00:00,5d440f62946e10c1005d807f14987917,3,0.93,0
2026-06-25T18:00:00,2026-07-23T18:00:00,5e06bc354018c886291ec331e54f271a,3,1.20,0
2026-06-25T18:00:00,2026-07-23T18:00:00,5f7218576dc6c3e22ebbf8f3fa720811,3,12.70,1
2026-06-25T18:00:00,2026-07-23T18:00:00,5fe6c2a01926531f849c0ba4980a5a47,3,450.95,42
2026-06-25T18:00:00,2026-07-23T18:00:00,6025117ecccd5079c0c4966cf483ef16,3,28.22,2
2026-06-25T18:00:00,2026-07-23T18:00:00,60460546af4ac1bd8bac3effd0cf2a9b,3,59.10,5
2026-06-25T18:00:00,2026-07-23T18:00:00,62ca27a1ca0272e113bc085da0575f25,3,0.67,0
2026-06-25T18:00:00,2026-07-23T18:00:00,643b510c5556997fe35166d635c569b0,3,2.05,0
2026-06-25T18:00:00,2026-07-23T18:00:00,64f45b104bb74d3ad2a6d9a46714de7d,3,161.77,15
2026-06-25T18:00:00,2026-07-23T18:00:00,653c8f73f0caa191753cb42585b712fb,3,0.18,0
2026-06-25T18:00:00,2026-07-23T18:00:00,6594cfa6feffa9eae074ed2cb00d3d15,3,47.35,4
2026-06-25T18:00:00,2026-07-23T18:00:00,65d2d9423af9560bb10b01a63b7c3544,3,44.50,4
2026-06-25T18:00:00,2026-07-23T18:00:00,65fae484d001ce2bae914e355072ef85,3,307.78,29
2026-06-25T18:00:00,2026-07-23T18:00:00,6730570f54988accf3a7cb80958b71b8,3,0.88,0
2026-06-25T18:00:00,2026-07-23T18:00:00,67bdda446377deb778936d8eb37ae225,3,216.88,20
2026-06-25T18:00:00,2026-07-23T18:00:00,68dc2996462abf1646acc597f32f8c5a,3,9.90,0
2026-06-25T18:00:00,2026-07-23T18:00:00,69d0dcc2843e1d475fbe0e84f96bb43e,3,0.23,0
2026-06-25T18:00:00,2026-07-23T18:00:00,6af27f67c012f4222a97721ea289f247,3,721.85,54
2026-06-25T18:00:00,2026-07-23T18:00:00,6b104bfaeb0703efe279f8979a2e746f,3,1506.33,90
2026-06-25T18:00:00,2026-07-23T18:00:00,6b1f101e30b640ebb1eacc58b9ac72ce,3,11.42,1
2026-06-25T18:00:00,2026-07-23T18:00:00,6b38e4514aea564bc90a1e8b9cc79dc5,3,15.05,1
2026-06-25T18:00:00,2026-07-23T18:00:00,6bc982bca3a7ff5cbf98b7c8bb45e7b2,3,138.68,12
2026-06-25T18:00:00,2026-07-23T18:00:00,6be50b69cd06614d66092f93020701b7,3,53.20,5
2026-06-25T18:00:00,2026-07-23T18:00:00,6c13b36f57d9e1c1da94fb89cd7eab97,3,0.33,0
2026-06-25T18:00:00,2026-07-23T18:00:00,6c206102b26546a57261070d1d1d7482,3,8.00,0
2026-06-25T18:00:00,2026-07-23T18:00:00,6c3818d7c65416c8a0d8fec6da0a4c1a,3,692.02,64
2026-06-25T18:00:00,2026-07-23T18:00:00,6d1a185d397caaf2fdc2c062f82d5e87,3,0.95,0
2026-06-25T18:00:00,2026-07-23T18:00:00,6da93d6b321dad95a318dae4511488be,3,0.33,0
2026-06-25T18:00:00,2026-07-23T18:00:00,6e4cf1503c9f79b681f928d2d0a7c79a,3,49.78,4
2026-06-25T18:00:00,2026-07-23T18:00:00,6e8d16c487cdb71d21575552f9635907,3,18.38,1
2026-06-25T18:00:00,2026-07-23T18:00:00,6f3a08b86a72e3affdc53dcc791c3fce,3,23.70,2
2026-06-25T18:00:00,2026-07-23T18:00:00,6f9379fa2c56bcd90d24b7d000eb8af3,3,17.45,1
2026-06-25T18:00:00,2026-07-23T18:00:00,6fa490b53c77375d899569d5ae66c940,3,162.90,16
2026-06-25T18:00:00,2026-07-23T18:00:00,709d02d6be75c5cd061827d70853b7fd,3,159.68,15
2026-06-25T18:00:00,2026-07-23T18:00:00,70daf6dc5780261d956e260b87cef5ee,3,1.32,0
2026-06-25T18:00:00,2026-07-23T18:00:00,71b85eddce9b7aa674fa5fc2bb80c650,3,5.98,0
2026-06-25T18:00:00,2026-07-23T18:00:00,71c5f38e45d58d40b40d95ae95250ad7,3,70.90,6
2026-06-25T18:00:00,2026-07-23T18:00:00,71cec018d4b550cd0c08eb727a7faf8c,3,253.60,18
2026-06-25T18:00:00,2026-07-23T18:00:00,71de00c37d9a070e5f6b236ccbdcba0c,3,25.08,2
2026-06-25T18:00:00,2026-07-23T18:00:00,72827d07287cc626427105b8c2d12143,3,1.27,0
2026-06-25T18:00:00,2026-07-23T18:00:00,72917a98e512e0e05bfbd1ddd23e9c2e,3,5.20,0
2026-06-25T18:00:00,2026-07-23T18:00:00,72c0f84679ec53e8efedabcdf47aef8f,3,6.00,0
2026-06-25T18:00:00,2026-07-23T18:00:00,747a4ec2faded64af0184f5fe95d2dd6,3,79.97,7
2026-06-25T18:00:00,2026-07-23T18:00:00,74a6308dc6da9d40d01ef9512583b03c,3,1090.27,49
2026-06-25T18:00:00,2026-07-23T18:00:00,74f0bee65c06b7d0985bc56a9dd1640c,3,0.80,0
2026-06-25T18:00:00,2026-07-23T18:00:00,74f4a80dba70dd146b9fb5700c677a27,3,67.40,6
2026-06-25T18:00:00,2026-07-23T18:00:00,7552be7e2f5db557b9307f69bfc3538b,3,191.97,17
2026-06-25T18:00:00,2026-07-23T18:00:00,75e0c7bf023d3becc638600fed4d5be6,3,33.18,3
2026-06-25T18:00:00,2026-07-23T18:00:00,75fc3f5e3152fd44a6d6615e0347814f,3,97.02,8
2026-06-25T18:00:00,2026-07-23T18:00:00,773a8a870ae78eb95f97f4de2a630009,3,65.78,6
2026-06-25T18:00:00,2026-07-23T18:00:00,779329aaab77e4b491af55322b5b33cc,3,276.02,18
2026-06-25T18:00:00,2026-07-23T18:00:00,779bd7884381326ad67caad3458fc726,3,18.78,1
2026-06-25T18:00:00,2026-07-23T18:00:00,7822c98271b3de3601f2e307dbaf0ffc,3,92.25,7
2026-06-25T18:00:00,2026-07-23T18:00:00,788dd96db8383802318babd8222ae1ff,3,127.12,11
2026-06-25T18:00:00,2026-07-23T18:00:00,798a01e35a89071c796a00a79cb8385f,3,63.45,6
2026-06-25T18:00:00,2026-07-23T18:00:00,79b7fcd3ce5fed044a02c1c90f852878,3,132.02,12
2026-06-25T18:00:00,2026-07-23T18:00:00,79f0ced4ff3b2099763cee59d41253e0,3,0.87,0
2026-06-25T18:00:00,2026-07-23T18:00:00,7a1f237c3a852c469ab28cc529f783be,3,837.62,41
2026-06-25T18:00:00,2026-07-23T18:00:00,7b137e8dbcb7c14df77c30aa7a5b8719,3,120.77,11
2026-06-25T18:00:00,2026-07-23T18:00:00,7b3535f10a0825e6755a6dd76e493d16,3,39.28,3
2026-06-25T18:00:00,2026-07-23T18:00:00,7b765c734271b45cb56201d59591175f,3,18.15,1
2026-06-25T18:00:00,2026-07-23T18:00:00,7b88e3445705c883ee9b9c3395bd319c,3,2041.47,118
2026-06-25T18:00:00,2026-07-23T18:00:00,7b89c74f4b5407598f9ecbc24dece235,3,71.12,7
2026-06-25T18:00:00,2026-07-23T18:00:00,7c13f6d61164d186cc8c7f28f06ba178,3,182.62,18
2026-06-25T18:00:00,2026-07-23T18:00:00,7c5e09e3b9cb606025c0d5b2954eccce,3,88.10,8
2026-06-25T18:00:00,2026-07-23T18:00:00,7cbc02b5cb6562de93c22155f5087eda,3,92.08,9
2026-06-25T18:00:00,2026-07-23T18:00:00,7d0b835dc732165942f5cf59bc0e9d41,3,75.37,7
2026-06-25T18:00:00,2026-07-23T18:00:00,7e6f8a2de06f726d0d88e11b1d094a1e,3,2.48,0
2026-06-25T18:00:00,2026-07-23T18:00:00,7ef4d9cff401ca99ce708f42755b9472,3,29.02,2
2026-06-25T18:00:00,2026-07-23T18:00:00,7f3caddb3cdbc91807a5cbeb4c4e11f9,3,112.53,11
2026-06-25T18:00:00,2026-07-23T18:00:00,8009d74c06502f72dae3a4b2b30d347d,3,8.95,0
2026-06-25T18:00:00,2026-07-23T18:00:00,801bbbec11ce409c3578a827cdc54ada,3,225.12,20
2026-06-25T18:00:00,2026-07-23T18:00:00,8046fe40c78da7e756f2e140528ebfe2,3,752.12,73
2026-06-25T18:00:00,2026-07-23T18:00:00,80b73881ade0e2aee5df135bebd50387,3,1597.55,93
2026-06-25T18:00:00,2026-07-23T18:00:00,80fa7438cbd59d6a593c8959aac8b9f5,3,1.22,0
2026-06-25T18:00:00,2026-07-23T18:00:00,81727d3c9baca1455bfe5beb3297580d,3,12.77,1
2026-06-25T18:00:00,2026-07-23T18:00:00,81e88512da10e1c96bd61b58452a2f69,3,0.72,0
2026-06-25T18:00:00,2026-07-23T18:00:00,81ff0c40c1a5ddd47e82462f83273403,3,0.07,0
2026-06-25T18:00:00,2026-07-23T18:00:00,82f7131827d9e248f2c57651d4482ea4,3,625.93,57
2026-06-25T18:00:00,2026-07-23T18:00:00,83422a4002401d75309e461e2a93db23,3,167.55,13
2026-06-25T18:00:00,2026-07-23T18:00:00,839e3665073a828e7c21b29f18606031,3,5.68,0
2026-06-25T18:00:00,2026-07-23T18:00:00,846b512109e5e690df622cb5fbad5041,3,3.12,0
2026-06-25T18:00:00,2026-07-23T18:00:00,84adbccbc5b11be07ac3c873d93ee170,3,17.27,1
2026-06-25T18:00:00,2026-07-23T18:00:00,85a3db5a028daf448d35edacd51b86d0,3,30.27,3
2026-06-25T18:00:00,2026-07-23T18:00:00,85e805894d467a6a7c8adfde3c8d7a71,3,61.27,6
2026-06-25T18:00:00,2026-07-23T18:00:00,85fc9b7520fcab600db157c281ad7537,3,0.73,0
2026-06-25T18:00:00,2026-07-23T18:00:00,86121948e45edee3fa73930c16af5326,3,1603.17,82
2026-06-25T18:00:00,2026-07-23T18:00:00,86470cc76e4b5bea6f0f91ae5692e9f9,3,58.23,5
2026-06-25T18:00:00,2026-07-23T18:00:00,86d1e9967b23c41d8388bbb4a8ff8a5f,3,4.85,0
2026-06-25T18:00:00,2026-07-23T18:00:00,8755358cf86fe508027c709418e07430,3,129.40,12
2026-06-25T18:00:00,2026-07-23T18:00:00,87cc161692ed8c65ebde4f72e44f8fcc,3,88.78,7
2026-06-25T18:00:00,2026-07-23T18:00:00,88ca12b4fba0b3d942fa66e856b9ea1b,3,35.02,2
2026-06-25T18:00:00,2026-07-23T18:00:00,88d0953937786e73fc7b57263d46d671,3,201.97,18
2026-06-25T18:00:00,2026-07-23T18:00:00,897a68f73cd11ef754ef5a4d059d3e6b,3,7.40,0
2026-06-25T18:00:00,2026-07-23T18:00:00,8a53b72d2c710974413fa84ffd803b5f,3,247.48,23
2026-06-25T18:00:00,2026-07-23T18:00:00,8a975cc6d7693f9ff905e8cdab7d8e42,3,413.80,37
2026-06-25T18:00:00,2026-07-23T18:00:00,8b053436a92a647372787cfed4128db7,3,99.68,9
2026-06-25T18:00:00,2026-07-23T18:00:00,8b1b478bc75546b18d8ad7cab27ce407,3,0.50,0
2026-06-25T18:00:00,2026-07-23T18:00:00,8b6191f5cef4dcde60fc67a6de716391,3,0.45,0
2026-06-25T18:00:00,2026-07-23T18:00:00,8ba793c46db6a1e22c8f435fb730ac26,3,2183.40,104
2026-06-25T18:00:00,2026-07-23T18:00:00,8bd0744751924f59239c4ecc09f35ea1,3,75.07,6
2026-06-25T18:00:00,2026-07-23T18:00:00,8d35d7aeed378720205e51f726165915,3,5.33,0
2026-06-25T18:00:00,2026-07-23T18:00:00,8d48aade32cb70a42e5f10b31cbebe51,3,20.02,2
2026-06-25T18:00:00,2026-07-23T18:00:00,8d706bbc39cfeb5696a7352967b0b8d6,3,0.35,0
2026-06-25T18:00:00,2026-07-23T18:00:00,8d96d95fe1759cf187a8ab6601950f11,3,0.30,0
2026-06-25T18:00:00,2026-07-23T18:00:00,8d9de7882d8ef633f182d637231e3de3,3,8.73,0
2026-06-25T18:00:00,2026-07-23T18:00:00,8db033a7d2deb1ae68f3158ef099c68d,3,21.45,2
2026-06-25T18:00:00,2026-07-23T18:00:00,8e549368305a79b0bddfa973d02f0f79,3,0.70,0
2026-06-25T18:00:00,2026-07-23T18:00:00,8e671c573caf4cea2ac0188bc11727cd,3,24.37,2
2026-06-25T18:00:00,2026-07-23T18:00:00,8ed9818140e43f96d3563e7e1047c974,3,1.05,0
2026-06-25T18:00:00,2026-07-23T18:00:00,8edb5f842d4a4f84adf56628bb37c455,3,1.28,0
2026-06-25T18:00:00,2026-07-23T18:00:00,8f2f895ce22a54cba90d23d528364121,3,1010.35,68
2026-06-25T18:00:00,2026-07-23T18:00:00,90762ff65f33780cb70d8b8f9c8943e1,3,48.53,4
2026-06-25T18:00:00,2026-07-23T18:00:00,915c90e617bb8ef6e1636f0a5329df3d,3,149.13,14
2026-06-25T18:00:00,2026-07-23T18:00:00,92cd8c1611c351c66175caa62f4260b9,3,192.17,17
2026-06-25T18:00:00,2026-07-23T18:00:00,93b2e10c2557d2817c60a73fcb5d3f29,3,135.35,13
2026-06-25T18:00:00,2026-07-23T18:00:00,946581ba894477fe3970d8dbd42be3e5,3,59.08,5
2026-06-25T18:00:00,2026-07-23T18:00:00,94e27be0709a50d34f773f2d57903633,3,468.82,43
2026-06-25T18:00:00,2026-07-23T18:00:00,957eff70bdef3f8ad80e00682d2b89ca,3,1.00,0
2026-06-25T18:00:00,2026-07-23T18:00:00,96591bb779011e8c4de2add70f6c07cb,3,8.45,0
2026-06-25T18:00:00,2026-07-23T18:00:00,966cd25f2d7ca55ddb10449b9a11d957,3,181.85,16
2026-06-25T18:00:00,2026-07-23T18:00:00,96c499fc889d5e3bf1b34c5351db904c,3,397.93,31
2026-06-25T18:00:00,2026-07-23T18:00:00,976f93fbb1f93d1179a5ee14b477bc56,3,17.05,1
2026-06-25T18:00:00,2026-07-23T18:00:00,97af940e15edca890baa46379b60a541,3,104.65,10
2026-06-25T18:00:00,2026-07-23T18:00:00,97eb6f796d3c17be15ed9e5345537dc2,3,253.70,19
2026-06-25T18:00:00,2026-07-23T18:00:00,98490f096f9075b4fea865fb618c41f4,3,42.85,4
2026-06-25T18:00:00,2026-07-23T18:00:00,990c80b514a41ffac0d8e2b4886fdf0a,3,71.02,7
2026-06-25T18:00:00,2026-07-23T18:00:00,9a30401dc5ad31f9e3e697fe2bc89709,3,4.02,0
2026-06-25T18:00:00,2026-07-23T18:00:00,9a74ba62c3ba1b839849808580fb3e7b,3,0.20,0
2026-06-25T18:00:00,2026-07-23T18:00:00,9a9fe42e4a54b12b69b0f495733a281c,3,442.72,35
2026-06-25T18:00:00,2026-07-23T18:00:00,9adbec650a546c7ee10c4b1b91dc9b91,3,117.50,10
2026-06-25T18:00:00,2026-07-23T18:00:00,9afd179d5648a35c811b68d9fb3f468b,3,7.85,0
2026-06-25T18:00:00,2026-07-23T18:00:00,9ba79415927e9e26edc5792bad04533c,3,0.73,0
2026-06-25T18:00:00,2026-07-23T18:00:00,9bae640f5bdf2cd78ffe884e0e757573,3,30.65,2
2026-06-25T18:00:00,2026-07-23T18:00:00,9c26d93da4825a1c11da6d92cc060cac,3,228.12,21
2026-06-25T18:00:00,2026-07-23T18:00:00,9cb3dab591550bc691b2e306508eea8f,3,82.90,7
2026-06-25T18:00:00,2026-07-23T18:00:00,9d0b0a266a5d71b582f9409c3bf4c45e,3,301.73,28
2026-06-25T18:00:00,2026-07-23T18:00:00,9d0c4e9774a66142e68bf6696e6e6275,3,268.25,21
2026-06-25T18:00:00,2026-07-23T18:00:00,9d73cb4420e9a52b73122facaf729551,3,35.33,3
2026-06-25T18:00:00,2026-07-23T18:00:00,9dbc493ebd7d870238e01e4fe4c20b4b,3,45.40,4
2026-06-25T18:00:00,2026-07-23T18:00:00,9f00b2fd7e78795d4c023a8c72964d8b,3,84.50,8
2026-06-25T18:00:00,2026-07-23T18:00:00,a0bb7dfcb2a6048ae6fc5cdb182d9633,3,0.17,0
2026-06-25T18:00:00,2026-07-23T18:00:00,a0dbf5c8f064f79bc50f662f34cef39e,3,2.55,0
2026-06-25T18:00:00,2026-07-23T18:00:00,a2ab69b9c571aa3e4be5576cc250ef66,3,3.20,0
2026-06-25T18:00:00,2026-07-23T18:00:00,a2b9b974332877f6035b8adace6dd035,3,579.85,45
2026-06-25T18:00:00,2026-07-23T18:00:00,a2df3f13ef85e1f78255bf2fc333e2c8,3,2.25,0
2026-06-25T18:00:00,2026-07-23T18:00:00,a3d68b6845f7e445ab99f5c8e2e8114f,3,488.92,40
2026-06-25T18:00:00,2026-07-23T18:00:00,a41f27a871bd875d59472a7c1373e0b2,3,100.68,9
2026-06-25T18:00:00,2026-07-23T18:00:00,a42d307a2416fd4225b0f4d0a3ef7a09,3,0.83,0
2026-06-25T18:00:00,2026-07-23T18:00:00,a5075a7dcc36b2c82c11775732feae80,3,22.33,2
2026-06-25T18:00:00,2026-07-23T18:00:00,a51cb4830e491df7c7ebdd5f340795d5,3,63.90,6
2026-06-25T18:00:00,2026-07-23T18:00:00,a5d448bc5b4085ba34049337b2e4bd49,3,369.17,36
2026-06-25T18:00:00,2026-07-23T18:00:00,a787ca8847883223629d10f3fb8568f8,3,543.80,18
2026-06-25T18:00:00,2026-07-23T18:00:00,a7ae53cebbc3623d385cc2bb5a455494,3,9.40,0
2026-06-25T18:00:00,2026-07-23T18:00:00,a85e801fa2912de44a9de25730c6f1aa,3,83.27,8
2026-06-25T18:00:00,2026-07-23T18:00:00,a87bcea2b3bbe7c7e6885c4b0e2b614a,3,498.15,47
2026-06-25T18:00:00,2026-07-23T18:00:00,a954d3762ff0ffa040277ba271efe95a,3,37.32,3
2026-06-25T18:00:00,2026-07-23T18:00:00,a9885484aee23cb252e7a65f30d2ff53,3,19.10,1
2026-06-25T18:00:00,2026-07-23T18:00:00,aa3781dd97029683c963e2d9f47e8be2,3,2.40,0
2026-06-25T18:00:00,2026-07-23T18:00:00,aa9dcd5b75fcdd639ae2f45030b2412d,3,95.97,9
2026-06-25T18:00:00,2026-07-23T18:00:00,ab284306a437f6742e6e0638247eae53,3,0.68,0
2026-06-25T18:00:00,2026-07-23T18:00:00,ab7f13a1cf62c9e5302e6a93f168f2b2,3,184.53,16
2026-06-25T18:00:00,2026-07-23T18:00:00,accab54a9b900044a008add844607a42,3,141.93,14
2026-06-25T18:00:00,2026-07-23T18:00:00,acf15d17aa69d4c6ef4fb2db21eea311,3,0.12,0
2026-06-25T18:00:00,2026-07-23T18:00:00,ad383a430dd9b92a89f4b898855fc882,3,128.27,12
2026-06-25T18:00:00,2026-07-23T18:00:00,adce9e7493f98cdfc4a8dbf1837cccb8,3,32.68,3
2026-06-25T18:00:00,2026-07-23T18:00:00,adf98e082ef198706ba863249788b74f,3,8.05,0
2026-06-25T18:00:00,2026-07-23T18:00:00,ae114d775bb0f5092331b7c3b41d7c86,3,1.07,0
2026-06-25T18:00:00,2026-07-23T18:00:00,af0a193f8c8d2b2bed24ca811cb3a029,3,19.83,1
2026-06-25T18:00:00,2026-07-23T18:00:00,b0222244e7ab3f9056e89c5af0c6b91e,3,2.32,0
2026-06-25T18:00:00,2026-07-23T18:00:00,b08c5fbd2cf1162fba98efe628b6b084,3,555.15,47
2026-06-25T18:00:00,2026-07-23T18:00:00,b107f0cb7a052e4eac253bedd43f656c,3,0.07,0
2026-06-25T18:00:00,2026-07-23T18:00:00,b124bdaddb606ea47c2cd71a5bc230ef,3,481.40,44
2026-06-25T18:00:00,2026-07-23T18:00:00,b2587cf77ad90b4080eb4c6f60146aa8,3,0.18,0
2026-06-25T18:00:00,2026-07-23T18:00:00,b2b18ef8744c214b603de10d2958f2a1,3,1768.17,94
2026-06-25T18:00:00,2026-07-23T18:00:00,b2f1a5f6b20112b8c1c485de876c9bef,3,35.48,3
2026-06-25T18:00:00,2026-07-23T18:00:00,b30e9f28da7ee3ab336b01edcd77090e,3,1.08,0
2026-06-25T18:00:00,2026-07-23T18:00:00,b3394be6670d46941b0262fffc347f60,3,1.62,0
2026-06-25T18:00:00,2026-07-23T18:00:00,b4110009eea76322bb6230bd9a159a97,3,1.58,0
2026-06-25T18:00:00,2026-07-23T18:00:00,b4193b58fe4c3e5e4f3216d2272e51c6,3,83.25,8
2026-06-25T18:00:00,2026-07-23T18:00:00,b49a275aeaca4f914b985de92f741ed2,3,53.70,5
2026-06-25T18:00:00,2026-07-23T18:00:00,b734cbdedb80a43c9c7f76e1e8971706,3,2.15,0
2026-06-25T18:00:00,2026-07-23T18:00:00,b820eee86ebc90c8684098f458ee4a14,3,113.97,11
2026-06-25T18:00:00,2026-07-23T18:00:00,b843dfa96ccc07a524f65b43bc1cbcd6,3,19.45,1
2026-06-25T18:00:00,2026-07-23T18:00:00,b884d24a3ce623f8226cc68094facf7a,3,4.65,0
2026-06-25T18:00:00,2026-07-23T18:00:00,b9218e9e967d01272f050482b756d81d,3,95.15,8
2026-06-25T18:00:00,2026-07-23T18:00:00,b946217bfe8ee7a8df2ed710d1088638,3,40.85,3
2026-06-25T18:00:00,2026-07-23T18:00:00,ba26e898f322644bdc628394694f7b58,3,85.00,8
2026-06-25T18:00:00,2026-07-23T18:00:00,bacd092718717b4eb1784c718205bb4f,3,99.40,9
2026-06-25T18:00:00,2026-07-23T18:00:00,bb529dc809483151707ffac6197f7ad3,3,106.90,10
2026-06-25T18:00:00,2026-07-23T18:00:00,bccfdca7d2cce7ff238be0b5b2169788,3,179.53,16
2026-06-25T18:00:00,2026-07-23T18:00:00,bd49463957ef43834e864ad5ce76f7f7,3,305.12,22
2026-06-25T18:00:00,2026-07-23T18:00:00,bd76e6d12956dfbe528ee3b797c61416,3,1585.63,73
2026-06-25T18:00:00,2026-07-23T18:00:00,beca8456ffa8901385c349edd1731837,3,1.52,0
2026-06-25T18:00:00,2026-07-23T18:00:00,bef266cad1a50ba0e7b2e4c87f57329c,3,1.28,0
2026-06-25T18:00:00,2026-07-23T18:00:00,bfde1f1c169e13a28354d1093ec10614,3,31.08,3
2026-06-25T18:00:00,2026-07-23T18:00:00,c0511ed8e067ba4e9ea4e09ba50ea392,3,215.53,19
2026-06-25T18:00:00,2026-07-23T18:00:00,c07f57068b9ea30107644271c96897c6,3,766.78,46
2026-06-25T18:00:00,2026-07-23T18:00:00,c0edabd2fa050ccd8d6af04205fcca20,3,701.47,61
2026-06-25T18:00:00,2026-07-23T18:00:00,c198210dcf8eecf3c8a13f6eda094fa8,3,6.92,0
2026-06-25T18:00:00,2026-07-23T18:00:00,c1a08e53ac92bcbbd4d2553357225f8b,3,336.62,32
2026-06-25T18:00:00,2026-07-23T18:00:00,c1d7197391140a15fbce153f61b2c045,3,12.20,1
2026-06-25T18:00:00,2026-07-23T18:00:00,c204578299c3369eb3c954aac931ea90,3,112.70,11
2026-06-25T18:00:00,2026-07-23T18:00:00,c245a458385e47f156781f354910fd23,3,0.67,0
2026-06-25T18:00:00,2026-07-23T18:00:00,c29605f826ed7c66577cc2eac9dab645,3,1.13,0
2026-06-25T18:00:00,2026-07-23T18:00:00,c2ae2ed247b0edbdcc741523e3df9919,3,99.18,8
2026-06-25T18:00:00,2026-07-23T18:00:00,c2feddc26463c652b9dcefbd94908617,3,16.72,1
2026-06-25T18:00:00,2026-07-23T18:00:00,c6d19087fd62ffdf6534b5d6e7fb4b49,3,3.38,0
2026-06-25T18:00:00,2026-07-23T18:00:00,c6ef46093999e49556d7b421a4458bef,3,79.68,7
2026-06-25T18:00:00,2026-07-23T18:00:00,c7b4163d53efaa5717dbf0c410ebc106,3,5.68,0
2026-06-25T18:00:00,2026-07-23T18:00:00,c7f5a04b936dcc02cccf245080f99ede,3,2.60,0
2026-06-25T18:00:00,2026-07-23T18:00:00,c8191529c0699dbb9b593e68d5e9d19f,3,11.20,1
2026-06-25T18:00:00,2026-07-23T18:00:00,c837d3c836938bc12bdb508ffa1f7c2c,3,5.48,0
2026-06-25T18:00:00,2026-07-23T18:00:00,c8bf9c2d56fb7518b2c5e93c1bb8566d,3,2.25,0
2026-06-25T18:00:00,2026-07-23T18:00:00,c93220272f28380621302789472749aa,3,63.48,5
2026-06-25T18:00:00,2026-07-23T18:00:00,ca7b2ac7a677ca41b3faa448db21e87a,3,83.60,8
2026-06-25T18:00:00,2026-07-23T18:00:00,cb05cce22a4005582b7906b78a0e423c,3,166.15,16
2026-06-25T18:00:00,2026-07-23T18:00:00,cb12139456c78bf0badf0776471ee415,3,7.62,0
2026-06-25T18:00:00,2026-07-23T18:00:00,cb2e7105d4125fadfa8d17ee59c10c42,3,702.60,50
2026-06-25T18:00:00,2026-07-23T18:00:00,cb6c921564d59d14f4d04a7a08524841,3,12.60,1
2026-06-25T18:00:00,2026-07-23T18:00:00,cc34a16620c8e297f54c8d3deab1529a,3,107.98,10
2026-06-25T18:00:00,2026-07-23T18:00:00,cd05a7e623248db7f4dc0cb752343536,3,0.55,0
2026-06-25T18:00:00,2026-07-23T18:00:00,cd1f37ffd379a29235dc7f3f296c0508,3,419.03,39
2026-06-25T18:00:00,2026-07-23T18:00:00,cd71ec759695425bf9a6ef4c1656ca2c,3,0.30,0
2026-06-25T18:00:00,2026-07-23T18:00:00,cd76791a335a86df691d57abcbd57283,3,160.18,15
2026-06-25T18:00:00,2026-07-23T18:00:00,cdb65bb85942d1d028f7e46356bbd724,3,14.05,1
2026-06-25T18:00:00,2026-07-23T18:00:00,cdf04f076cac5c288ea189af2b2f3594,3,144.28,13
2026-06-25T18:00:00,2026-07-23T18:00:00,cedf79d3261749d027847e76dfff20cc,3,18.08,1
2026-06-25T18:00:00,2026-07-23T18:00:00,cf3a30003b3a953e672c2acbf522eb77,3,0.58,0
2026-06-25T18:00:00,2026-07-23T18:00:00,cf3e43047f8912354716805697b851cc,3,92.77,8
2026-06-25T18:00:00,2026-07-23T18:00:00,cf5f8ad39d34b44896055b90eb13478e,3,33.23,3
2026-06-25T18:00:00,2026-07-23T18:00:00,d010917c0b6dc682e76b873814e2e7df,3,344.43,30
2026-06-25T18:00:00,2026-07-23T18:00:00,d0c84974a2e2abdb27eef6b5e903098a,3,54.80,5
2026-06-25T18:00:00,2026-07-23T18:00:00,d275008bc33df80b491a73adeb91f0f7,3,0.67,0
2026-06-25T18:00:00,2026-07-23T18:00:00,d28f0fad3db467f5501cd445f66cc1b2,3,78.93,7
2026-06-25T18:00:00,2026-07-23T18:00:00,d34bba7dc4428ee7db83c2da8573e335,3,12.03,0
2026-06-25T18:00:00,2026-07-23T18:00:00,d48799f970e6147ab4d02a31d554ff8d,3,187.15,16
2026-06-25T18:00:00,2026-07-23T18:00:00,d52c404989b969646faefcb6484d30f4,3,108.10,10
2026-06-25T18:00:00,2026-07-23T18:00:00,d564d60bb275f43f25a3e215ba79ce06,3,0.18,0
2026-06-25T18:00:00,2026-07-23T18:00:00,d5c0f3d155bc184efd91bf30d38cc9b4,3,521.22,30
2026-06-25T18:00:00,2026-07-23T18:00:00,d5cfa35bd0c7aa924ba11e4e0e237a77,3,8.37,0
2026-06-25T18:00:00,2026-07-23T18:00:00,d5e4e0347a1cadac82b628800195c61e,3,0.57,0
2026-06-25T18:00:00,2026-07-23T18:00:00,d62848cdabdec1c778136b2a5b2c29cb,3,1033.65,67
2026-06-25T18:00:00,2026-07-23T18:00:00,d69f737d10dcfdc90f44e9b9003d2aa4,3,8.60,0
2026-06-25T18:00:00,2026-07-23T18:00:00,d6efd75ab40e475d30834ea244366d6a,3,0.08,0
2026-06-25T18:00:00,2026-07-23T18:00:00,d74751cd364a3f1722b777942bb10ad8,3,15.78,1
2026-06-25T18:00:00,2026-07-23T18:00:00,d8f2e36c5565a6764a958fac81958798,3,9.13,0
2026-06-25T18:00:00,2026-07-23T18:00:00,d8fc61d60a1450474c919d19904a81c2,3,16.18,1
2026-06-25T18:00:00,2026-07-23T18:00:00,d9a41319ea9e0c9c9fb3434d3ea24cf8,3,23.62,2
2026-06-25T18:00:00,2026-07-23T18:00:00,da1055539c715dfe4430de43d22c2027,3,186.65,17
2026-06-25T18:00:00,2026-07-23T18:00:00,da3f933d88e1bfeee7c089da0c8c0898,3,22.82,2
2026-06-25T18:00:00,2026-07-23T18:00:00,da4f415e4ad4f349f5c311617cf584c8,3,196.43,18
2026-06-25T18:00:00,2026-07-23T18:00:00,db5f8be34f6a7783a8dfd7e39a661ca0,3,18.33,1
2026-06-25T18:00:00,2026-07-23T18:00:00,db6b093693e17ccc0b3e35903749faa4,3,1270.07,100
2026-06-25T18:00:00,2026-07-23T18:00:00,dbde37a81b0bd9de17edc8be581b6480,3,0.05,0
2026-06-25T18:00:00,2026-07-23T18:00:00,dc255128576dece31f48e19822aed050,3,17.02,1
2026-06-25T18:00:00,2026-07-23T18:00:00,dfa234579d939c80155f87bdfc44502d,3,184.98,17
2026-06-25T18:00:00,2026-07-23T18:00:00,e0087e959a0aba6a92772e44a2defb21,3,7.12,0
2026-06-25T18:00:00,2026-07-23T18:00:00,e036493692288af3173af7d8d4a69cf2,3,3.23,0
2026-06-25T18:00:00,2026-07-23T18:00:00,e0c1e0914a8cf1d9d3f1c9c09d4a3d54,3,752.77,57
2026-06-25T18:00:00,2026-07-23T18:00:00,e0c4dfd6a75b791bf84efa9d5b878d02,3,1390.48,90
2026-06-25T18:00:00,2026-07-23T18:00:00,e0cda5b8f7dc67e792d1caf9c1fbf00f,3,388.03,34
2026-06-25T18:00:00,2026-07-23T18:00:00,e102c54dd9a72dbde6b9d0923bacd2c7,3,0.37,0
2026-06-25T18:00:00,2026-07-23T18:00:00,e25e7f29efbf3622b197c4695fde98ab,3,1.08,0
2026-06-25T18:00:00,2026-07-23T18:00:00,e27600d00c80fbda6c25b100000b9e2a,3,36.05,3
2026-06-25T18:00:00,2026-07-23T18:00:00,e32bbe9e6f647077b16d5fa1db5c1f49,3,0.72,0
2026-06-25T18:00:00,2026-07-23T18:00:00,e4302f81da2c8b1de23f48619a622ef5,3,5.57,0
2026-06-25T18:00:00,2026-07-23T18:00:00,e46caf89969b878ebde9261eb4bb1a60,3,5.72,0
2026-06-25T18:00:00,2026-07-23T18:00:00,e58775a56fc307c376a15b3a628ab787,3,85.35,7
2026-06-25T18:00:00,2026-07-23T18:00:00,e6249de5a384cdf7b872a2b16fe99253,3,2.90,0
2026-06-25T18:00:00,2026-07-23T18:00:00,e6d9e30e67f99f4aa7fdaeba57da7d1b,3,1.13,0
2026-06-25T18:00:00,2026-07-23T18:00:00,e7567a9fb18fddf13b2a1b3b55ea5d6e,3,70.87,7
2026-06-25T18:00:00,2026-07-23T18:00:00,e7b7b3b3ed0849d307a7a7b23dbfd8f1,3,33.50,3
2026-06-25T18:00:00,2026-07-23T18:00:00,e7cc899c9ac72f7e2a4b4db6a30c9df2,3,304.10,29
2026-06-25T18:00:00,2026-07-23T18:00:00,e7e5e82b98284adc4c1a29fd5650bbe3,3,23.43,2
2026-06-25T18:00:00,2026-07-23T18:00:00,e935388d6dfa7e2b9d54eee39b06b8f7,3,135.25,13
2026-06-25T18:00:00,2026-07-23T18:00:00,e96886a408f497d5941be96b38526a1c,3,0.68,0
2026-06-25T18:00:00,2026-07-23T18:00:00,ea4208531ff7f24f420d3fbcdccd5380,3,20.87,2
2026-06-25T18:00:00,2026-07-23T18:00:00,ea89792e7dbcf33e96dd5caff3064c05,3,541.23,52
2026-06-25T18:00:00,2026-07-23T18:00:00,ebd19348a184ba95f489c0a8506e1fd5,3,15.62,1
2026-06-25T18:00:00,2026-07-23T18:00:00,ebe52046a15b6ec8591ea988b520b9af,3,1.25,0
2026-06-25T18:00:00,2026-07-23T18:00:00,ec220a0d1d984af63be7863a0061a92d,3,0.87,0
2026-06-25T18:00:00,2026-07-23T18:00:00,ecf4b4168cf355b11fa06d6f35b80538,3,15.67,1
2026-06-25T18:00:00,2026-07-23T18:00:00,ed647a1fb4c3c3f797985832b62823dc,3,151.08,15
2026-06-25T18:00:00,2026-07-23T18:00:00,edd080072317ba00d96b50457dec4250,3,82.98,7
2026-06-25T18:00:00,2026-07-23T18:00:00,eea97f95cc0de663dfb8b30d5407397e,3,39.50,3
2026-06-25T18:00:00,2026-07-23T18:00:00,ef3fd25d1907ede236a5dbeadbb9fb4e,3,10.43,1
2026-06-25T18:00:00,2026-07-23T18:00:00,efc299611e6f0a07cfa8b4b27f01566b,3,16.78,0
2026-06-25T18:00:00,2026-07-23T18:00:00,f011425d9d76fcee95b581806f5eced6,3,0.25,0
2026-06-25T18:00:00,2026-07-23T18:00:00,f0196a3d1563727c6978c29653a58ed1,3,176.43,16
2026-06-25T18:00:00,2026-07-23T18:00:00,f01df3c8559492bcb99ba6dc75bff12e,3,210.88,19
2026-06-25T18:00:00,2026-07-23T18:00:00,f03f4fd17b212e988cfcea567367b3b1,3,1.55,0
2026-06-25T18:00:00,2026-07-23T18:00:00,f0c8fad56414b8e1a5162b677d18b732,3,9.27,0
2026-06-25T18:00:00,2026-07-23T18:00:00,f14b231f35f35124c704a181a0f3d55e,3,21.27,2
2026-06-25T18:00:00,2026-07-23T18:00:00,f16f917edcf55701202e701619f9b7b1,3,2.27,0
2026-06-25T18:00:00,2026-07-23T18:00:00,f1f6feeacf7e2e54440920cbf086fc25,3,2.50,0
2026-06-25T18:00:00,2026-07-23T18:00:00,f297ba060fa730527f0bd0e6758c66a1,3,41.03,4
2026-06-25T18:00:00,2026-07-23T18:00:00,f2dc535240bc3c82299ce63a74370b61,3,0.15,0
2026-06-25T18:00:00,2026-07-23T18:00:00,f53d74aacf050cf36baa29d871e51a1c,3,33.92,3
2026-06-25T18:00:00,2026-07-23T18:00:00,f65ada3d7d6be04ed733fc74b52d656b,3,85.90,8
2026-06-25T18:00:00,2026-07-23T18:00:00,f6c16f4523eda7b38bc948bc24ec9ed1,3,1.67,0
2026-06-25T18:00:00,2026-07-23T18:00:00,f6e1c3f9ea1422e554aa34e977229cce,3,1.52,0
2026-06-25T18:00:00,2026-07-23T18:00:00,f6fc6289850de45b52409df2afb67201,3,84.38,8
2026-06-25T18:00:00,2026-07-23T18:00:00,f7bad580495f7a75679cd6c4d6bb6773,3,0.20,0
2026-06-25T18:00:00,2026-07-23T18:00:00,f848e72def9ab946d04c923926726e44,3,967.87,59
2026-06-25T18:00:00,2026-07-23T18:00:00,f89b1b27c3a72582b5bdf75e04a06585,3,24.13,1
2026-06-25T18:00:00,2026-07-23T18:00:00,f8b6e6f0e211ff9cd83ae35c79a44c6f,3,0.93,0
2026-06-25T18:00:00,2026-07-23T18:00:00,f9a6fc70228caa9864c6ed52c2748b1e,3,1110.55,51
2026-06-25T18:00:00,2026-07-23T18:00:00,fa033f29719568fdffaa0b837b32ed79,3,10.57,1
2026-06-25T18:00:00,2026-07-23T18:00:00,fa4a913158f609dff71b6f0522d17ab3,3,418.67,40
2026-06-25T18:00:00,2026-07-23T18:00:00,fa589c10ce424caf7ad32573795c8d3d,3,26.38,2
2026-06-25T18:00:00,2026-07-23T18:00:00,fbaba9cb733351d746f2e2fe953762f5,3,0.25,0
2026-06-25T18:00:00,2026-07-23T18:00:00,fbd81818892505da74a9d6c048c49982,3,4.98,0
2026-06-25T18:00:00,2026-07-23T18:00:00,fc75af9c913c4f646b3665265b7d947f,3,348.52,27
2026-06-25T18:00:00,2026-07-23T18:00:00,fcaeafa5331ddaf8ffa9685988834d6a,3,2.85,0
2026-06-25T18:00:00,2026-07-23T18:00:00,fcd86dbfb2a28227eb8cf8c6d52be651,3,7.38,0
2026-06-25T18:00:00,2026-07-23T18:00:00,fd0cde1ccc5d6ea13308b092dffc6b85,3,382.42,35
2026-06-25T18:00:00,2026-07-23T18:00:00,fe956ecd204318c98986f513df76ba44,3,36.75,3
2026-06-25T18:00:00,2026-07-23T18:00:00,ff2f9ff77974a468adc907dfa574dad9,3,2.45,0
2026-06-25T18:00:00,2026-07-23T18:00:00,ff78eab45a44dda86e192b4121f49c0f,3,4.00,0
2026-06-25T18:00:00,2026-07-23T18:00:00,ff8358ff94c001dad8328c1f3a6f334e,3,80.28,8
